,code,lon,lat
86,2301,3.923062462141582,51.2152467378166
95,2528,3.7523857018179028,51.26978071362683
121,2302,3.6826435232271777,51.61762734266361
143,2301,3.7137275665487484,51.636879409751664
145,2301,3.7249103290549006,51.685891075420834
147,2301,3.7279849678067967,51.71879262238651
148,2301,3.738135651985431,51.69365097961763
155,2302,3.8229684565241966,51.73907540640256
158,2301,3.85251358052791,51.73809000872327
160,2301,3.9844150539786054,51.61729998437689
190,2301,3.70372927552957,51.67017177734612
602,2501,4.083420800000002,51.67121425
622,2301,3.7018128085199855,51.67107883278775
623,2301,3.709043154680296,51.66775569242949
624,2301,3.645306877407499,51.59023734795571
682,2301,3.8037681488146453,51.737087679862285
715,2303,3.9773739697444275,51.2250857801956
746,2301,3.788780369096054,51.22623581533263
747,2502,3.8002012628962323,51.226069177472425
749,2504,3.7992056565022927,51.22782576241765
750,2301,3.8006455570847377,51.23072276155959
753,2304,3.8294865131038476,51.23417917701738
755,2301,3.9033394632831806,51.23499587525526
757,2501,3.9740088916929657,51.22701317247495
767,2501,3.9087689839078386,51.26729371797689
773,2543,3.846125340453197,51.31299245736066
775,2301,3.8578457652404645,51.32210574286852
781,2501,3.835607600540643,51.327068319302036
783,2301,3.8262954933422963,51.338210266415
786,2518,3.3858190414943956,51.30942594858469
787,2301,3.3850014764298773,51.308936363460646
788,2514,3.3854583550988475,51.30784403081793
789,2301,3.384006606866268,51.309575219494256
790,2520,3.3842129218569923,51.309521810533326
793,2303,3.385297977617267,51.30841786349245
794,2520,3.384308265968689,51.30947602924959
795,2518,3.386687993110613,51.30931582016233
796,2514,3.38454237138992,51.3093373307611
798,2301,3.385226656992286,51.34783374018847
802,2301,3.3897374434053607,51.380332322610016
1192,2304,3.4130325275146127,51.36532639780883
1216,2301,3.4851731522884,51.24987795810744
1218,2301,3.4413789477942585,51.27364264240802
1221,2301,3.4414135826969114,51.27397912431509
1223,2304,3.4407088723536847,51.27319843642562
1227,2303,3.4878188584591245,51.326562517132665
1228,2301,3.489392352867792,51.32683547350111
1230,2304,3.4862656074576805,51.323227104183424
1231,2502,3.4893144498842656,51.32758266245217
1232,2301,3.4896054958080382,51.32750408173654
1234,2302,3.4899742437148134,51.32615696968794
1235,2544,3.498359831187506,51.334037790677776
1236,2561,3.493265257599068,51.32768192091666
1238,2512,3.489359133824951,51.32661358634312
1240,2302,3.489720569678359,51.32742577900779
1241,2541,3.497090693857459,51.331740512732736
1435,2301,3.4864302075327775,51.39854457512186
1438,2302,3.487415103420431,51.39534616777867
1440,2501,3.487825817412867,51.39559763341596
1442,2301,3.470060777729622,51.39481559754439
1443,2301,3.5366897954462777,51.40534776799604
1444,2501,3.5487124663523955,51.39579936714159
1445,2301,3.529859730878396,51.40596308874673
1446,2501,3.56094510234561,51.39591745347508
1447,2301,3.493797236454765,51.40092526188591
1448,2301,3.500001157830502,51.403189159482295
1450,2520,3.5577257737640093,51.39648313234206
1451,2512,3.5573317337108907,51.39668213966551
1453,2542,3.5578403992289322,51.39692401336678
1458,2301,3.617961474416755,51.319993030536956
1460,2304,3.617092215832488,51.3235127395525
1461,2501,4.065631380722291,51.249011435673296
1463,2301,4.054573281042683,51.34606854927073
1467,2512,4.051432783226208,51.281319182674494
1468,2301,4.052945510673757,51.27968540250401
1469,2561,4.050862780197416,51.28124928887108
1470,2302,4.0528394823257505,51.279603898129146
1471,2501,4.051267639437522,51.278638683497995
1472,2504,4.047552803166179,51.277176674823046
1476,2543,4.0505375043199585,51.27895166231532
1477,2304,4.054406267140457,51.280141964673994
1479,2301,4.048632442102211,51.276341515850845
1480,2501,4.050849455282862,51.27880243163312
1481,2301,4.0509165496000685,51.27883280405535
1482,2525,4.050830112784292,51.27875134534871
1483,2516,4.050475700224691,51.27902731460604
1484,2302,4.053592207515067,51.279776859385684
1485,2301,4.053094758022969,51.279741758214946
1504,2304,3.7672981397564063,51.43085433216646
1517,2301,3.7339646752524054,51.46221024861259
1526,2301,3.7243249031889145,51.683962751635306
1529,2568,3.813087805286029,51.73165410007202
1532,2301,3.9199872742337436,51.63094505213381
1557,2511,3.9860710629815053,51.623236344260015
1565,2301,3.575373434009908,51.44041165205486
1566,2301,3.569351211152042,51.44207276466247
1569,2302,3.5750662562140283,51.43983443104136
1570,2512,3.5747897550420262,51.44405962206882
1573,2302,3.5683492279147897,51.44375061558244
1580,2504,4.143225003384528,51.54984720043327
1591,2543,3.5694127226167374,51.45849336374635
1597,2301,3.517354962927037,51.47246944568375
1598,2301,3.51579174911491,51.47430766769401
1604,2301,3.5537378619741737,51.483290711412764
1605,2502,3.525027288453998,51.49917779002509
1606,2515,3.5232202630549043,51.49781523746428
1609,2302,3.5236857569547975,51.49797420533198
1610,2301,3.4973923809928134,51.49388162418303
1612,2301,3.493978053072792,51.49796562013628
1617,2301,3.4863257856391576,51.49964926499781
1618,2301,3.4773821429174783,51.50218829062995
1619,2302,3.4631253779126885,51.508538407148556
1620,2542,3.496404156163076,51.49830694186353
1627,2301,3.435807379110664,51.535624301344534
1630,2520,3.4416626196305806,51.52765020034945
1633,2302,3.440546273264049,51.52783591141845
1634,2513,3.4390863450763614,51.52707665668635
1635,2516,3.440190186155967,51.52725837662437
1642,2501,3.5100004479471845,51.546094021346775
1644,2301,3.5566079541819557,51.52035253705595
1647,2301,3.601527901863342,51.554813108430196
1649,2564,3.592740637681894,51.542016351311446
1650,2543,3.5971175779881817,51.54297681718139
1652,2301,3.4752290418662883,51.55714610003954
1653,2301,3.4887164438673044,51.56331509230012
1654,2301,3.4712173500000003,51.55502619999999
1655,2301,3.491079989559222,51.5644211057897
1662,2301,3.548788673312647,51.56548456131169
1665,2301,3.529182833734025,51.57810843324337
1666,2301,3.5412699081412544,51.583189914014845
1667,2301,3.534217691085532,51.579952256563814
1669,2542,3.55674556660089,51.564330251435585
1673,2511,3.551020248028118,51.55546606127755
1675,2302,3.54484027860406,51.57921916627354
1678,2304,3.643387769597725,51.56079863686624
1679,2303,3.5798067963957454,51.594090651848184
1691,2302,3.6632767515661975,51.59047335357629
1695,2304,3.699846889746264,51.56688507148927
1696,2301,3.7088731143989015,51.57538842096683
1700,2502,3.8032983743817534,51.555316687849746
1709,2303,4.19135551849025,51.422569574066344
1714,2512,4.119564090597694,51.42697225733652
1716,2301,4.0226242053081736,51.45705985187395
1720,2547,4.040951942962783,51.47278237898778
1723,2301,3.984027833494175,51.524134041736936
1728,2547,3.9605838722533826,51.47852659481708
1730,2515,3.9594889695659368,51.486725463191405
1738,2528,3.9108895353972195,51.49900344358945
1739,2547,3.9145101017578954,51.49039506525236
1740,2303,3.928175115582229,51.53922020364044
1742,2501,3.8223968844395495,51.53036117058492
1750,2547,3.840931624119002,51.501534544661936
1754,2541,3.896375629029528,51.49671376778298
1756,2563,3.877598975375324,51.491226277295475
1757,2541,3.883576754918089,51.48251903130631
1758,2564,3.8839150423552793,51.49472633086723
1759,2564,3.8775503945784062,51.48501095766686
1760,2301,3.88088985,51.4977026
1761,2541,3.8818467601224667,51.49379529483557
1771,2304,3.890097699429785,51.50493001231155
1772,2301,3.890780826828521,51.50488319090154
1784,2543,3.6402574770294605,51.493465097501954
1786,2564,3.6001032981268626,51.50544171769887
1787,2542,3.6004470841623992,51.505474822658066
1789,2501,3.6123283997933133,51.509118123934584
1798,2302,3.616999490273985,51.5041448301915
1801,2301,3.6206681514732995,51.502983926390904
1802,2302,3.6163896507405613,51.500012807992476
1811,2304,4.051084130043663,51.281919262697194
1835,2511,3.8545785075858356,51.30623658917717
1926,2501,4.042852463037674,51.446431311365934
1950,2542,4.042344280037128,51.44669886302321
1960,2304,4.080230969676014,51.2518099980119
1965,2502,3.6882802368482985,51.32955101091017
1978,2301,3.6992197521618064,51.637842889258394
2079,2501,3.491632334928778,51.325133601322314
2221,2301,3.556427596276128,51.45047715169878
2225,2502,3.9776779088486887,51.224688185725036
2226,2302,3.9771258856667173,51.22517421335951
2245,2564,3.8814263413462537,51.49347768617865
2246,2564,3.881473607184898,51.49344658416237
2321,2501,3.8461600282743,51.73279826193477
2336,2541,3.8837501092045636,51.483643530660196
2338,2564,3.877931206664649,51.48473996639125
2339,2564,3.87810372131302,51.484647532457394
2341,2303,3.9166007475767737,51.42169523329858
2374,2307,3.43500565,51.5275353
2394,2301,3.420657208062963,51.38915493113501
2404,2301,3.4115833591538807,51.38578285693341
2605,2301,3.82413092705003,51.74380234107047
2616,2511,3.4662930840290405,51.50987225035755
2741,2303,3.5312487429003805,51.47541371388724
2743,2543,3.8747958632958133,51.50711580013108
2790,2564,4.04333165,51.276690200000004
2827,2501,3.844316166340604,51.59929504712537
2833,2303,3.483593980199011,51.499906312493096
2956,2564,3.615863900570715,51.5719535451705
2990,2564,4.052053624674225,51.48091477330747
3186,2544,4.166649206617825,51.29091501716798
3188,2301,3.4552868631227303,51.39277010287951
3292,2301,3.8750822984906272,51.50635578167565
3569,2301,3.77397365,51.72629305
3571,2302,3.8147516944743685,51.69783197296966
3574,2301,3.389561579383592,51.38030823026499
3581,2303,3.560337396079263,51.395791465597775
3619,2304,3.8882349840226165,51.20073926203988
3824,2601,3.820843049999999,51.529962000000005
3848,2301,3.3893187396218383,51.38018568492635
3851,2301,3.5226721431292094,51.46727859331212
3858,2302,3.7283791186756057,51.718786776683956
3871,2566,3.5158218721973524,51.55624039950957
3894,2501,3.9638462608422365,51.47553201554005
3897,2566,3.5473660999999996,51.40074520000001
3919,2501,3.699179630643822,51.57305034974384
4131,2307,3.773898273282109,51.73255055492164
4132,2307,3.7737863807152725,51.732516692844335
4133,2307,3.773806781849397,51.73234363882582
4134,2307,3.7739311889112095,51.73228236366227
4135,2307,3.774049469497446,51.73221415349413
4136,2307,3.7746726702393882,51.73193094625271
4137,2307,3.774064994617859,51.73268890893155
12,2501,3.6076343,51.4962806
13,2501,3.5703253,51.4449981
14,2501,4.0443538,51.2772998
15,2501,3.5969221,51.5040184
16,2501,3.6030395,51.4891935
17,2501,3.9052691,51.6547698
18,2501,3.44453,51.275
19,2501,3.5854783,51.4532371
20,2501,3.614472,51.3198266
21,2501,4.0444183,51.2769878
22,2501,4.1113731,51.4309873
23,2501,3.7020167,51.5729117
24,2501,3.7733502,51.7318514
25,2501,4.1069254,51.6021216
26,2501,3.6216995,51.4927117
27,2501,3.9059339,51.4598249
28,2501,3.8847448,51.4989558
30,2304,3.9824363,51.6251916
39,2542,3.8901133,51.5080191
40,2542,3.8828155,51.5046774
41,2301,3.4483478,51.5173673
46,2601,3.7870316,51.2264316
51,2301,3.8006403,51.2278115
52,2514,3.799706,51.2280211
54,2514,3.8013555,51.2270202
55,2301,3.8012578,51.2272673
56,2301,3.8010378,51.2266784
58,2303,3.8004668,51.2268869
59,2304,3.8005688,51.22684
64,2304,3.8274151,51.2332403
79,2301,3.3943607,51.3007544
94,2501,3.6048335,51.5858507
95,2301,3.604904,51.5856135
96,2301,3.6175294,51.5815202
97,2501,3.6171779,51.5772858
98,2502,3.6173716,51.5762515
99,2301,3.617178,51.5763907
100,2301,3.6169158,51.5762738
101,2301,3.6160182,51.576561
102,2301,3.6157785,51.576653
103,2302,3.6257265,51.585491
104,2301,3.6258263,51.5848997
105,2301,3.6147496,51.5772192
106,2303,3.6039401,51.592875
107,2501,3.6065807,51.5857428
109,2303,3.582512,51.5825027
116,2301,3.4201823,51.2706897
119,2301,3.818656,51.2292473
123,2301,3.8404167,51.7378388
124,2301,3.840237,51.7377691
128,2566,3.7718541,51.7295706
132,2501,3.8560416,51.3088601
133,2601,3.8887779,51.5006963
134,2602,3.8897994,51.5034385
135,2602,3.890603,51.5048574
136,2602,3.879192,51.513638
137,2602,3.8944089,51.4931422
141,2542,3.8417738,51.7383079
142,2301,3.8395578,51.7376667
147,2301,3.9225723,51.2149011
148,2541,3.8482113,51.3063731
150,2304,3.8007356,51.2288137
151,2301,3.5339452,51.4011008
164,2514,3.9087935,51.2665384
165,2514,3.7360793,51.6920995
166,2514,3.5606987,51.3959421
167,2514,3.6077498,51.49609
168,2514,4.0935005,51.6604127
172,2524,3.5878259,51.4573416
173,2301,3.4582077,51.5108855
177,2518,3.9089423,51.2665594
178,2518,3.887251,51.503165
179,2518,3.5858322,51.4552929
180,2518,3.7359764,51.692139
181,2518,3.9230958,51.6486936
182,2518,4.044623,51.2766479
183,2518,4.0931681,51.6605086
192,2521,3.487594,51.326807
193,2521,4.0534012,51.2823269
194,2521,3.9189728,51.6507222
195,2521,3.5927724,51.5480056
196,2521,3.6150968,51.4989926
202,2304,4.0786245,51.5492775
203,2501,4.0779066,51.5498197
204,2301,3.5468913,51.5777565
205,2302,3.469581,51.5058411
208,2564,3.5843481,51.453174
209,2602,4.1800363,51.4169359
210,2301,3.8952303,51.7401748
219,2302,3.8299284,51.7380664
489,2301,3.7837861,51.7418554
490,2501,3.752947,51.7263901
491,2301,3.8908573,51.5042984
492,2304,3.8908618,51.5042625
493,2301,3.8907609,51.5046345
496,2501,3.7290064,51.7177647
498,2301,3.3719165,51.3726264
500,2302,3.6746218,51.5965192
502,2301,3.5876464,51.4488828
505,2602,3.4973938,51.5637756
507,2301,3.4961208,51.5660504
514,2543,3.4383046,51.5269468
515,2301,3.4388013,51.5272502
516,2601,3.4372368,51.5269067
517,2301,3.438216,51.5271271
519,2303,3.440055,51.5277432
520,2301,3.4394479,51.5275974
525,2512,3.8256562,51.338451
526,2517,3.8452643,51.319713
527,2505,3.828754,51.3375752
528,2543,4.0463173,51.2776152
529,2303,3.6163799,51.5765028
530,2602,3.6172205,51.577216
532,2301,3.8186493,51.4941697
533,2511,3.822083,51.4926558
534,2501,3.8197966,51.4716886
535,2511,3.7701157,51.4530125
536,2305,3.7696596,51.4524373
537,2502,3.8453254,51.3195124
540,2305,3.8907584,51.5046789
544,2303,3.8772865,51.4333187
545,2501,3.8767501,51.434322
613,2601,3.6669463,51.5490354
614,2602,4.089185,51.2695793
615,2602,3.847697,51.6011671
616,2303,3.5563686,51.3978044
620,2303,3.596774,51.4411382
628,2301,3.784918,51.7409551
630,2601,3.9568031,51.4858715
631,2602,3.8021557,51.557174
633,2303,3.4971172,51.5666928
634,2602,3.5999951,51.4641979
635,2602,3.8220294,51.4281397
636,2601,3.3816076,51.3098643
637,2602,4.0139191,51.5860077
638,2302,4.1830523,51.4160269
639,2302,3.7609689,51.2813047
641,2542,3.833188,51.3311895
652,2301,3.8443978,51.7392042
661,2543,3.8003845,51.2270508
668,2568,3.7784066,51.7394004
670,2301,3.6346285,51.4793822
673,2301,3.5065836,51.3796732
674,2301,3.506954,51.3796653
677,2503,3.9864665,51.6178592
680,2566,3.9868319,51.6178693
683,2602,3.8354445,51.2805376
684,2602,3.9077093,51.265233
685,2602,3.9690391,51.2296377
686,2602,4.1045167,51.3286345
687,2602,3.9133452,51.312949
688,2602,3.8007616,51.2290974
689,2601,4.0123556,51.3675889
690,2602,3.7775271,51.30919
692,2301,3.8422767,51.7284475
699,2303,3.4481378,51.2413485
707,2602,3.7999323,51.2280486
709,2521,3.6694285,51.5479374
711,2512,3.496132,51.5632683
712,2303,3.49707,51.5624921
714,2301,3.4947525,51.5625122
715,2301,3.4950261,51.5625888
716,2512,3.4972651,51.5637708
717,2301,3.4970191,51.5634442
734,2301,3.8087212,51.5508643
735,2501,3.8081964,51.5509569
736,2302,3.8085857,51.5509525
737,2301,3.8045711,51.5550397
743,2301,3.7591873,51.2800829
744,2301,3.7602307,51.2812892
745,2301,3.7592222,51.2803514
746,2301,3.7604265,51.2806567
747,2301,3.7614269,51.2818394
748,2301,3.7601315,51.2803497
752,2516,3.7603273,51.2805365
753,2501,3.7611496,51.2818355
754,2301,3.8277017,51.3375996
756,2512,3.8269232,51.3372136
760,2592,3.8453516,51.7389276
761,2301,3.3884407,51.3064154
762,2564,3.631985,51.4824473
764,2543,3.6226023,51.4807336
765,2303,3.5714464,51.4440888
766,2602,3.5720777,51.4455679
769,2301,3.5738236,51.4405466
770,2301,3.5748249,51.4410012
772,2301,3.5716853,51.4454052
773,2301,3.5749387,51.4440804
775,2602,3.5717281,51.4449346
776,2602,3.5745149,51.4442358
777,2301,3.5691567,51.444773
778,2301,3.5728018,51.4455369
779,2301,3.5614605,51.4486366
780,2301,3.5677181,51.4442802
781,2303,3.5633407,51.4468028
782,2301,3.5662804,51.4450392
783,2301,3.5634157,51.4465252
784,2301,3.5631473,51.4466881
785,2303,3.553262,51.4497777
786,2301,3.566951,51.444638
787,2301,3.5782228,51.4413032
788,2303,3.5964955,51.4440374
789,2301,3.5767288,51.4408167
790,2304,3.5761223,51.4432533
791,2303,3.5860682,51.455621
792,2564,3.5873923,51.4553001
793,2564,3.5806755,51.4552723
794,2301,3.5644549,51.4461263
795,2301,3.5540978,51.4532443
796,2564,3.5859072,51.4545275
797,2302,3.5829596,51.4647151
798,2301,3.5644818,51.4480855
799,2303,3.5824294,51.4652907
800,2301,3.5285402,51.4642037
801,2301,3.5274267,51.4630317
802,2301,3.5496652,51.4556807
803,2503,3.9192444,51.655141
804,2561,3.5587783,51.464849
805,2528,3.5514076,51.4620517
806,2518,3.5523855,51.462322
807,2513,3.5517837,51.4622044
808,2501,3.5509302,51.4618278
809,2502,3.5515363,51.4621152
810,2602,3.5521581,51.4623091
811,2542,3.557169,51.4635022
812,2561,3.5825927,51.4654732
813,2518,3.585291,51.4530628
814,2602,3.5828889,51.4660383
815,2516,3.5826625,51.4656469
816,2541,3.5826887,51.453006
817,2541,3.5825597,51.4527519
818,2541,3.58808,51.4567699
819,2541,3.5872163,51.4571443
820,2541,3.5829945,51.4534639
821,2541,3.5835149,51.4542595
822,2541,3.5879244,51.4562083
823,2541,3.584459,51.4535776
824,2602,3.5857433,51.4555306
825,2502,3.5743056,51.4440103
826,2502,3.574429,51.4469375
827,2520,3.5725991,51.4453519
828,2513,3.5740267,51.4468639
829,2512,3.5735678,51.444983
830,2512,3.5737845,51.4447416
831,2602,3.5732086,51.4432937
832,2568,3.5737745,51.4476329
837,2302,3.5747473,51.4407094
841,2301,3.6211853,51.5860717
842,2512,3.5752091,51.4434588
843,2561,3.57631,51.4430795
844,2301,3.5764282,51.4432122
845,2561,3.5751459,51.4432033
852,2301,3.5518063,51.5653967
853,2601,3.5540314,51.5670092
854,2301,3.5514994,51.5653653
856,2602,3.5541173,51.5670459
859,2501,3.8003766,51.225816
860,2501,3.8451291,51.3198396
861,2602,3.3843712,51.3086642
862,2501,3.3879106,51.3778287
864,2302,3.6177717,51.5767962
882,2301,4.1039508,51.5492157
883,2564,4.1032827,51.5491047
884,2302,3.604022,51.4643837
885,2301,3.6039489,51.4643815
889,2301,3.5750876,51.4441436
901,2502,3.5112313,51.5147488
918,2501,3.4848158,51.4998822
921,2512,3.4830823,51.500175
922,2301,3.4833679,51.5000972
923,2301,3.4835766,51.5000614
924,2301,3.4840803,51.5000402
925,2543,3.4846096,51.4999052
949,2505,3.6138392,51.4991627
950,2524,3.606606,51.496911
952,2302,3.6694947,51.5495879
957,2302,3.4845684,51.5000333
958,2301,3.4759404,51.5060203
959,2302,3.4837619,51.500044
960,2301,3.4823519,51.5004243
961,2301,3.4825414,51.5007613
962,2520,3.482759,51.5002799
963,2512,3.485034,51.4998671
964,2515,3.4841906,51.4998899
967,2512,3.4857976,51.5002613
969,2501,4.0525293,51.2753217
970,2501,4.0620726,51.2856834
980,2602,4.0062071,51.4477264
981,2501,4.00603,51.4476094
982,2304,4.0545993,51.3430959
983,2542,4.0555998,51.3432283
984,2304,4.0544193,51.3460443
985,2304,4.0560826,51.2821966
986,2301,4.0567478,51.281945
987,2304,4.0570348,51.2816967
989,2301,4.0512109,51.2777758
990,2301,4.0532207,51.2797215
991,2301,4.0512109,51.277707
993,2301,4.0504896,51.2761993
994,2501,4.0474852,51.2774981
995,2301,3.4880056,51.3952299
996,2302,3.487486,51.3953275
997,2304,3.4871587,51.3972286
998,2301,3.4866464,51.3969859
999,2302,3.4862629,51.3984268
1002,2301,3.7218688,51.5897798
1003,2501,3.7221657,51.5898223
1006,2303,4.033667,51.3818947
1016,2303,3.8944033,51.3942391
1018,2564,3.8168414,51.7306077
1026,2302,3.4966957,51.5626743
1032,2301,3.8157846,51.5466642
1040,2543,4.043442,51.272412
1041,2564,3.7050898,51.5747984
1042,2304,3.4416824,51.2739092
1049,2602,3.7994452,51.2272145
1069,2301,3.4354358,51.5276753
1070,2305,3.4353794,51.5275854
1073,2518,4.1118104,51.4310229
1074,2502,4.1118253,51.4307747
1075,2542,4.1179427,51.4284124
1076,2516,4.1116135,51.4308339
1077,2543,4.1140879,51.430178
1078,2564,4.1278584,51.4280542
1080,2305,4.1121088,51.4308925
1081,2512,4.1129775,51.430061
1082,2512,4.1127547,51.4307947
1086,2513,4.1120586,51.4308263
1087,2541,4.1277082,51.4280509
1089,2541,4.1280086,51.4276629
1090,2528,4.1140718,51.4296563
1091,2602,4.1124512,51.4309899
1092,2561,4.1130952,51.4299249
1093,2512,4.1134281,51.4300543
1100,2501,3.8351608,51.2806321
1102,2502,3.8343508,51.2805483
1103,2301,3.8376231,51.2814509
1105,2561,3.831395,51.2832862
1106,2301,3.835944,51.2811455
1107,2301,3.8224073,51.7418683
1108,2542,3.556075,51.5679689
1112,2502,3.5525449,51.5656149
1114,2301,3.4915514,51.5607862
1116,2518,3.4876247,51.5588585
1120,2304,3.4968784,51.5623569
1122,2514,3.4984372,51.564347
1123,2502,3.4949686,51.5623636
1125,2518,3.5516114,51.5651648
1127,2501,3.4877534,51.5589252
1130,2303,3.4948986,51.5623105
1132,2502,3.4875281,51.5589219
1134,2304,3.4970099,51.5625236
1139,2305,3.4969722,51.5623769
1143,2305,3.4916684,51.5608181
1144,2590,3.4915772,51.5609048
1145,2563,3.5022738,51.5647448
1150,2521,3.4962277,51.5628923
1162,2520,3.4967458,51.5640762
1167,2561,3.4976009,51.563674
1171,2302,3.4967492,51.5626044
1173,2512,3.4975083,51.5636448
1174,2303,3.4989234,51.5666377
1179,2512,3.5521242,51.5655179
1257,2301,3.7864467,51.7389519
1258,2501,3.7891434,51.7393187
1263,2547,3.7852215,51.7395383
1264,2542,3.7731552,51.7315896
1265,2304,3.9483376,51.2323481
1272,2304,3.4949048,51.2713651
1285,2520,3.6690897,51.548127
1296,2592,3.6053542,51.4965877
1298,2602,3.6116629,51.4988931
1357,2501,3.4365749,51.5278897
1358,2502,3.4370959,51.5269302
1360,2302,3.438559,51.5250147
1365,2302,3.4404159,51.5277896
1368,2514,3.4420037,51.5279164
1369,2302,3.4350916,51.5274088
1370,2302,3.43505,51.5276741
1373,2501,3.4539466,51.5338914
1377,2502,3.7715712,51.7314661
1378,2502,3.7728993,51.7321168
1380,2502,3.7426901,51.6972796
1394,2542,3.74224,51.698836
1395,2501,3.8139517,51.5465038
1406,2501,3.6732041,51.5917659
1407,2301,3.6726784,51.5918542
1409,2566,3.6733543,51.591646
1411,2302,3.6634328,51.5935347
1412,2501,3.604443,51.4651097
1426,2301,3.498769,51.5639941
1427,2502,3.4968343,51.5634957
1431,2501,3.5002573,51.5598991
1435,2302,3.6661343,51.5487899
1436,2542,3.9140504,51.6495089
1437,2502,4.0895244,51.2672112
1440,2302,3.7736431,51.73255
1441,2301,3.7737204,51.7325953
1449,2301,3.9230488,51.2152578
1485,2561,3.7983961,51.2273681
1488,2301,3.800259,51.2274685
1490,2501,3.7995371,51.2271189
1493,2304,3.8000332,51.2287523
1497,2521,3.8335428,51.2342351
1498,2543,3.8277178,51.231279
1499,2542,3.8257851,51.2308179
1500,2301,3.9673794,51.2302384
1502,2301,3.9771727,51.2254051
1504,2302,3.7605594,51.2808427
1506,2301,3.760334,51.2816037
1507,2301,3.7601932,51.2809919
1508,2301,3.6880476,51.3293874
1512,2304,3.6623925,51.3381478
1516,2542,3.7784294,51.309422
1517,2501,3.7781731,51.3092906
1518,2521,3.7754,51.3072001
1519,2543,3.7739306,51.3066211
1521,2516,3.7787175,51.3067506
1522,2301,3.7778974,51.3097684
1523,2502,3.7788529,51.3097051
1524,2544,3.9084809,51.2741222
1525,2304,3.9081642,51.2649005
1526,2304,3.9082905,51.2650021
1527,2515,3.9089222,51.2663645
1528,2514,3.907716,51.2658296
1530,2501,3.9085398,51.2665395
1531,2301,3.9092893,51.2634195
1533,2304,3.8859689,51.346755
1535,2301,3.8711956,51.3124796
1540,2541,3.8465581,51.3034341
1541,2302,3.853474,51.3049472
1542,2501,3.8620979,51.33057
1545,2561,3.8619594,51.3304787
1546,2501,3.8466786,51.3201058
1548,2514,3.8455774,51.3195803
1549,2564,3.8401209,51.3138723
1550,2601,3.8457654,51.320209
1551,2514,3.8459772,51.3202768
1552,2518,3.8461938,51.3203601
1557,2501,3.8475308,51.3323824
1559,2601,3.8279857,51.3352545
1560,2301,3.8226605,51.3401474
1562,2304,3.8296474,51.3363527
1563,2501,3.8282173,51.3338746
1564,2301,3.8284969,51.3370212
1566,2601,3.8291142,51.3362265
1568,2302,3.8286535,51.3349453
1569,2305,3.8280515,51.3365231
1570,2301,3.8310192,51.3335534
1571,2543,3.8310848,51.3250408
1574,2301,3.824677,51.3384631
1576,2512,3.8276226,51.3366373
1578,2502,3.8256707,51.3387674
1579,2512,3.8258051,51.3387431
1580,2515,3.8272868,51.3370232
1582,2567,3.8269546,51.337173
1583,2514,3.8269473,51.3374135
1584,2305,3.8279825,51.3360637
1585,2521,3.8281513,51.3385605
1586,2301,3.8234763,51.3390814
1587,2301,3.8258379,51.3380178
1588,2544,3.8280508,51.3323048
1589,2514,3.8261316,51.3380447
1590,2543,3.8283567,51.331529
1591,2501,3.3799902,51.3098351
1592,2301,3.3877852,51.3073538
1593,2301,3.3833416,51.3081218
1594,2301,3.3843344,51.3085919
1595,2512,3.3860486,51.3093837
1596,2522,3.3861589,51.309439
1597,2526,3.3864133,51.3082351
1598,2301,3.3867616,51.3091099
1599,2301,3.3639577,51.313206
1600,2514,3.3865762,51.3080776
1601,2526,3.3861913,51.3075694
1603,2519,3.3854736,51.3092272
1605,2512,3.3870726,51.3078561
1607,2301,3.3888068,51.3064959
1608,2512,3.3875377,51.307539
1609,2502,3.3845528,51.3099457
1610,2301,3.3889331,51.3063767
1611,2514,3.3864117,51.3086102
1612,2301,3.3850282,51.3087298
1613,2512,3.3839833,51.3100789
1614,2301,3.3849434,51.3088159
1616,2301,3.3857494,51.3092658
1617,2301,3.3880606,51.3071724
1618,2547,3.3878311,51.3067623
1620,2301,3.3840053,51.3475467
1623,2518,3.3868255,51.3775216
1624,2303,3.3779553,51.3768822
1625,2301,3.397973,51.3819829
1626,2602,3.3885946,51.3779888
1628,2301,3.4094341,51.3676892
1631,2302,3.3984926,51.3805868
1633,2301,3.3889271,51.3781699
1634,2301,3.388253,51.3778632
1635,2502,3.3881774,51.3778305
1636,2301,3.4052043,51.3839225
1637,2301,3.3874572,51.3776971
1638,2542,3.3873437,51.3776871
1639,2502,3.3851267,51.3775562
1640,2561,3.38458,51.3778156
1641,2529,3.3843691,51.3777749
1642,2566,3.3842741,51.3777569
1646,2304,3.4187731,51.2582361
1647,2302,3.4497851,51.2467226
1650,2501,3.48359,51.3260497
1651,2541,3.4855859,51.3235358
1653,2302,3.4862932,51.3232852
1655,2544,3.4831638,51.3216806
1656,2301,3.4637509,51.3781828
1657,2502,3.5054711,51.3797904
1658,2301,3.5070458,51.3796689
1659,2301,3.4955196,51.3870759
1660,2301,3.505312,51.3799523
1661,2301,3.4700627,51.394806
1662,2521,3.5589064,51.3947249
1664,2529,3.5608561,51.3944207
1665,2514,3.5589298,51.3967988
1666,2524,3.5590625,51.3957518
1667,2302,3.5590779,51.3967608
1669,2301,3.5594677,51.3966155
1670,2301,3.5581209,51.3969327
1671,2301,3.5578506,51.3964082
1672,2301,3.5355591,51.4034988
1673,2303,3.5596256,51.3965661
1674,2543,3.5002232,51.3346428
1675,2302,3.5597389,51.3965216
1676,2502,3.5603961,51.3953916
1678,2301,3.5599088,51.3964574
1681,2301,3.5603767,51.3962341
1682,2301,3.5604101,51.3962087
1683,2512,3.5584973,51.3969538
1684,2602,3.5610988,51.39562
1685,2301,3.5586741,51.3968968
1687,2301,3.5563453,51.3533856
1688,2302,3.5557403,51.353902
1689,2501,3.5554233,51.3536303
1690,2516,3.5552833,51.3537655
1691,2542,3.5560818,51.3530567
1694,2502,4.0519745,51.2623231
1696,2301,4.0685826,51.2618918
1697,2529,4.0684666,51.2616952
1698,2301,3.969561,51.3958909
1699,2303,4.0090147,51.3885428
1703,2301,4.0087927,51.3716303
1705,2501,4.0167127,51.3690358
1706,2541,4.032534,51.2723318
1707,2512,4.0526555,51.2797621
1709,2502,4.0525914,51.2797338
1710,2512,4.0530355,51.2804286
1711,2542,4.0528771,51.2805197
1712,2514,4.0524612,51.2796921
1713,2501,4.0444992,51.2765956
1715,2304,4.0534066,51.2800584
1717,2303,4.0474444,51.2772708
1718,2512,4.0469885,51.277255
1719,2517,4.0471767,51.2770395
1720,2514,4.0477446,51.2771332
1721,2513,4.0479094,51.2770575
1722,2543,4.0448204,51.2775883
1723,2561,4.0504395,51.2785859
1724,2520,4.0515674,51.2792282
1725,2514,4.0516237,51.2792648
1726,2515,4.0528663,51.2798392
1727,2304,4.0533085,51.2800143
1728,2512,4.0529303,51.2806642
1729,2304,4.0532222,51.2799933
1738,2542,4.0590262,51.2834938
1741,2304,4.0895225,51.2676203
1742,2301,4.0895174,51.2657774
1743,2302,4.1650313,51.2927284
1744,2303,4.1488132,51.3277329
1746,2303,3.8157269,51.3896936
1748,2566,3.8264161,51.4137192
1749,2301,3.3848118,51.309856
1751,2547,3.7790615,51.4519372
1752,2301,3.8117074,51.474425
1754,2515,3.8125412,51.4740844
1756,2305,3.818576,51.4713629
1758,2542,3.8157389,51.4722428
1759,2561,3.8151559,51.4723258
1760,2514,3.819497,51.4716756
1761,2601,3.8176501,51.4724316
1763,2502,3.8166526,51.4722239
1764,2514,3.8157156,51.4728957
1766,2502,3.8179226,51.4826065
1770,2501,3.8209982,51.4290158
1771,2502,3.8199868,51.429587
1775,2602,3.8993327,51.4581597
1776,2502,3.9067475,51.4599304
1777,2546,3.9013433,51.4568343
1779,2543,3.8828218,51.4512047
1816,2561,3.7546335,51.4760473
1817,2303,3.7297205,51.4955053
1818,2301,3.8574828,51.6784945
1819,2303,3.7549516,51.6743016
1821,2301,3.8114471,51.6989075
1824,2303,3.7034634,51.6745287
1825,2542,3.7354724,51.6918659
1828,2302,3.7053324,51.6713795
1829,2502,3.7317164,51.6901951
1830,2301,3.7052532,51.6714715
1831,2501,3.7428334,51.6991915
1832,2301,3.7044326,51.6709509
1836,2301,3.709394,51.6736525
1837,2501,3.7100649,51.6739363
1839,2526,3.7427081,51.6976842
1841,2301,3.74318,51.6982547
1847,2501,3.7359112,51.6921755
1848,2301,3.6842968,51.4657745
1849,2541,3.6048062,51.4586859
1850,2514,3.9195112,51.6500169
1851,2302,3.9197886,51.6505941
1852,2505,3.9196956,51.6498134
1854,2302,3.9195764,51.6502629
1855,2515,3.9205969,51.6494026
1856,2301,3.9188606,51.6508453
1857,2301,3.9140085,51.651228
1860,2301,3.9194255,51.6471904
1861,2301,3.9196673,51.6471871
1862,2501,3.9204263,51.6517678
1863,2301,3.9203203,51.6499337
1864,2303,3.9274256,51.647197
1865,2542,3.9079911,51.6528902
1866,2544,3.9213395,51.6492054
1867,2541,3.9106184,51.6548455
1868,2301,3.9201451,51.6508062
1869,2512,3.9189817,51.6500512
1870,2301,3.9200418,51.6507404
1871,2301,3.9256187,51.6467948
1872,2301,3.9201201,51.6502073
1873,2520,3.9194347,51.6502468
1874,2301,3.9208798,51.6501293
1875,2302,3.9195769,51.6498079
1877,2301,3.919447,51.6507753
1880,2544,3.8163892,51.7303651
1881,2301,3.8167713,51.7305581
1883,2301,3.7694186,51.7294212
1887,2501,3.912142,51.7252471
1895,2302,3.9128899,51.7253643
1896,2301,3.8873674,51.7423661
1898,2301,3.7736268,51.7322717
1900,2301,3.7820477,51.7427752
1908,2501,3.6025047,51.4633138
1911,2301,3.7738943,51.7320598
1912,2521,3.6017828,51.4638214
1914,2518,3.7734027,51.7325344
1918,2302,3.7912045,51.7415298
1920,2514,3.6019615,51.4636243
1921,2301,3.9840759,51.6896419
1922,2301,3.9521491,51.7131963
1928,2303,4.0157095,51.670508
1931,2543,4.0119375,51.6502473
1935,2301,4.1425257,51.6757433
1936,2301,4.0968418,51.6643845
1937,2304,4.0972097,51.6637324
1939,2301,4.1278473,51.678817
1943,2501,4.1659658,51.6149968
1945,2602,4.1634929,51.6183157
1946,2514,4.1026093,51.6006325
1947,2302,4.1028579,51.6005024
1949,2501,4.0123089,51.5873386
1952,2542,4.1029898,51.6005471
1954,2541,4.1064169,51.6012081
1956,2521,4.1028009,51.6007224
1959,2301,3.5961067,51.4440341
1960,2567,3.5906348,51.4478519
1962,2302,3.5886504,51.4486464
1963,2512,3.5736972,51.4435228
1964,2301,3.5737691,51.4402471
1965,2512,3.5748467,51.4430803
1966,2520,3.573988,51.4436384
1967,2502,3.5726137,51.4453115
1968,2512,3.5723393,51.4451598
1969,2515,3.5734843,51.4446362
1970,2512,3.5734885,51.4450733
1971,2303,3.5745266,51.4412018
1972,2301,3.5766567,51.4418468
1973,2502,3.5765708,51.4430747
1974,2301,3.5740085,51.4407301
1975,2303,3.5746203,51.4410596
1976,2304,3.575435,51.4436826
1977,2301,3.5755245,51.4414131
1978,2302,3.5766053,51.4428109
1979,2304,3.573928,51.4404268
1980,2302,3.5740437,51.4408099
1981,2304,3.5751798,51.4412459
1982,2301,3.5746529,51.4410113
1983,2303,3.5741454,51.4445205
1984,2304,3.573911,51.4404624
1985,2513,3.5753664,51.4438963
1986,2516,3.5744194,51.4444099
1987,2303,3.5737082,51.4421443
1988,2502,3.5747519,51.4442727
1989,2512,3.5740739,51.4430815
1990,2520,3.5724109,51.4451277
1993,2303,3.5741723,51.4428825
1994,2303,3.5735101,51.4428369
1995,2513,3.5756801,51.4435052
1996,2301,3.5758185,51.4434669
1997,2601,3.5726383,51.4433247
1998,2525,3.574346,51.4444388
1999,2301,3.5770043,51.44256
2001,2303,3.5738162,51.4437399
2002,2512,3.574354,51.4438322
2003,2303,3.5762763,51.4416423
2004,2512,3.5772036,51.4422215
2005,2304,3.5742554,51.4416325
2007,2512,3.5757539,51.4434824
2008,2304,3.5748979,51.4410418
2009,2529,3.5744061,51.4421668
2010,2521,3.5754585,51.4435711
2011,2304,3.5760806,51.4433031
2012,2302,3.5729659,51.4429529
2013,2301,3.576562,51.4419565
2014,2505,3.5731261,51.4433135
2015,2302,3.5756151,51.4435264
2017,2546,3.5754046,51.4440029
2018,2519,3.5742553,51.444325
2019,2512,3.5741751,51.4437305
2020,2303,3.5731798,51.4451685
2021,2522,3.5758273,51.4437476
2022,2526,3.5746155,51.4440113
2023,2301,3.5769538,51.4419809
2024,2512,3.5740864,51.4436858
2025,2512,3.5744217,51.4442577
2026,2512,3.5753439,51.4440288
2027,2301,3.5746882,51.442983
2028,2301,3.5758896,51.4416188
2029,2520,3.5735519,51.443473
2030,2303,3.5763862,51.4417044
2031,2301,3.5740077,51.4419012
2032,2512,3.5748787,51.4431159
2033,2512,3.5749236,51.4431574
2034,2302,3.5760145,51.4416628
2035,2302,3.5737412,51.444531
2036,2512,3.573359,51.4434053
2037,2302,3.574319,51.4442982
2038,2512,3.5732467,51.4433641
2039,2303,3.5739367,51.4419604
2040,2303,3.5745042,51.441241
2041,2304,3.5751263,51.4412097
2042,2301,3.5772145,51.4418427
2043,2527,3.5729127,51.4432351
2044,2301,3.5744181,51.441384
2045,2303,3.5750836,51.4411538
2046,2303,3.5744464,51.4413294
2047,2301,3.5768947,51.4423678
2048,2301,3.5756401,51.4414686
2049,2512,3.5736146,51.4436653
2050,2301,3.5740509,51.4418559
2051,2303,3.5744759,51.4412786
2052,2303,3.5743577,51.443022
2053,2512,3.5735186,51.4436285
2055,2512,3.5735129,51.4424096
2056,2304,3.5761368,51.4417552
2057,2304,3.5766913,51.4433491
2058,2512,3.5748781,51.4429934
2059,2304,3.5768883,51.4427207
2060,2301,3.5736693,51.4421792
2061,2512,3.5748181,51.4442457
2062,2512,3.5751824,51.4432754
2063,2512,3.5748093,51.4430459
2064,2302,3.5769836,51.4421443
2065,2512,3.5753202,51.4435576
2066,2513,3.5762215,51.4433604
2067,2301,3.5768622,51.4424252
2068,2301,3.5742818,51.4470347
2069,2302,3.571792,51.4453657
2071,2304,3.571713,51.4456872
2072,2302,3.5690896,51.4472908
2073,2302,3.5716195,51.4456924
2074,2568,3.5731043,51.4491502
2075,2542,3.5711981,51.4455984
2076,2303,3.5722534,51.4455756
2077,2304,3.578065,51.4472508
2078,2302,3.5738366,51.4475571
2081,2304,3.5723446,51.4456038
2082,2302,3.5723172,51.4488145
2083,2301,3.5717731,51.4456321
2084,2561,3.5747253,51.4465313
2085,2302,3.573108,51.4484188
2086,2304,3.5723975,51.4456744
2087,2301,3.5695144,51.4471694
2088,2301,3.57462,51.4466532
2089,2501,3.5859138,51.4554958
2090,2302,3.5734238,51.454972
2091,2511,3.5806539,51.4551882
2092,2543,3.586436,51.4563721
2094,2501,4.1990491,51.5700126
2095,2301,4.19792,51.5701851
2099,2301,4.0740368,51.5277175
2102,2543,4.2259194,51.5409946
2103,2301,4.2235855,51.5325509
2105,2515,4.2217712,51.5330001
2108,2305,4.2237533,51.5325494
2109,2301,4.1869674,51.5015269
2110,2526,4.2208412,51.5320296
2111,2521,4.2203777,51.5320047
2112,2541,4.2281659,51.5372733
2113,2547,4.2300531,51.5428476
2117,2501,4.1461554,51.5441511
2122,2501,3.5819525,51.4653609
2129,2301,3.5530928,51.4497288
2130,2302,3.5620787,51.4477646
2131,2561,3.5737611,51.4497288
2132,2502,3.5739166,51.4497981
2133,2516,3.5717889,51.4494883
2138,2302,3.5575882,51.4592436
2140,2561,3.5537343,51.4624388
2142,2514,3.5512678,51.4619459
2144,2301,3.553523,51.4619269
2145,2301,3.5289823,51.4620494
2146,2501,3.5520365,51.462282
2147,2301,3.5304245,51.4769237
2148,2301,3.5212624,51.4735409
2150,2501,3.5276667,51.4666079
2152,2301,3.5121194,51.479016
2156,2501,3.5478774,51.4834346
2157,2502,3.5539559,51.4817873
2159,2542,3.5537602,51.4827306
2160,2501,3.5557991,51.4828539
2163,2547,3.5632313,51.4827994
2164,2304,3.5252923,51.498905
2165,2301,3.5081167,51.4906694
2167,2301,3.5037838,51.487851
2169,2301,3.5056134,51.4902551
2170,2501,3.508175,51.4905862
2171,2502,3.482521,51.5010651
2174,2301,3.4806535,51.5018779
2176,2521,3.4861573,51.500304
2178,2301,3.463103,51.5085677
2179,2512,3.4838894,51.5000355
2180,2561,3.4868052,51.5012698
2181,2529,3.4869374,51.501209
2182,2301,3.4673621,51.5100414
2183,2301,3.4937002,51.4956811
2187,2301,3.4843243,51.500024
2191,2541,3.4875528,51.5016506
2198,2301,3.4812024,51.5015921
2199,2521,3.4401474,51.5267919
2201,2301,3.4385689,51.5272385
2203,2544,3.4384574,51.5269606
2204,2566,3.4368303,51.5271487
2205,2542,3.4368303,51.5271487
2206,2301,3.4374938,51.5268359
2207,2301,3.4541996,51.5131435
2209,2515,3.5182591,51.5154704
2211,2512,3.5106358,51.515483
2213,2516,3.5112541,51.5151205
2214,2501,3.5107584,51.5153051
2220,2501,3.5616605,51.5345999
2221,2303,3.5572559,51.5208465
2223,2301,3.5610774,51.5339491
2225,2524,3.5912127,51.5487429
2226,2301,3.594351,51.5495866
2232,2301,3.4972238,51.5623444
2233,2529,3.4956722,51.5628368
2237,2303,3.4966109,51.5634382
2238,2301,3.49865,51.563945
2239,2301,3.4981587,51.5639604
2240,2305,3.4942154,51.5616819
2241,2542,3.4960922,51.5630825
2242,2301,3.4968806,51.5635888
2243,2502,3.4983181,51.5644518
2244,2301,3.4985388,51.5638557
2245,2301,3.4986615,51.5645529
2249,2301,3.4975281,51.5635337
2251,2512,3.4974431,51.5634963
2252,2512,3.4984662,51.5642142
2253,2515,3.498455,51.5643178
2255,2301,3.4978665,51.563719
2256,2301,3.498902,51.5640336
2257,2301,3.4963956,51.5633625
2258,2301,3.4979732,51.5639282
2259,2512,3.4955185,51.5626021
2260,2301,3.5461362,51.5785776
2261,2302,3.5450592,51.5788034
2267,2301,3.5495967,51.5654457
2268,2301,3.5505973,51.5552335
2269,2528,3.6293791,51.5473228
2270,2301,3.6664075,51.5496271
2271,2301,3.6695062,51.5500503
2273,2301,3.6683956,51.5485326
2275,2301,3.6688088,51.5486645
2277,2301,3.6678445,51.5493685
2280,2512,3.6690663,51.5492153
2281,2303,3.6188227,51.5888007
2285,2302,3.6167635,51.576504
2286,2542,3.6168266,51.5763159
2287,2513,3.6173571,51.5760815
2288,2561,3.6174883,51.5760476
2291,2301,3.6311797,51.5877986
2297,2501,3.6607319,51.5694074
2302,2302,3.8038654,51.5552116
2303,2301,3.7791402,51.5692033
2304,2501,3.8022169,51.5572083
2305,2542,3.801589,51.5584531
2306,2301,3.8474915,51.60025
2307,2301,3.8478803,51.6007046
2308,2301,3.8477273,51.6013858
2309,2302,3.8472815,51.601335
2310,2301,3.8473165,51.6015782
2312,2541,4.1957686,51.4232511
2314,2564,4.1914106,51.4221997
2317,2503,4.1870556,51.4199525
2331,2302,4.1121402,51.4309813
2333,2301,4.1122335,51.4302427
2334,2561,4.1127622,51.4308778
2336,2515,4.1095766,51.4310059
2339,2501,4.0347828,51.4474758
2340,2544,4.0232771,51.4553621
2341,2502,4.0345544,51.448582
2345,2304,4.0057746,51.4480978
2347,2301,4.0537923,51.4969491
2348,2301,4.0524635,51.4946236
2349,2521,4.0514562,51.4950853
2350,2301,4.0503,51.4945768
2351,2541,4.0478087,51.4986426
2354,2517,4.0500667,51.4923847
2356,2529,4.0484594,51.4926398
2358,2541,4.050935,51.4888665
2360,2529,4.0507112,51.4922104
2361,2512,4.0492117,51.4930115
2362,2519,4.0500907,51.4933773
2364,2502,4.0490974,51.4927809
2365,2561,4.0489322,51.4908075
2366,2529,4.0501635,51.4935005
2367,2561,4.0502308,51.4935723
2368,2305,4.0501483,51.4896078
2369,2301,4.0509236,51.4926283
2370,2512,4.0502076,51.49004
2371,2512,4.0502431,51.491281
2372,2566,4.0515441,51.4950507
2373,2302,4.0521822,51.4968498
2374,2547,4.054993,51.4769423
2377,2512,4.0502972,51.4936347
2378,2502,4.0500435,51.4926811
2379,2301,4.0500103,51.4928335
2380,2302,4.0484321,51.4946939
2381,2301,4.0526746,51.4943818
2382,2520,4.0486667,51.4922182
2384,2301,4.0523567,51.4948747
2385,2546,4.0474599,51.4982611
2386,2542,4.0537693,51.4759111
2387,2301,4.050452,51.4940489
2388,2303,4.042942,51.5015173
2389,2541,4.0521873,51.4804797
2391,2521,4.0536772,51.4749888
2394,2301,4.0537523,51.4747279
2395,2523,4.0503114,51.4943473
2396,2301,4.05216,51.4941706
2398,2501,4.0493553,51.4914311
2399,2514,4.050126,51.4928169
2400,2529,4.0505523,51.4943232
2401,2561,4.0505946,51.4943779
2402,2516,4.0502052,51.4920806
2403,2520,4.0482604,51.4930832
2404,2301,4.0509286,51.4953971
2405,2301,4.0500763,51.4925466
2406,2301,4.0519238,51.4968199
2408,2543,4.0508138,51.4946863
2409,2512,4.0497039,51.4929015
2410,2513,4.0504301,51.4927574
2411,2542,4.0458982,51.4979824
2412,2541,4.0465977,51.4977028
2413,2547,4.0075246,51.4797194
2414,2301,4.0519022,51.4821566
2417,2501,3.9945525,51.5172667
2418,2301,4.0014027,51.5161255
2420,2301,3.9681583,51.4679816
2422,2541,3.9721532,51.467976
2423,2301,3.7469474,51.5854879
2424,2501,3.9592108,51.4864183
2426,2521,3.9593897,51.4866812
2428,2512,3.9594219,51.4870322
2429,2501,3.9562002,51.4864534
2430,2514,3.95555,51.4860678
2431,2542,3.9539321,51.4848613
2432,2502,3.9558325,51.4862421
2433,2513,3.9558203,51.48617
2434,2515,3.9564575,51.4858678
2435,2502,3.9093832,51.4975884
2440,2301,3.9266543,51.538885
2441,2301,3.870204,51.5399679
2444,2301,3.8147513,51.5467524
2445,2301,3.8151108,51.5316102
2446,2301,3.803709,51.5436379
2447,2304,3.8153778,51.5477314
2448,2303,3.8224209,51.5290218
2452,2301,3.8278903,51.4922358
2457,2513,3.8931501,51.4928914
2459,2501,3.8931754,51.4930535
2463,2502,3.8944202,51.4932492
2464,2512,3.8943157,51.4931415
2465,2514,3.8940799,51.4930771
2466,2567,3.894224,51.4930849
2467,2502,3.8939166,51.4930699
2468,2515,3.8940688,51.4931928
2473,2561,3.8942273,51.4934176
2475,2543,3.8800222,51.4918326
2476,2541,3.8790662,51.4859229
2478,2541,3.8759456,51.4849296
2479,2601,3.8789659,51.4919898
2480,2541,3.8761954,51.48478
2481,2541,3.8883447,51.4858628
2482,2541,3.8774798,51.4842572
2484,2544,3.8799771,51.4929948
2485,2525,3.8802091,51.4929942
2486,2542,3.8807136,51.4929317
2487,2541,3.8785792,51.4931675
2489,2541,3.8781828,51.4865048
2490,2543,3.8752978,51.4909894
2491,2541,3.873271,51.4872427
2492,2541,3.8727823,51.4865247
2493,2541,3.8736803,51.4859341
2494,2541,3.8778264,51.4933415
2495,2541,3.8812711,51.4863019
2496,2541,3.8806023,51.4864911
2497,2541,3.8795918,51.4876651
2498,2301,3.8726308,51.490823
2499,2541,3.8773961,51.4859103
2500,2602,3.8788631,51.4920985
2501,2301,3.897163,51.5128374
2502,2543,3.892432,51.5099815
2507,2514,3.8796635,51.5146174
2509,2513,3.8797094,51.5146174
2510,2501,3.8791504,51.5148502
2511,2502,3.8795876,51.514647
2515,2501,3.8925366,51.5012622
2518,2301,3.8976247,51.4987381
2519,2561,3.8923116,51.5012399
2520,2542,3.8895474,51.4985062
2522,2302,3.8950816,51.500654
2523,2501,3.893738,51.5009303
2525,2304,3.8935088,51.5006918
2528,2303,3.889513,51.4984597
2530,2302,3.8934407,51.504726
2531,2568,3.8956886,51.5002416
2532,2561,3.8955228,51.5003416
2533,2542,3.8955368,51.499129
2536,2512,3.8898374,51.5047157
2537,2567,3.8905847,51.5025813
2538,2525,3.8899953,51.5039446
2539,2304,3.8904364,51.5027096
2540,2301,3.8906251,51.5038923
2541,2514,3.8920874,51.5024431
2542,2301,3.8903939,51.5049629
2543,2561,3.8899574,51.5050207
2544,2517,3.8909706,51.5026535
2545,2502,3.8888634,51.5037588
2546,2521,3.8884918,51.5048962
2547,2544,3.8885355,51.5047259
2548,2301,3.8886076,51.5026232
2549,2301,3.8880784,51.5052028
2550,2512,3.8899348,51.5042764
2551,2512,3.8918117,51.5028813
2552,2525,3.8917748,51.5028348
2554,2519,3.8917604,51.5027829
2555,2512,3.8899156,51.5044108
2556,2505,3.8911104,51.5024798
2557,2512,3.8902588,51.5024196
2558,2512,3.8907528,51.5036037
2559,2526,3.8917903,51.504471
2560,2301,3.8895089,51.5050711
2561,2512,3.889789,51.5048769
2563,2301,3.8887853,51.505754
2566,2301,3.8904791,51.5049788
2567,2301,3.8903932,51.5035137
2568,2512,3.8897957,51.504823
2570,2515,3.8908017,51.5034335
2571,2301,3.8883948,51.5052197
2572,2302,3.890531,51.502035
2573,2512,3.8909535,51.5036964
2574,2515,3.8920371,51.5044458
2575,2301,3.8892337,51.5049057
2576,2519,3.8908488,51.5033082
2577,2544,3.8808336,51.4994599
2578,2544,3.8803349,51.4993523
2579,2305,3.8907267,51.5047608
2580,2515,3.8917325,51.5018971
2581,2544,3.8825928,51.4990321
2582,2301,3.8884375,51.5044627
2583,2512,3.8899556,51.5041868
2584,2304,3.8901212,51.5035326
2585,2512,3.8902917,51.5022237
2586,2512,3.8909697,51.5035761
2587,2512,3.8920561,51.5043835
2588,2512,3.8922467,51.502104
2589,2512,3.8915834,51.5024348
2590,2301,3.8908177,51.5033797
2591,2515,3.8918521,51.504301
2592,2501,3.8896983,51.5080015
2593,2302,3.8905925,51.5028824
2594,2301,3.888641,51.504053
2595,2301,3.8916048,51.5016888
2596,2302,3.8879679,51.5024352
2597,2517,3.8886877,51.5037754
2598,2512,3.8905496,51.5024683
2599,2515,3.891955,51.5047366
2601,2303,3.8897216,51.5051701
2602,2517,3.8909638,51.5035258
2603,2512,3.8920623,51.5043458
2604,2301,3.8908675,51.5042256
2605,2512,3.8909943,51.5034629
2606,2301,3.8922867,51.5049699
2607,2501,3.8888503,51.5036053
2608,2512,3.8910063,51.5034091
2609,2544,3.8815689,51.4990571
2610,2525,3.8888394,51.5035267
2611,2517,3.8915428,51.5041082
2612,2503,3.8891894,51.5039303
2613,2301,3.8889828,51.504889
2614,2512,3.8907321,51.5045651
2615,2512,3.8923603,51.502024
2616,2304,3.8907917,51.5045069
2617,2544,3.8813347,51.4990522
2618,2520,3.8908974,51.503147
2619,2304,3.8908142,51.5044094
2620,2514,3.8880864,51.5032099
2621,2526,3.8921053,51.5041023
2622,2513,3.8888253,51.5023283
2623,2519,3.8917279,51.5024205
2624,2601,3.8906924,51.5025609
2625,2304,3.8895562,51.5053853
2626,2516,3.8900668,51.5038736
2628,2303,3.8903862,51.502628
2629,2520,3.8913686,51.503146
2630,2515,3.8887264,51.5026369
2631,2301,3.8926011,51.50193
2633,2304,3.8908522,51.5043379
2634,2520,3.8910607,51.503248
2635,2544,3.8809197,51.4990396
2636,2561,3.8888143,51.5033259
2637,2301,3.8883845,51.5038645
2638,2517,3.890902,51.503005
2639,2517,3.8910802,51.5031424
2640,2512,3.8887898,51.5032818
2641,2501,3.8887778,51.5032097
2642,2513,3.8920183,51.5049763
2643,2301,3.890879,51.5041926
2644,2301,3.8881802,51.5012361
2645,2301,3.8912457,51.5060278
2646,2514,3.8918309,51.5025473
2647,2301,3.8897441,51.5053617
2648,2513,3.8903528,51.5036884
2649,2512,3.8904919,51.5023597
2650,2301,3.8884695,51.5029541
2651,2512,3.8918005,51.5024034
2652,2512,3.8922841,51.504783
2653,2522,3.8908024,51.5025441
2654,2302,3.8895341,51.5053347
2655,2512,3.8907198,51.5037291
2656,2520,3.8919657,51.5046688
2657,2301,3.8907492,51.5050247
2658,2303,3.8890358,51.5052393
2659,2514,3.8890289,51.5038962
2660,2512,3.8908855,51.5041253
2661,2519,3.8921599,51.5040189
2662,2512,3.8909647,51.502761
2663,2512,3.8911657,51.5028808
2664,2546,3.8921052,51.5039936
2665,2521,3.8898375,51.5054787
2666,2501,3.887308,51.5030824
2667,2512,3.8911796,51.5027641
2668,2525,3.892103,51.5038727
2669,2520,3.891186,51.5026922
2670,2512,3.8920577,51.5037258
2671,2301,3.8893862,51.5034011
2672,2517,3.8890038,51.5037844
2673,2519,3.8917806,51.503446
2675,2561,3.8904969,51.5022925
2676,2512,3.890905,51.5039382
2677,2501,3.8899524,51.5086683
2678,2301,3.8888616,51.5048545
2679,2512,3.8914234,51.50324
2680,2512,3.8916861,51.5032553
2681,2561,3.8916738,51.503143
2682,2303,3.8893691,51.5054666
2683,2517,3.8837934,51.4990607
2684,2519,3.8918737,51.5023684
2686,2561,3.8907353,51.5036933
2687,2512,3.8913436,51.5040338
2688,2512,3.8890754,51.5037956
2689,2302,3.8888683,51.5026495
2690,2519,3.891594,51.5028716
2692,2301,3.8903195,51.5049472
2693,2302,3.8913699,51.5025576
2694,2567,3.8909182,51.5038845
2695,2301,3.8899018,51.5050693
2696,2512,3.8918411,51.5029703
2698,2522,3.8919429,51.5032288
2699,2512,3.8918846,51.5030928
2700,2517,3.8915814,51.5026969
2701,2514,3.8924563,51.5048032
2702,2524,3.8898856,51.5044736
2703,2512,3.8910066,51.5025029
2704,2301,3.8900997,51.5037481
2705,2303,3.8918019,51.5045521
2706,2512,3.8897697,51.5049339
2707,2601,3.8884096,51.5008317
2708,2512,3.887796,51.5034516
2709,2512,3.8918109,51.5030414
2710,2602,3.8903809,51.5011127
2714,2527,3.6758607,51.5002377
2716,2502,3.671313,51.5002546
2717,2301,3.7293453,51.5133878
2718,2501,3.6766431,51.5002117
2719,2516,3.6733858,51.4999288
2720,2302,3.6759325,51.5000634
2721,2302,3.6719375,51.4996084
2722,2301,3.7018416,51.5127332
2723,2526,3.6331507,51.4807231
2730,2512,3.6215537,51.4924107
2732,2544,3.6236843,51.4815688
2733,2302,3.6250892,51.4830884
2734,2561,3.6184076,51.4856364
2735,2544,3.6231571,51.4812165
2736,2544,3.6228677,51.4810223
2737,2544,3.6234644,51.4814043
2738,2502,3.6176276,51.4862651
2741,2513,3.6248801,51.4796057
2742,2501,3.6182845,51.4858448
2744,2544,3.6261982,51.4801355
2745,2544,3.6266815,51.4809018
2747,2514,3.6180426,51.4859815
2748,2302,3.6028035,51.4885763
2749,2301,3.6027168,51.4885954
2750,2501,3.6026979,51.4891852
2751,2302,3.600949,51.4929127
2752,2301,3.6043917,51.4946656
2753,2301,3.6024289,51.4940797
2761,2514,3.6264096,51.5069336
2763,2501,3.6264051,51.5070521
2764,2301,3.6215146,51.5072493
2765,2301,3.621674,51.5060928
2766,2542,3.6304518,51.501358
2767,2520,3.6149673,51.4986705
2768,2512,3.6081445,51.4975202
2769,2512,3.611331,51.4981365
2772,2512,3.612687,51.49845
2774,2521,3.6164441,51.4977587
2776,2513,3.608576,51.4961181
2779,2301,3.6102297,51.4977163
2780,2302,3.608678,51.4957791
2781,2303,3.6100345,51.4982885
2782,2512,3.6155206,51.498971
2783,2517,3.6155642,51.4990399
2784,2519,3.6133877,51.4982884
2785,2511,3.6156807,51.4982318
2786,2516,3.616472,51.4996675
2787,2502,3.615177,51.4988706
2788,2528,3.6083485,51.4959585
2789,2301,3.6158542,51.4993221
2790,2302,3.6166265,51.4971617
2791,2301,3.6155696,51.498262
2792,2517,3.6159344,51.4994386
2793,2513,3.6155933,51.4996449
2794,2517,3.6091936,51.4980134
2795,2302,3.6078708,51.4960418
2796,2521,3.6142002,51.498146
2797,2301,3.6112391,51.4992471
2798,2502,3.6165675,51.4997212
2799,2514,3.6087861,51.4966286
2800,2521,3.6162156,51.4994164
2801,2301,3.6114823,51.4990023
2802,2301,3.6102981,51.4982654
2803,2512,3.61357,51.4980865
2804,2521,3.6083833,51.4971118
2805,2512,3.6090761,51.4979883
2806,2513,3.6081132,51.4960816
2807,2301,3.6167439,51.500367
2808,2519,3.6134613,51.4982993
2809,2303,3.6120817,51.498726
2810,2517,3.6136576,51.4980921
2811,2512,3.6089895,51.497963
2812,2517,3.6132745,51.4988721
2813,2518,3.6081817,51.4961404
2814,2512,3.6128511,51.4974046
2816,2601,3.6128125,51.4988338
2817,2517,3.6148025,51.4982841
2818,2306,3.6124819,51.4985368
2819,2303,3.6088869,51.4979424
2820,2512,3.6133291,51.4989128
2821,2301,3.6122774,51.4986454
2822,2303,3.6167729,51.4997295
2823,2514,3.6138249,51.4981012
2824,2303,3.6097371,51.4982169
2825,2512,3.612956,51.4989396
2826,2517,3.6137097,51.4983128
2827,2512,3.6140967,51.4981298
2828,2512,3.6086197,51.4978487
2829,2517,3.6152333,51.4985337
2830,2502,3.6124056,51.4985925
2831,2501,3.6162537,51.499464
2832,2512,3.6082246,51.497442
2836,2512,3.6102002,51.4980557
2837,2301,3.6144078,51.4966108
2839,2513,3.6123062,51.4983312
2840,2520,3.6138763,51.4983235
2841,2505,3.6140717,51.4983704
2842,2515,3.6144314,51.498437
2843,2302,3.6120566,51.4981234
2844,2301,3.6124752,51.4981759
2845,2512,3.6144981,51.4985046
2846,2512,3.6089968,51.4977748
2847,2512,3.60892,51.4977555
2848,2517,3.6145329,51.4982171
2849,2302,3.612413,51.4981259
2850,2305,3.6108914,51.4978966
2852,2544,3.608264,51.4973605
2853,2544,3.6114312,51.4990382
2854,2301,3.6102128,51.4982704
2855,2304,3.614017,51.4970392
2857,2601,3.6123124,51.4980042
2858,2301,3.6108225,51.5006589
2859,2512,3.6121825,51.4979183
2860,2301,3.6143017,51.4967745
2861,2303,3.6084477,51.4985653
2862,2301,3.6098274,51.4976934
2863,2512,3.6130419,51.4983513
2865,2301,3.6118288,51.4975559
2866,2527,3.6163728,51.4996076
2867,2301,3.6102574,51.4978698
2868,2512,3.6156094,51.4987334
2869,2301,3.6094703,51.499177
2870,2303,3.6071092,51.496615
2871,2301,3.615298,51.4985643
2872,2512,3.6148249,51.4985936
2873,2515,3.6117118,51.4978912
2875,2525,3.61536,51.498609
2876,2542,3.617051,51.4961509
2877,2512,3.6115523,51.4979951
2878,2520,3.6079556,51.4976485
2879,2512,3.6148755,51.4986531
2880,2512,3.611429,51.4980778
2882,2512,3.6131906,51.4983099
2883,2567,3.6096773,51.4979215
2884,2512,3.6100682,51.4980342
2885,2512,3.6150251,51.4987013
2886,2519,3.6080706,51.4974893
2887,2514,3.615476,51.4986415
2888,2512,3.6150813,51.4987381
2889,2546,3.6112741,51.4981801
2890,2525,3.6151514,51.4987691
2891,2521,3.6078637,51.4974124
2892,2517,3.615701,51.4987902
2893,2502,3.6077876,51.4973955
2894,2512,3.6077167,51.4973761
2895,2512,3.6108663,51.4981647
2896,2301,3.6113687,51.4990748
2897,2301,3.6105338,51.4983945
2900,2512,3.6128875,51.4981622
2901,2561,3.6082154,51.4958835
2902,2512,3.6107173,51.4981206
2903,2301,3.6105114,51.4982985
2904,2303,3.6105299,51.4983425
2905,2526,3.6161454,51.4991802
2906,2303,3.6105589,51.4984891
2907,2303,3.6105743,51.4985572
2908,2525,3.6161206,51.4991194
2909,2502,3.6129746,51.4981274
2910,2519,3.6130465,51.4980959
2911,2512,3.613148,51.4980794
2912,2512,3.6132962,51.4980574
2930,2566,3.7284935,51.6856284
2932,2602,3.7358631,51.6920997
2939,2302,3.384067,51.3100411
2941,2543,3.9048206,51.6556724
2954,2542,3.8192884,51.5324055
2955,2542,3.8216434,51.5314161
2957,2501,3.5827272,51.4652432
2958,2301,4.0527923,51.4959142
2979,2568,3.4577475,51.3851228
2980,2301,3.4579649,51.3851387
2982,2566,3.457606,51.3849903
2984,2511,3.4578329,51.385373
2988,2301,3.397278,51.3804409
2989,2301,3.3976337,51.3805366
2990,2526,3.3970283,51.3803946
2991,2301,3.3979913,51.3806431
2992,2502,3.3969242,51.3803441
2993,2526,3.3968471,51.3801509
2995,2592,3.3904619,51.378574
3001,2592,3.3941982,51.3794043
3024,2302,3.6169705,51.5762542
3025,2566,3.6160784,51.5768475
3026,2301,3.6164889,51.5764618
3027,2529,3.6165249,51.5762327
3030,2602,3.6166235,51.5763074
3120,2301,3.9000105,51.4585847
3314,2301,4.0217958,51.3661099
3320,2501,3.8936531,51.7389955
3321,2602,3.923849,51.6540419
3323,2512,3.5609102,51.3960354
3324,2528,3.5454686,51.3967434
3325,2518,3.5610738,51.3958899
3326,2561,3.5514706,51.396521
3327,2602,4.0526717,51.2614973
3328,2602,4.0520369,51.2793887
3330,2301,3.6028124,51.3773523
3368,2302,4.0530562,51.2798884
3369,2602,4.0470641,51.276706
3370,2301,3.9901994,51.2639922
3402,2301,3.6160082,51.4995904
3404,2501,3.5927588,51.5483883
3406,2568,3.55098,51.556843
3451,2592,3.8150822,51.7391017
3452,2592,3.8025606,51.7394367
3453,2592,3.7905427,51.7414287
3475,2302,3.7436486,51.6981956
3544,2501,3.7251111,51.7100511
3562,2301,3.9513816,51.7140813
3571,2592,3.841647,51.7530249
3572,2592,3.8397468,51.7541473
3573,2592,3.8398846,51.7559882
3574,2592,3.8425915,51.7566999
3583,2304,3.4962642,51.2421914
3587,2301,4.0214476,51.366957
3588,2305,4.0215655,51.36698
3607,2301,3.4704427,51.3712893
3608,2505,3.4712807,51.3716992
3609,2566,3.5952589,51.4441027
3615,2302,3.8886194,51.5020077
3619,2301,3.5846433,51.5842178
3623,2302,3.849036,51.6021197
3634,2564,3.8077587,51.5512331
3635,2568,3.8078179,51.5511273
3647,2593,3.8034641,51.5478476
3651,2592,3.5313192,51.4644059
3665,2303,3.4355697,51.5271222
3668,2303,3.8696391,51.5698137
3672,2592,3.8884113,51.508512
3682,2301,3.8893681,51.439694
3692,2301,4.1103,51.3538798
3693,2304,3.9679923,51.4679528
3699,2522,3.4933417,51.328001
3701,2512,3.4879328,51.3266727
3702,2547,3.4979631,51.3348818
3703,2541,3.493827,51.3341101
3704,2564,3.4936536,51.3341206
3705,2564,3.4971991,51.3342569
3706,2564,3.4983434,51.3299796
3707,2305,3.4945913,51.3289975
3708,2305,3.4892342,51.3255167
3709,2567,3.487422,51.3270004
3710,2519,3.4873523,51.3270004
3714,2303,3.5504137,51.5867354
3720,2501,4.2263293,51.5363026
3721,2501,4.2267832,51.5365969
3723,2501,3.6176382,51.4863963
3724,2501,3.4806041,51.5029365
3755,2542,3.8943022,51.7388891
3758,2518,3.8935217,51.7390502
3762,2301,3.8934546,51.7386134
3763,2302,3.89346,51.7387529
3764,2564,4.0435608,51.2767445
3772,2512,3.9194513,51.6504806
3773,2301,3.7282955,51.6860993
3774,2301,3.6528951,51.5707889
3789,2501,3.551686,51.5652291
3793,2501,4.0933,51.6604583
3794,2301,3.8016699,51.5567663
3799,2516,4.0894597,51.2683443
3800,2542,4.0901544,51.2687313
3801,2304,4.0891982,51.2691513
3802,2305,4.0896536,51.2707853
3806,2301,3.5030149,51.5687188
3809,2304,3.8935537,51.5009987
3812,2564,3.8956545,51.4985601
3813,2542,3.8722099,51.4906502
3844,2602,3.8903561,51.5025185
3851,2602,3.6223626,51.4921648
3852,2601,3.6176976,51.4861145
3853,2305,3.9590271,51.4863161
3854,2301,3.9589162,51.4863704
3871,2303,3.5598525,51.3969074
3872,2301,3.7519421,51.7389435
3873,2301,3.7629282,51.7414815
3882,2513,3.8840893,51.4924923
3883,2541,3.8904707,51.481818
3884,2502,3.8909271,51.4848795
3887,2301,3.7394947,51.7358568
3898,2301,3.5967062,51.4411025
3899,2301,3.8502914,51.6021161
3901,2601,3.8949757,51.5006979
3902,2529,3.8923205,51.5012214
3903,2602,3.8911355,51.5024058
3905,2528,3.8918866,51.5053616
3906,2516,3.89202,51.5052467
3916,2541,3.8849639,51.4917291
3917,2544,3.8829101,51.4988961
3932,2304,3.747102,51.5854911
3933,2301,3.8892508,51.5051146
3934,2304,3.8893136,51.5051147
3943,2301,3.7963665,51.4818727
3944,2301,3.7437339,51.4959349
3945,2301,3.6850404,51.7143482
3954,2592,3.8978785,51.4989158
3955,2592,3.8972719,51.4994763
3956,2592,3.9002347,51.4994984
3957,2592,3.8949544,51.500653
3962,2301,4.1132081,51.4299605
3963,2303,3.8610433,51.5040383
3964,2502,3.4803591,51.5028213
3993,2502,3.6092595,51.4981093
3994,2304,3.6097691,51.4980989
3995,2542,3.8115263,51.4747543
3996,2513,3.8165228,51.4723019
3997,2512,3.8152776,51.47308
3998,2561,3.8148404,51.4732191
3999,2514,3.8161996,51.4724247
4000,2302,3.8156383,51.4722012
4002,2542,3.8154331,51.4727847
4003,2512,3.8147291,51.473032
4004,2301,3.8157087,51.4726744
4005,2512,3.8172281,51.4718071
4006,2518,3.8154137,51.4730002
4007,2567,3.8146238,51.4730746
4008,2302,3.8152628,51.4728929
4009,2561,3.8161225,51.4724623
4010,2547,3.8185199,51.4715505
4012,2602,3.8170371,51.4721386
4015,2515,3.8125394,51.4739993
4016,2512,3.8146818,51.4732553
4018,2568,3.4985557,51.3302622
4019,2521,3.8823316,51.4842866
4031,2301,3.8469855,51.3349395
4071,2301,3.8035758,51.5551917
4072,2301,3.7722514,51.73171
4073,2512,3.7710666,51.7310423
4075,2512,3.7728101,51.7316014
4076,2302,3.7727119,51.7318486
4077,2301,3.7718599,51.7316693
4078,2512,3.7725242,51.7313029
4079,2522,3.7722617,51.7313421
4080,2526,3.7724744,51.7314062
4081,2304,3.7710571,51.7305453
4082,2304,3.7713347,51.7306286
4083,2304,3.7709764,51.7309749
4084,2301,3.8022943,51.556162
4086,2301,3.6215166,51.4922906
4087,2303,3.7728849,51.7319796
4088,2301,3.7739421,51.7327878
4089,2512,3.7733764,51.7324383
4090,2516,3.7732818,51.7323689
4094,2301,3.7745084,51.7317891
4095,2512,3.7738436,51.7327008
4096,2301,3.7738187,51.7321714
4098,2304,3.7709313,51.7310399
4099,2561,3.7720757,51.7319462
4100,2512,3.7717462,51.7318617
4101,2522,3.7717037,51.7320322
4103,2524,3.7710397,51.7324926
4104,2301,3.7717941,51.732965
4107,2301,3.7749941,51.7334485
4108,2301,3.7761321,51.7337563
4120,2512,3.5738272,51.4446833
4121,2514,3.5736209,51.4449202
4122,2301,3.5738881,51.4410573
4123,2501,3.5734505,51.4456219
4124,2518,3.5735917,51.4454725
4125,2503,3.595842,51.4440129
4126,2515,3.5755824,51.4439311
4127,2519,3.5755276,51.4439537
4128,2567,3.5755471,51.4435499
4134,2301,4.0522643,51.4940017
4135,2512,4.0501726,51.4938964
4136,2602,4.0498314,51.492886
4138,2513,4.113026,51.4303192
4139,2514,4.1125078,51.4302838
4140,2517,4.1104805,51.4310275
4141,2512,4.1128011,51.4300865
4144,2304,3.9241538,51.6472405
4145,2544,3.9224564,51.6489915
4146,2518,3.9071625,51.6552339
4147,2521,3.9231115,51.6487374
4149,2602,3.9214331,51.6493324
4150,2301,3.9231121,51.6484313
4153,2305,3.7709777,51.7309637
4155,2512,3.9207921,51.6495309
4156,2301,3.921282,51.6493738
4157,2302,3.9203667,51.6496292
4158,2301,3.9211617,51.6494114
4159,2301,3.9206372,51.6495665
4164,2512,4.0491033,51.491717
4170,2521,3.8904962,51.5021057
4171,2301,3.8879633,51.5046331
4173,2528,3.8924729,51.4928515
4176,2302,3.8800853,51.7422024
4177,2502,4.0502907,51.2763582
4180,2521,3.8918024,51.5045329
4186,2512,3.8909332,51.5037948
4188,2303,3.9138483,51.4218884
4189,2521,3.913752,51.4218892
4214,2304,3.4207181,51.3891769
4217,2564,3.8251741,51.333942
4231,2502,3.4937161,51.3282647
4232,2561,3.4914102,51.3275087
4234,2546,3.4894745,51.3266714
4235,2526,3.4880871,51.3270203
4236,2512,3.4889396,51.3271503
4237,2511,3.4904993,51.3273868
4238,2301,3.4899792,51.3270796
4239,2512,3.4876894,51.3265948
4240,2518,3.4896724,51.3262158
4241,2516,3.4896284,51.3262671
4242,2514,3.4895883,51.3263847
4243,2517,3.4896058,51.3263147
4244,2512,3.4902508,51.3273463
4245,2601,3.4874981,51.3262626
4249,2518,3.4840094,51.3258185
4250,2501,3.4837415,51.3255104
4251,2301,3.4862606,51.3268616
4252,2505,3.4857274,51.3256071
4253,2519,3.48906,51.3269715
4254,2512,3.488219,51.3270466
4255,2512,3.4888088,51.3271306
4256,2527,3.4897819,51.3274064
4257,2512,3.4901297,51.3264099
4258,2512,3.4876705,51.3258859
4259,2301,3.4888897,51.3259778
4260,2517,3.4883707,51.3268683
4262,2301,3.3807694,51.3785271
4263,2303,3.3841535,51.377786
4264,2301,3.4238273,51.2713917
4266,2521,3.4669196,51.3767957
4276,2301,3.5592691,51.3950581
4277,2512,3.5577439,51.396487
4278,2301,3.5578282,51.3968993
4293,2564,4.1891874,51.5390005
4295,2561,3.5107082,51.5157751
4303,2547,3.5603117,51.529526
4304,2501,3.4914282,51.3244167
4305,2301,3.4899866,51.3261558
4306,2517,3.4900775,51.3266673
4307,2301,3.4874698,51.3270533
4308,2301,3.4900611,51.3267335
4309,2512,3.4886402,51.325938
4310,2305,3.4900557,51.3268005
4311,2602,3.4890598,51.3271512
4312,2502,3.4860907,51.3269096
4313,2516,3.4833979,51.3261953
4314,2518,3.4830376,51.3263787
4315,2503,3.4882291,51.3268186
4316,2520,3.4878669,51.3270119
4318,2517,3.489854,51.3279162
4320,2544,3.4922556,51.3276812
4321,2517,3.4896848,51.3279009
4324,2602,3.4920326,51.3276265
4325,2542,3.4934909,51.3281164
4326,2503,3.4920121,51.3276544
4327,2601,3.4870764,51.3259125
4328,2301,3.4868557,51.3234135
4329,2541,3.4962452,51.334534
4331,2543,3.4982024,51.3347573
4333,2541,3.4971757,51.3347533
4337,2561,3.4901543,51.3256274
4339,2561,3.5733688,51.4455145
4341,2503,3.4942774,51.3288104
4342,2511,3.4942149,51.3287925
4350,2305,3.4505016,51.3413633
4351,2561,3.4691477,51.3711243
4352,2301,3.451123,51.3410988
4353,2304,3.3847133,51.3750023
4354,2304,3.3807752,51.3782773
4358,2303,3.6857541,51.3250047
4365,2519,3.4894209,51.3274287
4366,2567,3.489354,51.327439
4367,2301,3.8145238,51.7400362
4368,2564,4.2282504,51.5372408
4372,2301,3.6174713,51.4964764
4387,2602,3.4841104,51.3256972
4388,2593,3.4841174,51.3256592
4391,2301,3.4504212,51.3414528
4393,2602,3.6122969,51.4980674
4394,2305,3.6857541,51.3249628
4396,2305,3.8275897,51.3351766
4399,2512,4.0465223,51.494954
4413,2529,3.4791223,51.3300353
4414,2547,3.4935183,51.3191523
4445,2302,3.600128,51.3174641
4446,2301,3.3867366,51.3785664
4462,2544,3.4538568,51.3386011
4464,2515,3.846241,51.7329458
4467,2564,4.1871656,51.420043
4473,2302,3.6079767,51.497493
4474,2301,4.1463443,51.5924317
4481,2566,3.8894601,51.4985039
4482,2301,3.3830702,51.3772294
4484,2564,3.9615794,51.4887764
4492,2512,3.8919361,51.5025042
4493,2512,3.6119088,51.497882
4497,2566,3.503428,51.3791424
4499,2514,3.4885763,51.3270951
4500,2303,3.6083455,51.4975913
4513,2521,3.6174078,51.5762353
4516,2501,4.1817834,51.4164736
4518,2501,3.734875,51.4216162
4521,2521,3.4374372,51.5271138
4522,2564,3.7505304,51.6968056
4523,2568,3.7505822,51.6968357
4537,2301,3.6153478,51.499482
4538,2301,3.6144479,51.4991163
4539,2518,3.889301,51.5034877
4541,2602,3.6693902,51.549386
4543,2303,3.630627,51.5012641
4544,2303,3.5218443,51.5698151
4545,2303,3.5198519,51.5697394
4548,2602,3.8887557,51.500626
4557,2501,3.5342254,51.4011214
4558,2515,3.560984,51.3956959
4560,2301,3.614389,51.4991832
4577,2301,3.8940753,51.4933764
4578,2302,3.8921575,51.4928316
4629,2542,3.6117596,51.4971638
4631,2301,3.8985991,51.3963835
4647,2501,3.8989443,51.3962832
4683,2301,4.0967083,51.6637082
4684,2303,3.8761863,51.4405025
4690,2302,3.5054472,51.3806639
4694,2301,3.627103,51.5869631
4718,2513,3.8846353,51.4990314
4719,2602,3.440771,51.2740505
4722,2301,3.5707301,51.3953787
4728,2303,3.7422366,51.6986742
4732,2602,3.4848437,51.4998813
4746,2501,3.7477092,51.5845967
4747,2304,3.8996223,51.45828
4748,2514,3.9000258,51.4581948
4749,2302,3.9021451,51.4595828
4751,2516,3.9013176,51.4588187
4752,2303,3.9067931,51.4599304
4796,2541,3.5938305,51.5423447
4799,2501,3.8850733,51.4974652
4805,2301,3.5209712,51.4740632
4808,2541,4.0506285,51.4767888
4810,2301,3.7288568,51.7165556
4811,2301,3.8384272,51.75827
4814,2543,3.6233146,51.4803587
4815,2547,4.0416945,51.4688066
4816,2502,3.6734607,51.4999356
4818,2301,3.9067326,51.2655159
4822,2541,3.8917898,51.4830787
4823,2514,3.9981662,51.6463719
4824,2501,3.9978059,51.6464628
4825,2501,3.9982036,51.6462361
4846,2602,4.1068454,51.6013863
4851,2301,3.4895026,51.3267447
4852,2543,3.4901568,51.326503
4853,2305,3.4863374,51.3231915
4855,2564,3.4961928,51.3341088
4856,2511,3.4984123,51.3345126
4865,2512,3.4877581,51.325676
4866,2512,3.4880235,51.3265411
4867,2302,3.4897149,51.32741
4868,2302,3.4896403,51.3274094
4869,2512,3.4881146,51.3262742
4870,2305,3.4901983,51.3263499
4871,2542,3.4909587,51.3271178
4875,2517,3.4916785,51.3275702
4876,2520,3.4885269,51.3268832
4877,2512,3.4887963,51.3269456
4883,2302,3.8004851,51.3409028
4884,2547,3.5560859,51.4711738
4885,2514,3.7723211,51.7311328
4886,2541,3.8867811,51.4838344
4888,2512,4.1664644,51.2933116
4889,2529,4.1664697,51.2932881
4890,2561,4.166404,51.2933888
4891,2516,4.1649435,51.2929032
4899,2304,4.1616013,51.2928671
4900,2304,4.1622117,51.2928356
4978,2593,4.1605219,51.4226662
5000,2516,4.0505978,51.4776922
5234,2303,4.1008795,51.6006917
5243,2301,3.384379,51.3477176
5258,2517,3.38502,51.3084081
5291,2512,3.9193882,51.6506044
5292,2512,3.3866222,51.3072645
5304,2501,3.6981862,51.5726308
5324,2502,4.1663542,51.2922781
5326,2302,4.1670817,51.2929023
5328,2521,4.1664408,51.292813
5329,2512,3.892099,51.5046092
5362,2303,3.5467762,51.4009008
5375,2503,3.5053601,51.4958793
5377,2593,3.4575905,51.3848195
5378,2593,3.4600701,51.3837199
5379,2593,3.4593705,51.3876093
5380,2593,3.4567357,51.3879973
5381,2593,3.4613629,51.385892
5394,2592,3.3778456,51.3720497
5395,2592,3.3778258,51.3720441
5397,2525,3.8262987,51.338132
5398,2301,3.9184837,51.6510364
5400,2501,3.8258755,51.3320094
5403,2305,4.0137667,51.5880772
5408,2301,4.0531739,51.4931347
5413,2304,3.6167763,51.3221986
5419,2512,4.0524538,51.2795492
5420,2301,3.7119208,51.6372594
5423,2301,3.5610439,51.4485792
5429,2301,3.7734134,51.7321595
5430,2593,3.5953857,51.4647622
5433,2301,3.9450192,51.675218
5473,2566,3.4590331,51.3774152
5474,2302,3.4380398,51.3835769
5501,2515,3.4881726,51.326772
5509,2566,3.7017059,51.5742491
5518,2501,3.5856937,51.452776
5543,2301,3.5748727,51.4411318
5555,2602,4.0496554,51.4915136
5578,2528,3.7051482,51.5740272
5579,2301,3.7053306,51.5740072
5599,2301,3.7113595,51.6346475
5610,2593,3.6526751,51.5746733
5612,2593,4.0493511,51.4888691
5654,2503,3.4985276,51.330201
5655,2592,3.8988597,51.4993685
5656,2302,3.8962406,51.482826
5664,2302,3.8965225,51.4824719
5677,2593,4.116962,51.433234
5686,2593,4.0360903,51.465507
5688,2593,3.9571383,51.4803878
5709,2593,3.669706,51.5014483
5712,2593,3.6188132,51.4954382
5713,2566,3.617642,51.4951265
5714,2593,3.6181826,51.4952714
5732,2593,3.5956822,51.4440459
5742,2593,3.5957149,51.4442133
5767,2521,3.8253489,51.3324023
5790,2602,4.1078801,51.4313853
5797,2301,3.5055326,51.4958611
5802,2301,3.5511294,51.5651021
5817,2302,3.8956801,51.4832669
5818,2302,3.8952301,51.482854
5837,2302,3.7708179,51.7307421
5869,2301,3.6889962,51.5988031
5870,2501,3.5085552,51.3793736
5871,2501,3.9134432,51.3129434
5872,2501,3.9841779,51.3230395
5873,2304,3.9859393,51.3233456
5885,2502,3.4505673,51.3892792
5890,2511,3.854673,51.3061444
5891,2564,3.8545911,51.3060776
5895,2301,3.6197801,51.5831453
5909,2303,3.7126519,51.6383472
5918,2592,3.7059511,51.6707653
5938,2541,3.893829,51.4831899
5951,2512,4.0501346,51.4942282
5955,2301,3.3912148,51.3749836
5969,2302,3.5958767,51.4440568
5973,2512,3.5722411,51.4451518
5976,2301,3.6265947,51.2934231
5978,2303,3.5594349,51.397049
5979,2602,3.5563517,51.3956361
5982,2301,3.5649669,51.3947718
5985,2568,4.0531906,51.2853346
5986,2564,4.053306,51.285333
5987,2541,4.0508983,51.4768114
5999,2566,3.7174212,51.5893771
6015,2302,3.8950324,51.4832648
6016,2301,3.8951583,51.4834239
6031,2543,3.7753487,51.7205882
6033,2305,3.6175963,51.5000915
6042,2602,3.7030351,51.5730857
6046,2566,3.6126052,51.4977991
6047,2303,3.908515,51.6485561
6048,2521,3.3887255,51.3066162
6052,2602,4.0344212,51.4489029
6053,2301,4.0340668,51.4492576
6054,2302,4.0491918,51.494712
6079,2542,4.0834292,51.6713712
6082,2301,4.0828076,51.6715642
6106,2515,3.5736039,51.442784
6108,2568,3.8968238,51.5097671
6111,2522,3.9073285,51.6548615
6116,2566,3.5340115,51.4009711
6132,2592,3.5289055,51.4040449
6133,2592,3.5282389,51.4040092
6137,2511,3.5344072,51.4010112
6151,2542,3.4802499,51.5027881
6152,2516,3.8834589,51.4833026
6153,2301,3.6518864,51.5717512
6169,2301,4.0966189,51.6509431
6170,2304,4.0317732,51.6759925
6173,2301,3.9127813,51.7259576
6190,2512,3.6668312,51.5480793
6192,2512,3.668873,51.5486254
6193,2303,3.4954597,51.5625598
6195,2592,3.6626546,51.5486319
6198,2566,3.6692742,51.5478353
6199,2303,3.6682004,51.5490263
6203,2301,3.6666407,51.5480495
6210,2592,3.6623338,51.5486072
6217,2592,3.6640764,51.5488982
6218,2512,3.6662834,51.5483935
6253,2501,3.8904958,51.5104473
6265,2593,3.8731413,51.4911566
6266,2593,3.8731217,51.4911566
6282,2528,3.5074263,51.5178863
6285,2542,3.4860562,51.499896
6286,2512,3.4859788,51.4999158
6287,2512,3.4857517,51.500012
6291,2542,3.381017,51.3097397
6292,2501,3.8265162,51.3323099
6293,2544,3.8258655,51.3314728
6308,2303,3.8950483,51.4986304
6312,2593,3.8899143,51.4985068
6313,2593,3.8898048,51.4983569
6314,2593,3.8898032,51.4983713
6322,2302,3.9676687,51.2303218
6352,2544,3.8453788,51.3201299
6354,2511,4.0878508,51.4254339
6636,2602,3.5558881,51.3973326
6667,2302,3.8949138,51.4833253
6669,2592,3.6161258,51.5026524
6670,2592,3.6135273,51.5025499
6673,2592,4.0565259,51.2800813
6676,2514,4.2254706,51.5362122
6677,2518,4.2252715,51.5363194
6678,2527,4.2251422,51.5363913
6696,2302,3.6163401,51.4973418
6728,2592,3.5225884,51.4701478
6729,2592,3.5233598,51.4699529
6746,2501,3.5151759,51.5559907
6747,2302,3.5154555,51.5557393
6748,2511,3.6269505,51.522359
6759,2511,4.0549218,51.4742091
6787,2543,3.5852521,51.4567975
6798,2528,3.8907818,51.5107209
6799,2301,3.8908271,51.5110695
6800,2513,3.890788,51.5108223
6803,2304,4.0662468,51.4141519
6805,2301,3.567963,51.3955516
6823,2590,3.4890861,51.5567112
6829,2543,3.5002908,51.334761
6840,2602,3.608335,51.49609
6853,2592,3.8929345,51.5003014
6859,2593,3.8894849,51.4977327
6860,2566,3.4505618,51.3893194
6900,2301,3.5767907,51.4420785
6901,2505,3.3880522,51.3069868
6904,2602,4.2233189,51.5324515
6905,2301,4.2234245,51.5322472
6906,2301,4.2234255,51.5323768
6953,2546,3.8914475,51.2024412
6954,2501,3.8826511,51.499842
6955,2512,3.5746374,51.4443548
6956,2512,3.827371,51.3363358
6958,2512,3.6121709,51.4978489
6959,2525,3.6112082,51.4982543
6961,2522,3.6076829,51.4975654
6962,2524,3.6081482,51.4977294
6963,2512,3.6083808,51.4977831
6964,2512,3.6085379,51.4976431
6965,2512,3.6158637,51.4989328
6966,2511,3.61601,51.4990689
6967,2520,3.6131854,51.4988472
6968,2512,3.6130431,51.4989636
6969,2512,3.6131091,51.4990041
6970,2515,3.613165,51.4990452
6971,2502,3.6132402,51.4990933
6972,2522,3.6134598,51.49898
6973,2513,3.6140431,51.4980124
6974,2519,3.6140492,51.4978713
6975,2515,3.6140644,51.4977802
6976,2512,3.6139008,51.4978479
6977,2520,3.6139414,51.497541
6978,2511,3.614161,51.4972481
6979,2301,3.6140227,51.4971823
6980,2303,3.6148867,51.4967862
6981,2302,3.6150198,51.4968608
6985,2512,3.6160372,51.497822
6986,2515,3.615899,51.4979112
6987,2512,3.6157689,51.4979808
6988,2517,3.6158238,51.498175
6989,2544,3.6151153,51.4982579
6990,2529,3.6152129,51.4982244
7017,2301,3.7640433,51.7416011
7018,2301,3.79373,51.7429377
7019,2301,3.7925547,51.7430299
7024,2302,3.888344,51.2009716
7025,2541,3.8795388,51.4831569
7029,2564,4.0520659,51.4743613
7030,2512,3.8921812,51.5021308
7031,2517,3.8273579,51.3364952
7032,2517,3.5745592,51.4443849
7033,2517,3.6094088,51.4980833
7034,2517,3.892066,51.5033892
7035,2517,3.9209127,51.6499999
7039,2301,3.587982,51.4471965
7041,2303,3.5897746,51.4497992
7055,2301,3.7093933,51.6738567
7083,2302,4.0928702,51.5288866
7099,2301,4.0683419,51.5385301
7141,2301,3.5902055,51.4496835
7142,2305,3.8942242,51.5155522
7143,2564,3.8933765,51.4830857
7144,2502,3.9091291,51.6534176
7145,2501,3.9087395,51.6534519
7146,2501,3.9096115,51.653469
7147,2518,3.9092716,51.6534194
7163,2501,3.5822048,51.5762542
7165,2303,3.5825775,51.5760318
7190,2593,3.6731409,51.5853477
7208,2501,3.7285251,51.6859409
7209,2501,3.8204411,51.7318851
7225,2301,3.7283535,51.6860475
7234,2593,3.4565537,51.3919869
7244,2521,3.5612517,51.5689773
7245,2303,3.5612912,51.5692279
7250,2593,3.4577401,51.3852976
7267,2593,4.053878,51.4983495
7276,2593,3.524098,51.4685154
7277,2593,3.5261083,51.4684578
7281,2501,3.5243731,51.4687119
7282,2301,3.5242323,51.4686859
7287,2566,3.5242438,51.4685906
7297,2301,3.6317832,51.4805086
7309,2302,3.573267,51.445668
7312,2301,3.595007,51.4750173
7338,2302,3.6328389,51.4797324
7341,2301,3.7093719,51.6739051
7351,2511,4.0963515,51.4229146
7352,2592,3.523601,51.5691325
7353,2307,3.5054915,51.4960275
7354,2303,3.5107807,51.5147102
7356,2502,3.6024106,51.4637067
7358,2302,3.6024991,51.4638086
7359,2302,3.6024991,51.4638086
7375,2304,4.0544915,51.2808629
7376,2303,4.0549609,51.2805021
7377,2301,4.0552412,51.2805844
7378,2520,4.0521701,51.2795911
7379,2512,4.0526113,51.2795735
7382,2303,4.0583861,51.2821773
7416,2590,3.4465205,51.5295825
7417,2529,4.0403369,51.4889246
7418,2592,3.49441,51.5646127
7420,2303,3.6347892,51.479879
7421,2502,3.6317644,51.4826671
7433,2301,3.6133807,51.4993238
7434,2304,3.415423,51.2543521
7444,2301,3.4399424,51.3825849
7445,2511,3.4399155,51.3828956
7448,2566,3.4402675,51.3831415
7450,2301,3.4471381,51.3901743
7452,2515,4.0520205,51.2795326
7453,2515,3.3885744,51.3067855
7454,2301,3.8900126,51.4972977
7476,2301,3.7090224,51.5168033
7477,2602,3.677624,51.5009192
7478,2514,3.6758735,51.5001909
7497,2301,3.5520088,51.5654683
7498,2512,3.5525357,51.565854
7499,2561,3.5523905,51.5654495
7500,2513,3.5524584,51.565539
7501,2301,3.5523098,51.5656638
7502,2516,3.5524648,51.5657757
7503,2512,3.5529467,51.5661252
7510,2301,4.0521576,51.500198
7511,2602,3.7718903,51.732164
7513,2501,4.0520368,51.4994832
7527,2301,3.6680777,51.549445
7542,2592,3.4747398,51.3947345
7543,2592,3.467649,51.3936132
7548,2504,3.8936624,51.493152
7549,2593,3.5893002,51.4942756
7551,2301,3.472502,51.372461
7559,2593,4.2728299,51.4248945
7560,2302,3.4397406,51.3826952
7561,2301,3.4503971,51.3827967
7584,2301,3.7204376,51.5916431
7615,2501,3.547322,51.483328
7616,2528,4.0445647,51.4690019
7617,2602,3.8295118,51.3379527
7633,2302,3.7220536,51.5898794
7673,2593,3.7225872,51.5898262
7683,2301,3.8282233,51.332863
7684,2592,3.5232905,51.4693389
7697,2593,3.5334328,51.4044414
7706,2593,3.5350589,51.4049911
7707,2593,4.0521089,51.4810273
