unitPrice,zpid,latitude,longitude,homeType
265.1833218,2060627570,32.567696,-117.01007,TOWNHOUSE
341.8099535,2061704395,32.60748,-116.99187,SINGLE_FAMILY
517.7824268,17143680,32.65264,-116.97934,CONDO
419.6808511,59980340,32.653667,-116.95274,SINGLE_FAMILY
391.8367347,17157472,32.593708,-117.03869,SINGLE_FAMILY
131.25,140631104,32.6435,-116.98041,MANUFACTURED
570.2479339,17181257,32.64008,-117.03283,CONDO
390.7146583,102972206,32.6151,-116.99519,SINGLE_FAMILY
196.3934426,2060644939,32.564705,-117.04823,MANUFACTURED
363.0186722,123185665,32.615063,-116.99034,TOWNHOUSE
385.8891753,2067247068,32.62134,-116.9608,TOWNHOUSE
402.476161,17185421,32.62546,-116.99169,SINGLE_FAMILY
427.2460938,2060754821,32.630573,-117.019035,SINGLE_FAMILY
422.7478862,333210171,32.572285,-117.020706,TOWNHOUSE
360.3574754,2067247065,32.62134,-116.9608,TOWNHOUSE
310.6508876,250193910,32.60786,-116.9956,TOWNHOUSE
391.0348116,97863885,32.61292,-116.97213,SINGLE_FAMILY
393.4448952,2067247066,32.62134,-116.9608,TOWNHOUSE
415.1937046,2087663803,32.627243,-116.96904,TOWNHOUSE
376.5606122,48181261,32.61825,-117.031456,SINGLE_FAMILY
594.0425532,17167502,32.580414,-117.04581,SINGLE_FAMILY
390.3002309,250192392,32.601097,-116.99526,SINGLE_FAMILY
458.8087248,2087663804,32.627243,-116.96904,TOWNHOUSE
409.2650644,17181749,32.6325,-117.00963,SINGLE_FAMILY
419.8396947,2060675136,32.572113,-117.0196,CONDO
430.4799604,250192688,32.5969,-117.00458,SINGLE_FAMILY
374.811463,62655754,32.573345,-117.03735,TOWNHOUSE
477.5119617,52521807,32.652023,-116.978165,CONDO
465.0621118,250193826,32.6137,-116.96141,CONDO
428.8135593,2087663801,32.627243,-116.96904,TOWNHOUSE
664.6775794,17157804,32.599483,-117.03896,SINGLE_FAMILY
441.0726888,119920844,32.61768,-116.99557,SINGLE_FAMILY
460.7244995,17145052,32.645454,-116.95746,SINGLE_FAMILY
482.2033898,17186664,32.60067,-117.03196,TOWNHOUSE
537.6344086,250194580,32.611393,-116.99586,CONDO
429.1044776,333210108,32.57126,-117.02004,TOWNHOUSE
375.2405388,318295455,32.562927,-117.01144,TOWNHOUSE
342.6367461,2087663799,32.627243,-116.96904,TOWNHOUSE
422.5983076,17167218,32.583145,-117.047226,SINGLE_FAMILY
465.9197012,63478891,32.631073,-116.979866,CONDO
423.0769231,250192952,32.59663,-116.9954,SINGLE_FAMILY
515.4639175,17183953,32.63076,-117.0019,SINGLE_FAMILY
587.6315789,17168392,32.57797,-117.04191,SINGLE_FAMILY
434.0998954,17145193,32.644894,-116.961266,SINGLE_FAMILY
456.399796,17178882,32.63076,-117.047264,SINGLE_FAMILY
459.3301435,17143840,32.65088,-116.977684,CONDO
540.04329,17166972,32.59045,-117.04791,SINGLE_FAMILY
491.6317992,17143580,32.651478,-116.97625,CONDO
422.9452055,17140089,32.6481,-117.02521,SINGLE_FAMILY
525.5878285,17153599,32.609753,-117.049866,SINGLE_FAMILY
490.9240924,17158557,32.591354,-117.044655,CONDO
419.2409532,17179872,32.62779,-117.01475,SINGLE_FAMILY
525.8126195,17140346,32.64421,-117.0339,SINGLE_FAMILY
325.0382848,318295143,32.613026,-116.96392,SINGLE_FAMILY
522.5744147,17168110,32.572014,-117.04515,SINGLE_FAMILY
397.9011806,54714346,32.61941,-116.99788,SINGLE_FAMILY
444.8630137,17140068,32.647957,-117.0262,SINGLE_FAMILY
422.6120034,17140725,32.64619,-117.0141,SINGLE_FAMILY
502.1551724,17155001,32.609802,-117.03121,SINGLE_FAMILY
423.8813,17186339,32.632347,-116.95351,SINGLE_FAMILY
413.9972145,17187659,32.576454,-117.02598,SINGLE_FAMILY
624.0942029,17154194,32.606552,-117.04762,SINGLE_FAMILY
523.5849057,64727350,32.627728,-116.97913,CONDO
447.6629361,17175555,32.561275,-117.0443,SINGLE_FAMILY
446.6501241,17154213,32.606236,-117.04787,SINGLE_FAMILY
425.9501966,250193033,32.59613,-117.00134,SINGLE_FAMILY
434.7195358,17183094,32.643387,-116.9948,SINGLE_FAMILY
475.3914989,66110347,32.62586,-116.961716,SINGLE_FAMILY
381.8615752,17187095,32.60825,-117.02735,CONDO
410.2558974,250192373,32.599037,-117.00234,SINGLE_FAMILY
432.5084364,17142621,32.64376,-116.98309,SINGLE_FAMILY
406.8914956,51080710,32.610447,-117.02049,SINGLE_FAMILY
455.8599696,52523034,32.646313,-117.00553,TOWNHOUSE
423.3912155,17187464,32.58192,-117.03041,SINGLE_FAMILY
412.963931,79572316,32.61637,-116.981255,SINGLE_FAMILY
518.7735849,64651912,32.627758,-116.979095,CONDO
472.9288976,52522496,32.573883,-117.041595,SINGLE_FAMILY
441.9141914,69022867,32.633366,-116.96531,TOWNHOUSE
496.2962963,63778447,32.62635,-116.97755,TOWNHOUSE
367.3723537,54908071,32.581814,-117.009,SINGLE_FAMILY
437.5497216,17175662,32.56081,-117.04714,CONDO
396.8620212,54583834,32.581593,-117.01358,SINGLE_FAMILY
418.9478585,99483966,32.617764,-116.975136,SINGLE_FAMILY
405.9720457,17183869,32.63249,-117.00325,TOWNHOUSE
364.4102148,51080816,32.612762,-117.02125,SINGLE_FAMILY
387.4538745,69018254,32.62683,-116.95485,SINGLE_FAMILY
417.1914358,120288380,32.61506,-116.98569,TOWNHOUSE
450.5245251,17142227,32.652782,-117.0092,SINGLE_FAMILY
497.5812025,17143091,32.65332,-116.9808,SINGLE_FAMILY
382.6086957,2069746061,32.57861,-117.01788,SINGLE_FAMILY
448.0704384,52522766,32.62455,-117.028915,SINGLE_FAMILY
476.6949153,17175776,32.562664,-117.04269,SINGLE_FAMILY
396.9749527,52523424,32.62824,-116.982704,SINGLE_FAMILY
495.3076121,69022563,32.62901,-116.97711,CONDO
472.5085911,17178185,32.632004,-117.0489,SINGLE_FAMILY
493.5966487,82931741,32.614704,-116.97493,SINGLE_FAMILY
615.1202749,17175525,32.556816,-117.04124,SINGLE_FAMILY
415.1291513,305156405,32.571507,-117.02188,CONDO
512.195122,51080678,32.630093,-117.0038,CONDO
344.0364106,60068150,32.61413,-117.01204,SINGLE_FAMILY
654.149033,17139225,32.651897,-117.01875,SINGLE_FAMILY
578.7988423,17154608,32.60689,-117.04075,SINGLE_FAMILY
403.3804238,250193949,32.610733,-116.98987,SINGLE_FAMILY
496.5694683,17143630,32.65212,-116.97956,CONDO
417.0856611,99537536,32.61649,-116.97339,SINGLE_FAMILY
362.8502248,250191966,32.59484,-117.002464,SINGLE_FAMILY
444.3507589,61241099,32.627583,-117.040215,CONDO
445.302714,79569823,32.623245,-116.96144,CONDO
414.6488294,318295190,32.59917,-117.00118,TOWNHOUSE
363.6731392,17185538,32.637253,-116.95939,SINGLE_FAMILY
440.5840886,55297817,32.645466,-116.94965,SINGLE_FAMILY
650.7592191,17141867,32.65381,-116.9971,SINGLE_FAMILY
405.9505799,17177595,32.62231,-117.03675,SINGLE_FAMILY
347.140056,2061348936,32.56759,-117.01121,CONDO
386.2433862,17144906,32.644775,-116.96464,CONDO
436.661699,58497307,32.619427,-117.01456,SINGLE_FAMILY
483.8709677,17158024,32.604206,-117.034454,SINGLE_FAMILY
428.3164783,318295053,32.612587,-116.965546,CONDO
480.2744425,17143919,32.65215,-116.9771,CONDO
446.8802698,61177301,32.627926,-117.04149,CONDO
411.2197633,49423370,32.632088,-117.0473,SINGLE_FAMILY
425.8517888,48181281,32.611244,-117.02884,SINGLE_FAMILY
441.3322632,63660918,32.582752,-117.01908,TOWNHOUSE
359.4272727,51080974,32.631733,-116.99102,SINGLE_FAMILY
396.7541436,241609212,32.60716,-116.99605,SINGLE_FAMILY
347.7617462,69018975,32.56373,-117.025406,SINGLE_FAMILY
377.4076002,17178711,32.635185,-117.03867,SINGLE_FAMILY
432.9539832,61240997,32.564945,-117.033165,SINGLE_FAMILY
404.6639232,63478917,32.631454,-116.97817,TOWNHOUSE
415.4966199,66657863,32.579933,-117.02281,SINGLE_FAMILY
451.9309778,17184278,32.643356,-117.00348,CONDO
481.0209424,17157623,32.602737,-117.039314,SINGLE_FAMILY
380.1431127,318295326,32.61299,-116.99268,SINGLE_FAMILY
419.6642686,17183855,32.637035,-117.00602,SINGLE_FAMILY
380.5590851,51082089,32.57676,-117.031845,SINGLE_FAMILY
419.6642686,17154396,32.610672,-117.043015,SINGLE_FAMILY
378.1077348,333878138,32.605694,-116.99596,SINGLE_FAMILY
493.9309057,63478867,32.63212,-116.97934,CONDO
392.8571429,66657592,32.5726,-117.03702,CONDO
490.3604359,63778229,32.571575,-117.0385,CONDO
320.7036536,54656825,32.613403,-117.01633,SINGLE_FAMILY
434.1137124,333879333,32.59895,-117.001274,TOWNHOUSE
372.0,66658446,32.61841,-116.979904,SINGLE_FAMILY
430.4971809,17178534,32.61817,-117.04721,SINGLE_FAMILY
507.7369439,59312155,32.616524,-117.02362,CONDO
332.2490381,61242303,32.587967,-117.014885,SINGLE_FAMILY
596.9300739,17138216,32.64331,-117.04984,SINGLE_FAMILY
529.2560801,17154344,32.611263,-117.045296,SINGLE_FAMILY
424.0659874,66110110,32.62714,-116.95474,SINGLE_FAMILY
330.4317549,17187682,32.576313,-117.025,SINGLE_FAMILY
427.2300469,17144749,32.64835,-116.953255,SINGLE_FAMILY
400.304414,17168003,32.57076,-117.04477,SINGLE_FAMILY
546.6830467,17179938,32.626514,-117.017494,SINGLE_FAMILY
408.839779,69023193,32.628944,-116.96284,CONDO
292.5675676,2069774328,32.55974,-117.04866,MULTI_FAMILY
364.2355009,54656754,32.6172,-117.016815,SINGLE_FAMILY
375.4027927,17177675,32.61996,-117.03709,SINGLE_FAMILY
373.6862592,250192613,32.595757,-116.998924,SINGLE_FAMILY
492.3553719,17184221,32.640488,-116.99315,TOWNHOUSE
473.1965586,61242122,32.6289,-116.97255,SINGLE_FAMILY
534.0681363,17140117,32.647205,-117.02298,SINGLE_FAMILY
246.6888361,2060625065,32.567696,-117.01007,TOWNHOUSE
233.6467942,2060625146,32.567696,-117.01007,TOWNHOUSE
213.4758479,2060625224,32.567696,-117.01007,TOWNHOUSE
266.4688366,2060625221,32.567696,-117.01007,TOWNHOUSE
356.5768621,17117802,32.720955,-116.98656,SINGLE_FAMILY
379.7180564,2061977942,32.72573,-116.97269,TOWNHOUSE
395.7464554,17040081,32.752724,-116.96385,SINGLE_FAMILY
369.1303696,17048120,32.72701,-116.97063,SINGLE_FAMILY
539.9274047,17136530,32.671368,-117.006386,SINGLE_FAMILY
652.6465068,17124749,32.70663,-117.03262,SINGLE_FAMILY
121.5277778,82940603,32.731937,-117.01369,MANUFACTURED
552.2904062,52521437,32.670147,-117.048965,SINGLE_FAMILY
417.0141785,17017461,32.733982,-117.03306,SINGLE_FAMILY
283.5962145,69022436,32.71975,-116.98412,SINGLE_FAMILY
491.0714286,17114096,32.72014,-117.03076,SINGLE_FAMILY
440.3442754,2061977946,32.72376,-116.97294,TOWNHOUSE
524.7524752,17045131,32.7316,-117.007744,TOWNHOUSE
391.3754427,2061977934,32.72573,-116.97269,TOWNHOUSE
395.7055215,17038393,32.749435,-117.01049,SINGLE_FAMILY
484.496124,17140892,32.665527,-117.020546,SINGLE_FAMILY
178.5714286,108864307,32.72777,-116.96069,MANUFACTURED
417.2489392,2061977944,32.72376,-116.97294,TOWNHOUSE
404.3469657,2061977936,32.72573,-116.97269,TOWNHOUSE
531.8439716,17038010,32.752434,-117.00817,SINGLE_FAMILY
425.0,17119563,32.707718,-117.04793,SINGLE_FAMILY
408.6398132,17132019,32.68071,-117.04705,SINGLE_FAMILY
461.7465224,17136411,32.683178,-117.0171,SINGLE_FAMILY
580.3418803,17124890,32.70164,-117.02644,SINGLE_FAMILY
427.1901709,2062396821,32.72615,-116.96989,SINGLE_FAMILY
496.4594128,17016358,32.730618,-117.0467,SINGLE_FAMILY
582.5,17111781,32.725487,-117.04221,SINGLE_FAMILY
501.4208107,2060673409,32.731995,-117.02368,MULTI_FAMILY
562.5,17045518,32.738987,-116.9939,SINGLE_FAMILY
463.5714286,17048670,32.731094,-116.95565,SINGLE_FAMILY
446.0683515,2062396812,32.72615,-116.96989,SINGLE_FAMILY
520.8298611,17009028,32.74962,-117.04629,SINGLE_FAMILY
418.9874302,2061977941,32.72573,-116.97269,TOWNHOUSE
556.3829787,17128293,32.694523,-117.019165,SINGLE_FAMILY
433.4677419,2096261274,32.715904,-117.00985,MULTI_FAMILY
336.3914373,17127008,32.70032,-117.003426,SINGLE_FAMILY
273.4241908,140626479,32.731937,-117.01369,MANUFACTURED
449.7189257,17009612,32.745415,-117.041405,SINGLE_FAMILY
738.395218,17045812,32.73396,-117.003334,SINGLE_FAMILY
461.1111111,65398151,32.67493,-117.03958,CONDO
412.3376623,17134774,32.683357,-117.03643,SINGLE_FAMILY
530.4276316,17145824,32.657738,-116.97269,CONDO
438.4287454,17046761,32.74352,-116.97878,SINGLE_FAMILY
452.6606773,17145597,32.65922,-116.97353,TOWNHOUSE
531.1607649,17120340,32.707676,-117.036194,SINGLE_FAMILY
520.1822917,2077232123,32.720837,-117.007774,MULTI_FAMILY
621.1699164,17126402,32.710125,-117.00023,SINGLE_FAMILY
434.7826087,17132799,32.674656,-117.04476,TOWNHOUSE
360.9687937,17131860,32.679485,-117.04993,SINGLE_FAMILY
365.1609803,17047476,32.734016,-116.97648,SINGLE_FAMILY
624.9990385,17128361,32.700546,-117.01627,SINGLE_FAMILY
473.723168,17131743,32.674065,-117.04506,SINGLE_FAMILY
301.16179,17038309,32.746784,-117.00327,SINGLE_FAMILY
471.9496883,17134083,32.674614,-117.02978,SINGLE_FAMILY
470.754717,67403785,32.72192,-116.97374,CONDO
492.9487179,63660631,32.658363,-116.96944,CONDO
462.1171413,17126893,32.706856,-117.00214,SINGLE_FAMILY
411.1842105,295365275,32.71068,-116.997055,MULTI_FAMILY
489.8148148,17132475,32.674774,-117.04142,CONDO
730.8467742,17016323,32.732616,-117.04263,SINGLE_FAMILY
412.8798514,17039308,32.751804,-116.99631,SINGLE_FAMILY
592.782646,17111722,32.726784,-117.04401,SINGLE_FAMILY
400.9433962,17039364,32.74613,-116.98449,TOWNHOUSE
398.9104116,17111909,32.727104,-117.03559,SINGLE_FAMILY
350.591716,17116540,32.70945,-116.989494,SINGLE_FAMILY
492.3484848,17115560,32.721367,-117.010765,SINGLE_FAMILY
482.0261438,17134706,32.68104,-117.03353,CONDO
361.7363344,17045780,32.735756,-116.998055,SINGLE_FAMILY
537.037037,17120077,32.70889,-117.03461,SINGLE_FAMILY
114.5833333,140630269,32.72346,-117.01217,MANUFACTURED
586.9565217,17046121,32.74254,-116.98985,SINGLE_FAMILY
325.3791757,17047409,32.7384,-116.9766,SINGLE_FAMILY
422.4062183,17144057,32.658535,-116.98819,SINGLE_FAMILY
405.0558495,17128663,32.693123,-117.02495,TOWNHOUSE
118.0543981,87803451,32.74086,-117.00553,MANUFACTURED
498.4815618,17141718,32.654922,-116.99082,SINGLE_FAMILY
368.0387409,17117550,32.72004,-116.99096,SINGLE_FAMILY
411.5384615,17117775,32.72124,-116.98754,SINGLE_FAMILY
361.3861386,295357424,32.734844,-117.04256,MULTI_FAMILY
370.6196092,17044532,32.731567,-117.02144,SINGLE_FAMILY
511.2834979,17142061,32.657772,-117.00159,SINGLE_FAMILY
415.0476863,69020697,32.66459,-116.95419,SINGLE_FAMILY
524.7472316,69017528,32.74993,-117.0352,SINGLE_FAMILY
529.5454545,17117225,32.721188,-116.99347,SINGLE_FAMILY
453.2324622,17114881,32.714996,-117.02129,SINGLE_FAMILY
583.3325,17112376,32.725636,-117.033775,SINGLE_FAMILY
514.8963731,17120502,32.697105,-117.03527,SINGLE_FAMILY
433.8033261,17141910,32.655483,-116.99215,SINGLE_FAMILY
325.3424658,69022433,32.72098,-116.9834,SINGLE_FAMILY
525.4385965,17116829,32.71309,-116.99208,SINGLE_FAMILY
479.0554415,17123989,32.710167,-117.0166,SINGLE_FAMILY
460.1701469,17128696,32.690865,-117.024445,TOWNHOUSE
505.6179775,17145800,32.657505,-116.97286,CONDO
679.4425087,17038018,32.752934,-117.008606,SINGLE_FAMILY
601.0781671,17119348,32.70322,-117.04705,SINGLE_FAMILY
637.962963,17009748,32.745274,-117.03903,SINGLE_FAMILY
470.0,52521472,32.671947,-117.0429,TOWNHOUSE
470.8047945,17017278,32.73504,-117.02625,SINGLE_FAMILY
334.5070423,52521090,32.72075,-116.99193,SINGLE_FAMILY
389.6103896,17048139,32.72779,-116.97133,SINGLE_FAMILY
400.3593429,17118347,32.726254,-116.95742,SINGLE_FAMILY
490.1143791,17132214,32.6775,-117.03715,CONDO
556.0,17114349,32.718483,-117.028725,MULTI_FAMILY
408.7439278,17127638,32.700016,-117.013176,TOWNHOUSE
440.3131115,63656596,32.74451,-117.026215,CONDO
397.0588235,17117722,32.71651,-116.99061,SINGLE_FAMILY
216.6882277,2061011094,32.7357,-117.01418,MANUFACTURED
443.577005,17142116,32.6574,-116.99899,SINGLE_FAMILY
400.7285974,2098644858,32.66292,-117.0463,SINGLE_FAMILY
369.4846772,17137564,32.661907,-117.04027,SINGLE_FAMILY
425.6996453,17139583,32.65507,-117.01764,SINGLE_FAMILY
446.4285714,17147168,32.658348,-116.95806,SINGLE_FAMILY
520.8333333,17126811,32.705254,-116.9939,SINGLE_FAMILY
487.2969461,17137346,32.66592,-117.04277,SINGLE_FAMILY
610.2347418,17120679,32.693913,-117.03474,SINGLE_FAMILY
478.5276074,17038500,32.748917,-117.010796,SINGLE_FAMILY
427.5229358,17043880,32.74092,-117.01367,SINGLE_FAMILY
512.3447205,17115550,32.721703,-117.01142,SINGLE_FAMILY
415.6223893,17134086,32.674137,-117.029106,SINGLE_FAMILY
392.3731484,66655221,32.66982,-116.97892,SINGLE_FAMILY
464.4268775,17041712,32.74617,-116.95532,CONDO
476.4826176,17116171,32.718452,-117.01187,SINGLE_FAMILY
418.4354154,17129249,32.69542,-117.02372,SINGLE_FAMILY
481.2834225,17049073,32.733482,-116.96198,CONDO
395.256917,140393410,32.746555,-116.99218,SINGLE_FAMILY
547.0980019,17017774,32.729996,-117.03625,SINGLE_FAMILY
615.1574803,17039019,32.754017,-116.99812,SINGLE_FAMILY
415.7762097,17135027,32.68605,-117.03376,SINGLE_FAMILY
454.5454545,2061286622,32.65969,-116.95,SINGLE_FAMILY
438.1127451,17131561,32.67217,-117.048256,SINGLE_FAMILY
495.9935897,17048477,32.72937,-116.974236,MULTI_FAMILY
540.8333333,17017773,32.729996,-117.036095,SINGLE_FAMILY
468.9795918,2061433081,32.746487,-117.04967,MULTI_FAMILY
388.1140085,17129226,32.694283,-117.02287,SINGLE_FAMILY
455.9446254,72109753,32.699272,-117.026245,TOWNHOUSE
1034.872611,17008807,32.750786,-117.04674,SINGLE_FAMILY
562.8019324,17126977,32.70328,-117.00438,SINGLE_FAMILY
567.9012346,17115971,32.719807,-117.005424,SINGLE_FAMILY
525.3931699,17016551,32.739635,-117.04321,TOWNHOUSE
449.6219658,17141233,32.660606,-116.99834,SINGLE_FAMILY
422.483468,59311881,32.66818,-116.97123,SINGLE_FAMILY
506.5104167,17139098,32.661034,-117.036415,CONDO
438.2445141,17037864,32.750084,-117.01266,SINGLE_FAMILY
365.6174334,17038369,32.74563,-117.0059,SINGLE_FAMILY
526.3691684,17049321,32.734753,-116.95973,CONDO
438.1091618,17015927,32.73648,-117.03886,SINGLE_FAMILY
545.8367347,17125043,32.70262,-117.02346,SINGLE_FAMILY
456.959707,17044183,32.739,-117.01352,SINGLE_FAMILY
640.7574335,17135465,32.6874,-117.032265,SINGLE_FAMILY
433.0052493,17117682,32.71609,-116.99202,SINGLE_FAMILY
527.5974026,17113915,32.72241,-117.02591,SINGLE_FAMILY
426.0742899,17132581,32.67333,-117.04192,TOWNHOUSE
407.6760351,98971106,32.670532,-116.991516,SINGLE_FAMILY
288.1355932,2061753413,32.717693,-116.99425,SINGLE_FAMILY
632.382906,17126286,32.71046,-116.99343,SINGLE_FAMILY
653.8461538,17125546,32.71087,-117.01168,SINGLE_FAMILY
600.0,17113778,32.72523,-117.02301,SINGLE_FAMILY
376.4927718,17015611,32.740482,-117.04521,TOWNHOUSE
739.8273736,295365505,32.655872,-117.041176,SINGLE_FAMILY
563.4964266,17139369,32.658188,-117.028656,SINGLE_FAMILY
486.851457,2061960453,32.741898,-117.02375,CONDO
469.075747,17113204,32.72358,-117.04856,SINGLE_FAMILY
590.7534247,17134040,32.680126,-117.03032,CONDO
382.916053,17135890,32.68532,-117.030396,SINGLE_FAMILY
482.0261438,52521451,32.678753,-117.039,TOWNHOUSE
464.9196957,17133236,32.681095,-117.04478,CONDO
299.3690852,51080568,32.71792,-116.96337,SINGLE_FAMILY
490.2715953,67404011,32.661232,-116.96758,CONDO
356.3829787,52521828,32.654694,-116.987686,SINGLE_FAMILY
513.5135135,2062240239,32.734646,-117.00922,MULTI_FAMILY
482.7819041,17112754,32.71632,-117.043686,SINGLE_FAMILY
511.4503817,38434022,32.734272,-117.0263,SINGLE_FAMILY
581.17195,17119014,32.710533,-117.04172,SINGLE_FAMILY
499.9995,17038872,32.752064,-116.99421,SINGLE_FAMILY
378.0129336,17128967,32.69328,-117.026,TOWNHOUSE
518.5185185,17135948,32.68397,-117.02806,SINGLE_FAMILY
319.6099675,17044496,32.730427,-117.02307,SINGLE_FAMILY
341.2969283,99500336,32.720196,-116.98462,SINGLE_FAMILY
180.5555556,2063415215,32.69118,-117.02003,MANUFACTURED
407.9769342,17047456,32.73267,-116.976036,SINGLE_FAMILY
353.811515,99597416,32.720825,-116.98798,SINGLE_FAMILY
513.3614627,16984635,32.811363,-117.00758,SINGLE_FAMILY
568.6604886,2060624821,32.784832,-116.96424,SINGLE_FAMILY
585.1555282,17029913,32.7743,-116.987015,SINGLE_FAMILY
489.3048128,17034283,32.758385,-117.007385,SINGLE_FAMILY
408.4287201,17019012,32.808086,-117.00089,SINGLE_FAMILY
415.7983368,2063135051,32.82392,-116.95048,MULTI_FAMILY
373.0950511,16891100,32.82819,-117.01724,SINGLE_FAMILY
483.0210773,16884943,32.845932,-116.990036,SINGLE_FAMILY
515.9977064,17018250,32.805878,-117.00063,SINGLE_FAMILY
629.0650407,16884593,32.848293,-116.986465,SINGLE_FAMILY
583.8349097,16884722,32.846622,-116.98636,SINGLE_FAMILY
456.1717352,17024177,32.78881,-116.99683,SINGLE_FAMILY
474.4764398,16889447,32.83046,-117.0112,SINGLE_FAMILY
519.5599022,16889848,32.831238,-116.997284,SINGLE_FAMILY
680.0381605,17020090,32.806103,-116.95999,SINGLE_FAMILY
642.1428571,17196630,32.799213,-117.04533,SINGLE_FAMILY
225.625,140222077,32.835804,-117.03016,MANUFACTURED
482.6388889,333879545,32.834343,-117.02351,TOWNHOUSE
443.5695538,17031270,32.778687,-116.9584,SINGLE_FAMILY
545.0581395,17197227,32.8186,-117.03606,CONDO
491.5723315,17027041,32.79099,-116.96446,SINGLE_FAMILY
433.4451902,16878590,32.848244,-117.001495,SINGLE_FAMILY
640.954416,16983162,32.810345,-117.01702,SINGLE_FAMILY
321.6753022,16990898,32.778797,-117.04726,SINGLE_FAMILY
91.95402299,140624803,32.81626,-116.95635,MANUFACTURED
465.9090909,17035891,32.76154,-116.97123,SINGLE_FAMILY
598.5523385,17036809,32.759083,-116.96137,SINGLE_FAMILY
587.5816993,17198610,32.79324,-117.03072,SINGLE_FAMILY
511.1865672,2067610531,32.76015,-117.03282,TOWNHOUSE
187.9245283,122075885,32.83404,-117.0162,MANUFACTURED
110.4166667,140618302,32.83404,-117.0162,MANUFACTURED
616.7763158,16983076,32.798122,-117.02363,SINGLE_FAMILY
375.739645,16890636,32.81839,-116.99129,SINGLE_FAMILY
836.6606171,17034997,32.765217,-116.996025,SINGLE_FAMILY
486.9446213,2067610532,32.76015,-117.03282,TOWNHOUSE
408.3484574,16990922,32.77966,-117.04433,MULTI_FAMILY
620.975161,16868392,32.816372,-117.04797,SINGLE_FAMILY
714.2857143,16889042,32.827717,-117.02229,SINGLE_FAMILY
498.1268657,2060671559,32.76109,-117.03199,TOWNHOUSE
577.4240232,71007931,32.787018,-117.000755,CONDO
511.4722753,17025962,32.792427,-116.9809,TOWNHOUSE
465.5555556,16891462,32.81874,-116.95309,CONDO
691.3919414,16879534,32.85348,-116.98477,SINGLE_FAMILY
596.3103635,16868546,32.812443,-117.04395,SINGLE_FAMILY
496.6843501,17030780,32.780655,-116.97037,SINGLE_FAMILY
688.5964912,16983089,32.798454,-117.0224,SINGLE_FAMILY
449.1691105,17036662,32.759632,-116.96841,SINGLE_FAMILY
433.0669291,17039487,32.75601,-116.983734,SINGLE_FAMILY
391.3502935,16991230,32.776215,-117.037056,SINGLE_FAMILY
472.9985444,54906828,32.806473,-116.96057,SINGLE_FAMILY
424.6575342,17001381,32.764477,-117.02775,CONDO
639.2045455,17018653,32.801094,-116.9981,SINGLE_FAMILY
584.7953216,17022969,32.787716,-117.01331,SINGLE_FAMILY
528.7443268,17022246,32.795258,-117.01428,SINGLE_FAMILY
377.8558875,17020104,32.80684,-116.959816,SINGLE_FAMILY
579.6,2060728942,32.798462,-117.044304,SINGLE_FAMILY
726.4644351,16878250,32.851044,-116.99453,SINGLE_FAMILY
484.1772152,17025892,32.797523,-116.96501,SINGLE_FAMILY
462.4688723,17038555,32.756878,-117.01203,SINGLE_FAMILY
389.4150418,94694426,32.839878,-116.96079,TOWNHOUSE
531.4516129,16885749,32.839825,-116.999954,SINGLE_FAMILY
466.2439388,16890676,32.81741,-116.99412,SINGLE_FAMILY
422.1108179,17024079,32.791843,-116.999054,SINGLE_FAMILY
471.3468013,17030935,32.783875,-116.960175,SINGLE_FAMILY
443.9655172,16883325,32.846313,-116.953995,TOWNHOUSE
150.5681818,2060732540,32.81911,-116.95092,MANUFACTURED
493.5515873,16983928,32.80909,-117.01201,SINGLE_FAMILY
528.5188592,17034136,32.76029,-117.009964,SINGLE_FAMILY
376.1913293,17018784,32.80247,-116.99,SINGLE_FAMILY
556.206089,17036484,32.763645,-116.96276,SINGLE_FAMILY
453.7351443,17038658,32.758205,-117.00473,SINGLE_FAMILY
479.7991071,2060768717,32.802383,-116.96932,CONDO
400.7072136,16883751,32.85347,-116.96035,SINGLE_FAMILY
379.2664349,16890555,32.82136,-116.99349,SINGLE_FAMILY
472.65625,16890256,32.826176,-117.001625,CONDO
474.0834387,17031678,32.786354,-116.954926,SINGLE_FAMILY
649.6742047,17039425,32.75721,-116.99407,SINGLE_FAMILY
526.3052632,16990589,32.785713,-117.03545,CONDO
629.4642857,16983900,32.8081,-117.01557,SINGLE_FAMILY
589.4729825,17000090,32.763348,-117.03894,SINGLE_FAMILY
598.6380952,66667011,32.793045,-116.955666,CONDO
676.7399267,16889175,32.826134,-116.999466,SINGLE_FAMILY
408.0242241,52515152,32.839294,-116.96266,CONDO
438.6363636,16991923,32.774452,-117.030495,CONDO
608.1186573,16999585,32.76622,-117.042725,SINGLE_FAMILY
391.4772727,52518818,32.80125,-116.95287,SINGLE_FAMILY
920.2453988,17001606,32.760006,-117.02816,SINGLE_FAMILY
542.1428571,17029290,32.78043,-117.00028,SINGLE_FAMILY
529.46593,16992114,32.777603,-117.03063,TOWNHOUSE
233.8669951,2077409807,32.813496,-116.959404,MANUFACTURED
462.3842593,16892833,32.829544,-116.95525,SINGLE_FAMILY
590.6120609,17035581,32.767765,-116.98168,SINGLE_FAMILY
399.9636364,17036327,32.768654,-116.96194,SINGLE_FAMILY
623.8137083,17022690,32.790714,-117.01304,SINGLE_FAMILY
648.5074627,17022653,32.791153,-117.01474,SINGLE_FAMILY
474.9262537,16888335,32.839264,-116.96321,CONDO
582.6728827,16880980,32.843307,-116.95578,SINGLE_FAMILY
468.8540181,17023383,32.792946,-117.008224,SINGLE_FAMILY
453.3770161,17036102,32.77359,-116.9852,SINGLE_FAMILY
598.0024969,65238964,32.815525,-116.96038,CONDO
645.8333333,16887856,32.829964,-116.992645,SINGLE_FAMILY
571.9968178,16999583,32.766125,-117.04226,SINGLE_FAMILY
436.4448858,333879030,32.85096,-117.012474,CONDO
497.0178926,17019959,32.81123,-116.95855,SINGLE_FAMILY
187.6923077,140619587,32.831875,-116.97463,MANUFACTURED
645.7564576,16990928,32.77796,-117.04683,SINGLE_FAMILY
440.646821,16884189,32.850548,-116.96221,SINGLE_FAMILY
580.4422944,16982283,32.80497,-117.010056,SINGLE_FAMILY
522.3202171,17038712,32.756344,-116.99922,SINGLE_FAMILY
445.6410256,2060932438,32.76972,-117.04044,MULTI_FAMILY
598.8021956,17035156,32.76162,-116.996124,SINGLE_FAMILY
463.9737991,17197834,32.788918,-117.02399,SINGLE_FAMILY
478.0262143,16887366,32.84403,-117.00391,TOWNHOUSE
497.7011494,17198517,32.79252,-117.0299,SINGLE_FAMILY
526.7857143,17020261,32.805225,-116.95285,SINGLE_FAMILY
478.0,17039604,32.756416,-116.97242,SINGLE_FAMILY
540.0,17031042,32.77863,-116.97309,SINGLE_FAMILY
545.01413,17040963,32.756996,-116.977264,SINGLE_FAMILY
663.4320735,17035063,32.762028,-116.996445,SINGLE_FAMILY
879.0669856,17000365,32.76115,-117.04148,SINGLE_FAMILY
619.1890496,17036320,32.76879,-116.95853,SINGLE_FAMILY
431.9587629,17035462,32.77088,-116.97763,SINGLE_FAMILY
499.6299038,17020392,32.80112,-116.95897,SINGLE_FAMILY
511.3246397,17031317,32.774715,-116.975586,SINGLE_FAMILY
429.8130841,16998031,32.76717,-117.04854,CONDO
806.4502688,17008253,32.756786,-117.043335,SINGLE_FAMILY
460.693153,16887248,32.83449,-117.036476,CONDO
500.0,16886305,32.83757,-117.036736,CONDO
325.1593817,2061143012,32.79401,-116.962845,TOWNHOUSE
538.3846154,17034285,32.758385,-117.00778,SINGLE_FAMILY
413.6690647,17198476,32.7935,-117.02629,SINGLE_FAMILY
556.8561873,17196403,32.80166,-117.04572,SINGLE_FAMILY
468.9765458,17009905,32.7562,-117.035355,CONDO
493.2358318,16983962,32.810093,-117.01224,SINGLE_FAMILY
411.0612855,17198162,32.795715,-117.021736,SINGLE_FAMILY
520.0892857,16888159,32.83155,-116.99358,SINGLE_FAMILY
514.6420824,52523868,32.789684,-117.03385,SINGLE_FAMILY
352.3622047,17026380,32.790676,-116.98077,SINGLE_FAMILY
438.8590133,17035825,32.760384,-116.98167,SINGLE_FAMILY
505.1642266,2061154081,32.760937,-117.03222,TOWNHOUSE
407.0175439,250196749,32.85131,-116.965324,SINGLE_FAMILY
358.9890867,89459616,32.83641,-116.9585,CONDO
423.9276852,17041996,32.75837,-116.95341,SINGLE_FAMILY
372.7272727,17035817,32.759026,-116.982506,SINGLE_FAMILY
446.1217681,16887410,32.83621,-116.98678,SINGLE_FAMILY
384.2516886,17019608,32.817547,-116.985214,SINGLE_FAMILY
725.2298264,16886548,32.83979,-117.01643,SINGLE_FAMILY
713.5338346,16868606,32.80919,-117.04191,SINGLE_FAMILY
413.3190447,17039581,32.757694,-116.97307,SINGLE_FAMILY
336.3539446,61240172,32.794193,-116.962845,CONDO
449.143469,16884891,32.84825,-116.98854,SINGLE_FAMILY
467.7608441,69812288,32.786533,-116.95835,CONDO
527.9162512,16983943,32.80913,-117.014114,SINGLE_FAMILY
458.4040747,16886623,32.841396,-117.01852,SINGLE_FAMILY
441.0394615,17026847,32.797287,-116.98084,SINGLE_FAMILY
500.7839721,17032258,32.780613,-116.95392,SINGLE_FAMILY
418.6602871,17026881,32.783768,-116.98363,SINGLE_FAMILY
539.5833333,17030046,32.77701,-116.99859,SINGLE_FAMILY
592.994811,99574583,32.766556,-116.975975,SINGLE_FAMILY
528.8161994,16885959,32.84366,-117.00776,SINGLE_FAMILY
568.1818182,16979328,32.803337,-117.04751,CONDO
693.4306569,17008243,32.756596,-117.04405,SINGLE_FAMILY
243.361754,17036534,32.76449,-116.9596,SINGLE_FAMILY
373.6969697,17026850,32.79791,-116.98084,SINGLE_FAMILY
603.4482759,16868666,32.807747,-117.040665,SINGLE_FAMILY
445.7085828,79481490,32.77017,-117.03038,TOWNHOUSE
518.627451,16886336,32.83602,-117.03669,TOWNHOUSE
464.9171271,16992177,32.778095,-117.03124,TOWNHOUSE
211.6666667,2132737237,32.834286,-117.017296,MANUFACTURED
541.3080895,16889856,32.830368,-116.99707,SINGLE_FAMILY
386.5477387,17025932,32.79194,-116.9811,SINGLE_FAMILY
596.1538462,16887534,32.838306,-116.98077,CONDO
593.3333333,2069250226,32.78277,-116.98463,MULTI_FAMILY
617.1548117,16868457,32.81231,-117.0434,SINGLE_FAMILY
464.3226474,16991632,32.776173,-117.02886,CONDO
706.0185185,17034261,32.767864,-117.016754,SINGLE_FAMILY
528.08268,17030145,32.78602,-116.97278,SINGLE_FAMILY
579.6534377,16868743,32.814754,-117.04459,SINGLE_FAMILY
578.8804071,16868732,32.813587,-117.04292,SINGLE_FAMILY
448.8709677,17018861,32.79681,-117.004524,SINGLE_FAMILY
611.4551084,16991539,32.774376,-117.03602,SINGLE_FAMILY
413.9433551,2061775664,32.781906,-116.9639,CONDO
677.8571429,17196461,32.800343,-117.042,SINGLE_FAMILY
542.7446569,17195865,32.789413,-117.030304,SINGLE_FAMILY
497.0389171,17025559,32.782326,-116.99279,SINGLE_FAMILY
506.1511424,16887186,32.835396,-117.035225,TOWNHOUSE
718.1372549,17031098,32.77821,-116.971634,SINGLE_FAMILY
398.3268983,16991945,32.785526,-117.02719,CONDO
488.0478088,16890924,32.8281,-116.99834,CONDO
428.7162162,17030023,32.778004,-116.998924,SINGLE_FAMILY
466.6030534,17198812,32.802265,-117.02759,CONDO
683.3941606,17022987,32.78609,-117.01315,SINGLE_FAMILY
555.5555556,16886249,32.842674,-117.01356,SINGLE_FAMILY
236.2884161,2062356138,32.814323,-116.95797,MANUFACTURED
309.5238095,17036234,32.769794,-116.9557,SINGLE_FAMILY
518.7714831,2062393135,32.760906,-117.032265,TOWNHOUSE
212.5,82940101,32.83331,-117.024345,MANUFACTURED
461.7610837,17025337,32.784824,-116.992546,SINGLE_FAMILY
544.5116681,17028283,32.802223,-116.95032,SINGLE_FAMILY
554.0780142,16999329,32.769363,-117.04679,SINGLE_FAMILY
564.5076586,17038571,32.758034,-117.00931,SINGLE_FAMILY
442.6644182,17032977,32.77481,-116.956215,SINGLE_FAMILY
525.512888,16984321,32.811504,-117.01406,SINGLE_FAMILY
464.7272727,17008448,32.75444,-117.04299,SINGLE_FAMILY
701.0816126,16879403,32.8534,-116.986595,SINGLE_FAMILY
433.1683168,17002250,32.75822,-117.020775,SINGLE_FAMILY
556.6600398,17020044,32.81193,-116.9515,SINGLE_FAMILY
519.1693291,16877000,32.86756,-116.98103,SINGLE_FAMILY
303.7326389,119919931,32.95081,-117.04483,MANUFACTURED
531.7982456,16880749,32.85604,-116.97418,CONDO
461.5384615,16881823,32.862953,-116.97897,SINGLE_FAMILY
459.2293907,16874330,32.885406,-116.95806,SINGLE_FAMILY
525.8823529,16877698,32.865658,-116.95903,SINGLE_FAMILY
406.2023386,16879715,32.854786,-116.991425,SINGLE_FAMILY
657.9849212,16829685,32.94911,-117.02025,SINGLE_FAMILY
673.0769231,16875287,32.85818,-117.00457,SINGLE_FAMILY
444.606414,16877588,32.864105,-116.960945,SINGLE_FAMILY
634.6306593,16883132,32.860542,-116.97337,SINGLE_FAMILY
463.8671875,16874490,32.880527,-116.95485,SINGLE_FAMILY
534.591195,16883770,32.854206,-116.96659,SINGLE_FAMILY
558.7557604,94694735,32.92481,-117.044426,SINGLE_FAMILY
503.67597,16884525,32.859684,-116.96904,SINGLE_FAMILY
160.1762821,82939021,32.95081,-117.04483,MANUFACTURED
485.3721683,16876593,32.87062,-117.00133,SINGLE_FAMILY
470.8649205,250192775,32.85568,-117.0108,SINGLE_FAMILY
567.7324358,98970043,32.929783,-117.01636,SINGLE_FAMILY
508.4151473,16881372,32.865032,-116.96949,SINGLE_FAMILY
340.7456958,16881734,32.86144,-116.96821,SINGLE_FAMILY
482.0037106,250811698,32.85846,-117.01295,SINGLE_FAMILY
522.2477543,69018850,32.920948,-117.04185,SINGLE_FAMILY
542.1908894,16876361,32.87045,-116.97482,SINGLE_FAMILY
590.3250189,16876617,32.869102,-117.001915,SINGLE_FAMILY
321.3378493,16883088,32.86047,-116.97496,SINGLE_FAMILY
504.6583851,16882966,32.857048,-116.95958,SINGLE_FAMILY
572.1374046,16883842,32.86203,-116.96659,SINGLE_FAMILY
323.2352941,16888417,32.859234,-116.988266,SINGLE_FAMILY
497.8813559,69018853,32.92153,-117.04157,SINGLE_FAMILY
466.9779853,16881700,32.863396,-116.97662,SINGLE_FAMILY
535.0604491,251055332,32.858376,-117.01311,SINGLE_FAMILY
473.6842105,16883577,32.859,-116.97212,CONDO
465.7570192,68963485,32.88541,-116.9618,SINGLE_FAMILY
394.0817285,16881499,32.865284,-116.97492,SINGLE_FAMILY
482.3059361,16875738,32.866966,-116.96893,SINGLE_FAMILY
614.6153846,16829339,32.9538,-117.019485,SINGLE_FAMILY
444.450431,16749124,33.010777,-116.95224,SINGLE_FAMILY
653.0769231,16814744,32.95815,-117.04463,SINGLE_FAMILY
539.5724713,2060677358,33.051926,-117.02656,TOWNHOUSE
526.972973,2060678183,33.051926,-117.02656,TOWNHOUSE
579.200542,2060678695,33.051926,-117.02656,TOWNHOUSE
432.7393075,16815611,32.963074,-117.03984,SINGLE_FAMILY
216.3461538,82929161,32.966457,-117.03405,MANUFACTURED
572.4971231,16802464,32.964348,-117.04569,SINGLE_FAMILY
573.5544218,16741704,33.022728,-117.04695,SINGLE_FAMILY
642.3331952,16749355,33.00037,-117.01517,SINGLE_FAMILY
573.5544218,16741787,33.02403,-117.04114,SINGLE_FAMILY
411.1198121,16749733,33.020332,-116.96681,SINGLE_FAMILY
753.0769231,16814803,32.962704,-117.047516,SINGLE_FAMILY
706.1011905,16802965,32.966408,-117.04433,SINGLE_FAMILY
762.5649913,16746806,33.00512,-117.04886,SINGLE_FAMILY
607.7529566,16803107,32.96407,-117.043884,SINGLE_FAMILY
714.6551724,16830066,32.958305,-117.021645,SINGLE_FAMILY
725.1145038,16802825,32.98099,-117.03907,SINGLE_FAMILY
552.556391,2061097952,32.95691,-117.04678,TOWNHOUSE
766.0981219,16746910,32.999924,-117.03525,SINGLE_FAMILY
496.4207905,16747802,33.0099,-117.03098,SINGLE_FAMILY
481.6199292,2061161602,33.030655,-117.030556,SINGLE_FAMILY
568.1619938,2061198249,33.051926,-117.02656,TOWNHOUSE
519.1594561,60281370,32.994335,-116.99446,SINGLE_FAMILY
621.1180124,16830177,32.962902,-117.01566,SINGLE_FAMILY
516.4878824,16741759,33.024223,-117.04283,SINGLE_FAMILY
197.3684211,82945409,32.966457,-117.03405,MANUFACTURED
558.1589958,16736706,33.042065,-117.04452,SINGLE_FAMILY
540.4430706,16802133,32.97973,-117.04366,SINGLE_FAMILY
674.5495495,16813779,32.960823,-117.03203,SINGLE_FAMILY
756.2662057,16829924,32.957977,-117.01354,SINGLE_FAMILY
618.9000775,16814566,32.957767,-117.049164,SINGLE_FAMILY
444.9132677,16829834,32.961376,-117.01738,SINGLE_FAMILY
533.0718488,51080014,32.96563,-117.01412,SINGLE_FAMILY
556.2820681,16736136,33.03602,-117.04759,SINGLE_FAMILY
540.0,16736304,33.039852,-117.04947,CONDO
690.433213,16737612,33.039463,-117.04301,SINGLE_FAMILY
524.336928,16748489,33.01937,-117.027916,SINGLE_FAMILY
565.4690619,16735627,33.036575,-117.04872,SINGLE_FAMILY
499.2690058,108865877,32.98935,-117.01726,SINGLE_FAMILY
740.4004388,54655122,33.042953,-117.017815,SINGLE_FAMILY
487.6422764,16828898,32.98961,-116.971695,SINGLE_FAMILY
849.8896247,72108620,32.965057,-117.03436,SINGLE_FAMILY
446.4285714,16828470,32.973557,-117.00219,SINGLE_FAMILY
200.1488095,2060643125,33.138885,-117.04881,MANUFACTURED
163.6904762,2060644928,33.138885,-117.04881,MANUFACTURED
204.3269231,82924111,33.14204,-117.047775,MANUFACTURED
464.4970414,16707367,33.123505,-117.00999,SINGLE_FAMILY
244.5842068,2060734288,33.1424,-117.04114,MANUFACTURED
396.9465649,16706083,33.080338,-117.03917,SINGLE_FAMILY
490.6542056,82746303,33.142063,-117.0365,MANUFACTURED
704.5009785,16748227,33.06583,-117.01061,SINGLE_FAMILY
128.2051282,99489719,33.145428,-117.04015,MANUFACTURED
455.0056883,16695955,33.1438,-117.03344,SINGLE_FAMILY
133.5565476,99533799,33.145428,-117.04015,MANUFACTURED
331.8759936,82940769,33.15173,-117.03441,SINGLE_FAMILY
681.7613636,295344400,33.063644,-117.01334,SINGLE_FAMILY
452.1345408,16695449,33.132973,-117.048164,SINGLE_FAMILY
468.9119171,16696805,33.149696,-117.04095,SINGLE_FAMILY
429.7297297,16694456,33.130703,-117.04809,SINGLE_FAMILY
483.6021505,16734177,33.079098,-117.0476,SINGLE_FAMILY
508.5227273,16706348,33.084957,-117.04216,SINGLE_FAMILY
401.948327,16706755,33.13238,-117.03105,SINGLE_FAMILY
295.6682436,88782566,33.152664,-117.02686,SINGLE_FAMILY
476.702509,16706549,33.133644,-116.97962,SINGLE_FAMILY
525.3623188,16696655,33.138508,-117.03956,SINGLE_FAMILY
591.751434,51078465,33.091236,-117.04467,SINGLE_FAMILY
304.3896187,79572110,33.154057,-117.03679,SINGLE_FAMILY
323.4139961,82927728,33.14775,-117.04443,SINGLE_FAMILY
676.8275473,139979114,33.095737,-117.03481,SINGLE_FAMILY
448.7917146,16683131,33.148327,-117.048416,SINGLE_FAMILY
223.4993614,82928318,33.145428,-117.04015,MANUFACTURED
454.5454545,16695823,33.12548,-117.04739,SINGLE_FAMILY
151.4423077,82927572,33.13752,-117.044304,MANUFACTURED
418.4100418,16706067,33.083664,-117.04132,SINGLE_FAMILY
468.5501066,16707209,33.114655,-117.011986,SINGLE_FAMILY
169.7048611,99474100,33.145428,-117.04015,MANUFACTURED
214.9470899,2062185290,33.138885,-117.04881,MANUFACTURED
511.679644,16695948,33.14758,-117.04174,CONDO
301.3468013,82942603,33.15071,-117.03425,SINGLE_FAMILY
428.6381687,16703999,33.094215,-117.047325,SINGLE_FAMILY
344.9328449,16703757,33.0969,-117.04459,SINGLE_FAMILY
508.07327,16694530,33.129353,-117.04718,SINGLE_FAMILY
359.2564885,2062194004,33.2119,-117.039505,SINGLE_FAMILY
422.3847647,2062194007,33.2119,-117.039505,SINGLE_FAMILY
281.9511278,2067119808,33.21711,-117.03446,SINGLE_FAMILY
320.1515698,2062694153,33.219498,-117.042404,SINGLE_FAMILY
256.5756579,2067119801,33.21711,-117.03446,SINGLE_FAMILY
360.058309,2068815382,33.22219,-117.04045,SINGLE_FAMILY
339.4182692,2067127016,33.21711,-117.03446,SINGLE_FAMILY
331.7391304,2068815378,33.22219,-117.04045,SINGLE_FAMILY
280.8683853,2068815379,33.22219,-117.04045,SINGLE_FAMILY
381.107802,2062194006,33.2119,-117.039505,SINGLE_FAMILY
384.2931937,2068815381,33.22219,-117.04045,SINGLE_FAMILY
543.3601391,2081240300,33.18979,-116.97005,SINGLE_FAMILY
293.395886,2068815380,33.22219,-117.04045,SINGLE_FAMILY
419.2645883,16643766,33.241856,-116.98691,SINGLE_FAMILY
341.9452888,333878703,33.210125,-117.03625,SINGLE_FAMILY
423.3067729,54902627,33.251575,-117.03838,SINGLE_FAMILY
328.0696576,2060837731,33.219193,-117.041466,SINGLE_FAMILY
453.9951574,59877569,33.18968,-117.0198,SINGLE_FAMILY
415.9186116,16643527,33.253853,-116.98102,SINGLE_FAMILY
476.9337496,2075664479,33.228264,-116.985794,SINGLE_FAMILY
310.1141283,2068815383,33.22219,-117.04045,SINGLE_FAMILY
541.6666667,16644123,33.203594,-116.95323,SINGLE_FAMILY
143.75,140615030,33.165092,-116.99604,MANUFACTURED
261.7798771,16643565,33.243107,-116.990524,SINGLE_FAMILY
511.2176743,69811922,33.197468,-117.01704,SINGLE_FAMILY
267.6254935,60551801,33.20644,-117.02237,SINGLE_FAMILY
314.4266338,16640498,33.232754,-117.04964,SINGLE_FAMILY
345.1695652,2061230514,33.219925,-117.041725,SINGLE_FAMILY
291.8287938,2087884827,33.206436,-117.00749,SINGLE_FAMILY
409.0909091,16640748,33.198086,-117.03226,SINGLE_FAMILY
359.5890411,79569860,33.15569,-117.037636,SINGLE_FAMILY
434.2431762,16643682,33.239628,-117.00409,SINGLE_FAMILY
309.3431974,2061811715,33.219166,-117.041306,SINGLE_FAMILY
371.234208,2062360154,33.220478,-117.04201,SINGLE_FAMILY
344.045911,16640501,33.229782,-117.04853,SINGLE_FAMILY
391.0016069,16640823,33.21897,-117.03643,SINGLE_FAMILY
596.5287419,82939913,33.21021,-116.99372,SINGLE_FAMILY
368.161656,99556095,33.192364,-116.987755,SINGLE_FAMILY
478.1829209,2067019158,33.21191,-117.038376,SINGLE_FAMILY
356.2577447,16644243,33.205784,-116.99213,SINGLE_FAMILY
308.8480801,60281172,33.207558,-117.013626,SINGLE_FAMILY
789.4736842,250086456,33.229427,-117.0012,SINGLE_FAMILY
406.2755872,2063254837,33.21578,-117.03986,SINGLE_FAMILY
496.7079088,2063317539,33.21198,-117.03857,SINGLE_FAMILY
292.5884956,16575649,33.292118,-116.96886,SINGLE_FAMILY
397.038358,16567935,33.345116,-117.00547,SINGLE_FAMILY
402.1447721,16576652,33.280483,-117.015144,SINGLE_FAMILY
433.0623306,52504102,33.27768,-117.00326,SINGLE_FAMILY
475.8576874,16576498,33.27054,-116.99887,SINGLE_FAMILY
417.7934018,16575503,33.30208,-117.02519,SINGLE_FAMILY
577.046549,16575500,33.300835,-117.02539,SINGLE_FAMILY
362.2094778,99505880,33.2895,-116.988,SINGLE_FAMILY
333.6845803,295338077,33.29812,-116.99324,SINGLE_FAMILY
429.255205,16575846,33.30075,-116.99688,SINGLE_FAMILY
532.1428571,139763407,33.309113,-117.00802,SINGLE_FAMILY
494.0652819,16575397,33.263172,-117.043465,SINGLE_FAMILY
427.0833333,16574585,33.295708,-117.03373,SINGLE_FAMILY
658.6826347,82019495,33.55368,-116.99909,SINGLE_FAMILY
331.4393939,249817031,33.552307,-116.99927,SINGLE_FAMILY
480.0724638,18173251,33.540653,-116.99647,SINGLE_FAMILY
429.1843109,2060739940,33.546,-117.00134,SINGLE_FAMILY
608.1245439,2060739982,33.5532,-117.027214,SINGLE_FAMILY
548.4435221,18166441,33.55341,-116.981766,SINGLE_FAMILY
480.7692308,18171657,33.51778,-117.03753,MANUFACTURED
436.875,2096712069,33.51224,-117.00767,SINGLE_FAMILY
585.9375,325831373,33.550163,-116.98882,SINGLE_FAMILY
643.2432432,2062620813,33.524258,-116.95565,SINGLE_FAMILY
2750.0,249816837,33.503674,-117.03419,SINGLE_FAMILY
824.1758242,52502927,33.52044,-117.01947,SINGLE_FAMILY
399.0610329,18171714,33.498585,-117.01574,SINGLE_FAMILY
473.4348562,18171736,33.536358,-116.996086,SINGLE_FAMILY
388.7750922,18166575,33.579597,-116.99604,SINGLE_FAMILY
514.9844988,18166596,33.580654,-116.9843,SINGLE_FAMILY
448.6251809,95927191,33.56063,-116.95839,SINGLE_FAMILY
468.7809695,18171559,33.55944,-117.00241,SINGLE_FAMILY
385.0047281,82015145,33.61715,-116.9905,SINGLE_FAMILY
326.3400932,17994555,33.626823,-116.969315,SINGLE_FAMILY
284.0016708,18166561,33.58417,-116.99202,MANUFACTURED
398.8235294,18171616,33.557888,-117.01095,SINGLE_FAMILY
313.0434783,242043261,33.617756,-116.960686,MANUFACTURED
564.1330166,18166591,33.5858,-116.98317,SINGLE_FAMILY
564.1563894,2061734802,33.560295,-116.98661,SINGLE_FAMILY
422.0161674,17994524,33.600475,-116.97395,SINGLE_FAMILY
396.5419501,18171589,33.558754,-117.00787,SINGLE_FAMILY
892.281106,2062482923,33.58655,-116.98107,SINGLE_FAMILY
619.7183099,2084822156,33.55589,-117.01093,SINGLE_FAMILY
499.9992857,303903228,33.56364,-116.9858,MANUFACTURED
1186.755952,331531930,33.586296,-116.957634,SINGLE_FAMILY
167.4107143,17988581,33.72103,-116.99635,MANUFACTURED
210.2942449,2066432441,33.72792,-116.9851,SINGLE_FAMILY
307.5396825,17980593,33.73965,-116.97238,SINGLE_FAMILY
261.5822408,2068817625,33.7167,-117.0323,SINGLE_FAMILY
117.9861111,17977373,33.734608,-116.98853,MANUFACTURED
273.771538,17989751,33.72288,-117.0081,SINGLE_FAMILY
144.6192893,54960506,33.72299,-116.9979,MANUFACTURED
212.6736111,17976779,33.73888,-116.986984,SINGLE_FAMILY
214.376954,2067449048,33.72792,-116.9851,SINGLE_FAMILY
209.2844162,2068817628,33.7167,-117.0323,SINGLE_FAMILY
84.28571429,17760220,33.723866,-116.97375,MANUFACTURED
310.7344633,17975116,33.753128,-117.00155,SINGLE_FAMILY
373.6263736,17981792,33.729675,-116.96697,SINGLE_FAMILY
173.0665224,69295852,33.71779,-117.00564,SINGLE_FAMILY
190.7760618,2068817633,33.7167,-117.0323,SINGLE_FAMILY
41.61458333,17758021,33.724762,-116.977066,MANUFACTURED
121.5277778,17758468,33.708504,-116.98331,MANUFACTURED
145.8325893,17976999,33.73581,-116.9857,MANUFACTURED
79.54431818,2087085829,33.7256,-116.97933,MANUFACTURED
27.04678363,54951723,33.752,-116.986984,MANUFACTURED
242.3551106,2067449049,33.72792,-116.9851,SINGLE_FAMILY
228.9331502,2070020599,33.693195,-116.967415,SINGLE_FAMILY
255.3763441,17976870,33.73676,-116.98843,SINGLE_FAMILY
193.4725093,2068817631,33.7167,-117.0323,SINGLE_FAMILY
238.7079731,2070007428,33.693195,-116.967415,SINGLE_FAMILY
240.9021015,17990135,33.715122,-117.01706,SINGLE_FAMILY
244.9477352,2060671556,33.73164,-117.04154,SINGLE_FAMILY
215.1635246,69274804,33.712692,-117.019714,SINGLE_FAMILY
205.197458,2068817630,33.7167,-117.0323,SINGLE_FAMILY
204.1026694,2067449046,33.72792,-116.9851,SINGLE_FAMILY
249.8761161,2068817632,33.7167,-117.0323,SINGLE_FAMILY
243.1610942,17974975,33.749535,-117.01718,MANUFACTURED
172.1991701,17976385,33.742043,-116.98594,SINGLE_FAMILY
380.0,17980835,33.740116,-116.96382,SINGLE_FAMILY
343.8914027,17980841,33.73924,-116.96371,SINGLE_FAMILY
117.9861111,17987192,33.732742,-116.98924,MANUFACTURED
203.4560724,331554286,33.75215,-116.94973,MULTI_FAMILY
401.3381995,17980061,33.74175,-116.974045,SINGLE_FAMILY
316.5833333,17986003,33.727345,-116.97825,SINGLE_FAMILY
197.9166667,17987346,33.727543,-117.00055,MANUFACTURED
268.2926829,17973952,33.75364,-116.99675,SINGLE_FAMILY
119.4444444,17987187,33.732704,-116.99031,MANUFACTURED
340.9350057,17976284,33.75086,-116.983475,SINGLE_FAMILY
205.3824363,17976788,33.739822,-116.9862,SINGLE_FAMILY
307.120085,17980915,33.736916,-116.96445,SINGLE_FAMILY
312.221231,17982090,33.742012,-116.950584,SINGLE_FAMILY
120.055791,17987126,33.73529,-116.989914,MANUFACTURED
216.8843284,17980242,33.741074,-116.96871,SINGLE_FAMILY
120.3703704,17977474,33.733288,-116.98542,MANUFACTURED
289.1147959,17978567,33.753136,-116.96441,SINGLE_FAMILY
386.2478778,17982927,33.734158,-116.9571,SINGLE_FAMILY
344.8626653,17980487,33.737514,-116.97665,SINGLE_FAMILY
322.4206349,17980563,33.73897,-116.97335,SINGLE_FAMILY
310.6936416,17989782,33.720898,-117.01096,SINGLE_FAMILY
234.7414906,331554184,33.75351,-116.98339,MULTI_FAMILY
143.75,54958888,33.72979,-116.989555,MANUFACTURED
212.1936641,54960517,33.71804,-117.003,MANUFACTURED
280.8988764,17974835,33.75126,-117.00307,SINGLE_FAMILY
351.3824885,17980081,33.741486,-116.97365,SINGLE_FAMILY
216.0650737,17988500,33.717793,-116.99602,SINGLE_FAMILY
252.8948848,17988827,33.73842,-116.99546,SINGLE_FAMILY
312.9346314,54958409,33.732243,-117.00483,SINGLE_FAMILY
193.271028,54959845,33.719776,-117.02069,SINGLE_FAMILY
50.40322581,83140959,33.741257,-117.026665,MANUFACTURED
170.3598485,17977312,33.733585,-116.98081,MANUFACTURED
307.6153846,17978688,33.74901,-116.97625,SINGLE_FAMILY
312.2043519,17978991,33.74501,-116.96698,SINGLE_FAMILY
305.5555556,17980215,33.741066,-116.97022,SINGLE_FAMILY
193.4725093,2061338231,33.716816,-117.03113,SINGLE_FAMILY
218.6761229,17987631,33.72815,-116.99204,SINGLE_FAMILY
103.3333333,17977224,33.734524,-116.9828,MANUFACTURED
317.872807,17978828,33.74666,-116.96593,SINGLE_FAMILY
355.2696078,17978829,33.746525,-116.96593,SINGLE_FAMILY
307.0809249,17981756,33.730366,-116.96439,SINGLE_FAMILY
365.6220323,17982800,33.73545,-116.961655,SINGLE_FAMILY
149.2361111,17977489,33.732483,-116.98879,MANUFACTURED
282.5,17988666,33.732113,-116.99189,SINGLE_FAMILY
263.1874299,95931688,33.721306,-117.02738,SINGLE_FAMILY
232.8244275,17976477,33.743004,-116.983315,SINGLE_FAMILY
114.9553571,17987233,33.73074,-116.99044,MANUFACTURED
282.8608247,54958388,33.733887,-117.001686,SINGLE_FAMILY
186.5671642,69274741,33.714752,-117.01841,SINGLE_FAMILY
294.4438356,17979380,33.75374,-116.949196,SINGLE_FAMILY
267.921147,17976898,33.736748,-116.98597,SINGLE_FAMILY
228.7984743,17982942,33.734035,-116.95526,SINGLE_FAMILY
186.7725065,69274706,33.713963,-117.01819,SINGLE_FAMILY
200.2209334,79835878,33.686623,-116.96855,SINGLE_FAMILY
124.501992,17977755,33.73315,-116.98476,MANUFACTURED
126.4880952,52499001,33.732655,-116.98774,MANUFACTURED
262.472885,17974944,33.75392,-116.99267,SINGLE_FAMILY
156.9148936,17987500,33.727985,-117.0026,MANUFACTURED
205.8493215,54959928,33.720284,-117.01899,SINGLE_FAMILY
208.9552239,95898340,33.69002,-116.96882,SINGLE_FAMILY
410.6807512,17986646,33.729244,-116.95825,SINGLE_FAMILY
133.3328205,17987325,33.727978,-117.00116,MANUFACTURED
279.969651,54960381,33.727425,-116.99561,SINGLE_FAMILY
264.9930265,17980699,33.738705,-116.96912,SINGLE_FAMILY
543.2692308,17978729,33.75042,-116.97356,SINGLE_FAMILY
256.4825254,17989719,33.72352,-117.00765,SINGLE_FAMILY
268.879668,17976463,33.740883,-116.98498,SINGLE_FAMILY
134.6153846,17977614,33.73083,-116.98569,MANUFACTURED
288.6029412,17979816,33.744205,-116.95607,SINGLE_FAMILY
248.0769231,17987824,33.724693,-116.99241,SINGLE_FAMILY
236.5301724,17989201,33.73568,-117.00257,SINGLE_FAMILY
87.96296296,69289999,33.745605,-116.98639,MANUFACTURED
257.2006173,17979877,33.74358,-116.97693,SINGLE_FAMILY
186.8732908,2081850344,33.68171,-116.964584,MULTI_FAMILY
107.2530864,331556872,33.742428,-117.04832,MANUFACTURED
330.5288462,17980110,33.740444,-116.975586,SINGLE_FAMILY
319.4207836,17982816,33.735455,-116.960236,SINGLE_FAMILY
291.4230019,17986504,33.727486,-116.967,SINGLE_FAMILY
207.03125,17989940,33.703888,-116.966125,SINGLE_FAMILY
270.6766917,2060957552,33.748768,-117.0106,MANUFACTURED
273.5739232,17982288,33.739902,-116.94903,SINGLE_FAMILY
291.5980231,17975069,33.75124,-117.00107,SINGLE_FAMILY
207.2563925,17976526,33.738567,-116.98221,SINGLE_FAMILY
271.6186883,95886428,33.689716,-116.96933,SINGLE_FAMILY
122.9497354,17977962,33.72974,-116.98158,MANUFACTURED
215.8241758,17987068,33.743385,-116.99671,CONDO
244.2557443,17989414,33.727673,-116.98216,SINGLE_FAMILY
207.3880903,2061092705,33.724514,-116.986015,SINGLE_FAMILY
202.7298274,79835087,33.724564,-117.00564,SINGLE_FAMILY
233.7585034,17980256,33.740692,-116.96806,SINGLE_FAMILY
205.3347023,2061228929,33.724297,-116.98683,SINGLE_FAMILY
304.505814,17981965,33.743702,-116.95814,SINGLE_FAMILY
198.0769231,17989823,33.720425,-116.99438,SINGLE_FAMILY
258.113804,69286956,33.720238,-117.006165,SINGLE_FAMILY
270.1242572,83130578,33.71916,-117.02619,SINGLE_FAMILY
487.2389791,67087638,33.73963,-116.95826,SINGLE_FAMILY
143.6781609,17977290,33.733505,-116.98057,MANUFACTURED
307.8556263,17979519,33.75212,-116.95684,SINGLE_FAMILY
238.7152778,54960353,33.72548,-116.99954,MANUFACTURED
345.1178451,17988644,33.73247,-116.99338,SINGLE_FAMILY
279.1814721,2061259133,33.72451,-116.986855,SINGLE_FAMILY
157.0512821,17976977,33.735233,-116.98516,MANUFACTURED
308.8416988,17994428,33.65607,-116.9773,SINGLE_FAMILY
209.1679507,17980559,33.738777,-116.97317,SINGLE_FAMILY
308.0826386,69261751,33.727985,-117.04122,SINGLE_FAMILY
326.4812576,17974529,33.752197,-116.98944,SINGLE_FAMILY
175.887432,54959631,33.723,-117.018585,SINGLE_FAMILY
283.5051546,54958657,33.736874,-116.99492,SINGLE_FAMILY
233.9108911,17986811,33.727276,-116.95087,SINGLE_FAMILY
357.8578579,17986662,33.72632,-116.956635,SINGLE_FAMILY
353.4848485,122427713,33.679,-116.966995,MANUFACTURED
272.4025974,17975026,33.74997,-117.01667,SINGLE_FAMILY
263.8705416,17988718,33.734592,-116.996895,SINGLE_FAMILY
129.2989418,17977754,33.733097,-116.984566,MANUFACTURED
196.7081493,69287025,33.7162,-117.00344,SINGLE_FAMILY
216.9059011,17976582,33.738995,-116.9819,CONDO
216.5798611,17987348,33.727543,-117.00096,MANUFACTURED
172.2222222,17987577,33.72324,-117.00239,MANUFACTURED
239.4636015,17976766,33.739628,-116.98864,SINGLE_FAMILY
230.7692308,17979632,33.750126,-116.950745,SINGLE_FAMILY
201.979798,69286960,33.719616,-117.00556,SINGLE_FAMILY
232.1644498,17973943,33.753662,-116.99544,SINGLE_FAMILY
308.9330025,17987728,33.726395,-116.995674,SINGLE_FAMILY
202.4361949,2070029860,33.7541,-116.96334,MULTI_FAMILY
65.35714286,17755423,33.75206,-116.97716,MANUFACTURED
90.0,2061614153,33.74841,-116.985985,MANUFACTURED
160.4197901,69295817,33.719578,-117.00455,SINGLE_FAMILY
233.9901478,95903127,33.718567,-117.02487,SINGLE_FAMILY
269.04474,17989258,33.735973,-116.9943,SINGLE_FAMILY
258.7373168,17989674,33.72311,-117.01025,SINGLE_FAMILY
210.7024793,69286891,33.72451,-117.0033,SINGLE_FAMILY
252.6373626,17987050,33.743202,-116.99717,CONDO
240.2476291,2061675077,33.724293,-116.986855,SINGLE_FAMILY
212.1438142,2061677178,33.724052,-116.98636,SINGLE_FAMILY
243.8825449,17976785,33.73978,-116.98682,SINGLE_FAMILY
200.8816121,17976640,33.73949,-116.98353,SINGLE_FAMILY
260.2739726,17981464,33.735077,-116.965744,SINGLE_FAMILY
222.7047146,17987794,33.723907,-116.99366,SINGLE_FAMILY
135.1608187,17977630,33.730724,-116.98792,MANUFACTURED
130.15625,17977961,33.72974,-116.98177,SINGLE_FAMILY
257.5366064,17987544,33.72787,-116.99447,SINGLE_FAMILY
1498.868778,17994406,33.664852,-116.97869,MANUFACTURED
199.6188661,54958641,33.739964,-116.99695,SINGLE_FAMILY
295.1883316,17974941,33.753895,-116.99313,SINGLE_FAMILY
319.8198198,17980034,33.74301,-116.973526,SINGLE_FAMILY
225.7396734,2062585004,33.69251,-116.96496,SINGLE_FAMILY
236.7066895,17987836,33.72418,-116.99473,SINGLE_FAMILY
281.25,95860716,33.723125,-117.02581,SINGLE_FAMILY
180.5555556,17986203,33.723804,-116.977165,MANUFACTURED
286.5853659,2061897156,33.742935,-116.96655,SINGLE_FAMILY
130.8479532,17977336,33.733482,-116.98879,MANUFACTURED
301.9791667,17978967,33.74486,-116.96871,SINGLE_FAMILY
189.5145631,69295822,33.720867,-117.00332,SINGLE_FAMILY
224.1704036,95803607,33.721626,-117.03056,SINGLE_FAMILY
255.1222736,96008810,33.720577,-117.027016,SINGLE_FAMILY
168.9032855,17980144,33.743492,-116.9709,SINGLE_FAMILY
180.5548611,54960303,33.7255,-117.00301,MANUFACTURED
750.0,17978736,33.749733,-116.97307,SINGLE_FAMILY
350.4482478,17982178,33.742718,-116.94961,SINGLE_FAMILY
351.4046185,17979876,33.75054,-116.961754,SINGLE_FAMILY
275.5760369,17976490,33.740665,-116.9826,SINGLE_FAMILY
273.2988166,17982070,33.740627,-116.95344,SINGLE_FAMILY
325.5230126,17981591,33.733345,-116.96414,SINGLE_FAMILY
348.1624758,17985992,33.727962,-116.97869,SINGLE_FAMILY
506.9124424,17973861,33.74939,-117.00273,SINGLE_FAMILY
257.4607992,17989132,33.73497,-117.00095,SINGLE_FAMILY
573.2984293,69265369,33.67794,-116.98108,SINGLE_FAMILY
259.5628415,17986724,33.724567,-116.95553,SINGLE_FAMILY
217.7554439,17994275,33.6831,-116.96197,SINGLE_FAMILY
381.1754685,17994231,33.67575,-116.97665,SINGLE_FAMILY
188.4522855,17976564,33.73902,-116.980606,CONDO
339.7727273,2066487508,33.74473,-116.969154,MULTI_FAMILY
222.6377358,2066401438,33.692505,-116.96669,SINGLE_FAMILY
275.8974359,17978593,33.753963,-116.96333,SINGLE_FAMILY
277.3195876,17980041,33.74232,-116.97308,SINGLE_FAMILY
223.4673698,17982479,33.737038,-116.95104,SINGLE_FAMILY
324.7126437,63313201,33.744503,-116.952194,SINGLE_FAMILY
258.2948125,2061739206,33.78855,-116.96845,SINGLE_FAMILY
288.5604113,69267087,33.798813,-116.962425,SINGLE_FAMILY
294.7741935,2061739210,33.78855,-116.96845,SINGLE_FAMILY
217.9549051,2061933016,33.793636,-117.04311,SINGLE_FAMILY
240.6780422,2061933018,33.793636,-117.04311,SINGLE_FAMILY
78.02083333,59423912,33.766514,-116.9957,MANUFACTURED
212.5904422,2062553071,33.77943,-116.9975,SINGLE_FAMILY
283.5051546,17968215,33.789352,-116.96494,SINGLE_FAMILY
320.056899,17969400,33.786068,-116.97164,SINGLE_FAMILY
260.777009,17975469,33.76,-116.98286,SINGLE_FAMILY
271.5976331,338225904,33.78707,-116.96891,SINGLE_FAMILY
295.6360424,2061933015,33.793636,-117.04311,SINGLE_FAMILY
245.516333,2062538181,33.77943,-116.9975,SINGLE_FAMILY
199.0500591,2064193094,33.8,-116.95,SINGLE_FAMILY
268.9565781,61287839,33.76065,-116.9834,SINGLE_FAMILY
279.5645161,2061933017,33.793636,-117.04311,SINGLE_FAMILY
212.5904422,2064193093,33.8,-116.95,SINGLE_FAMILY
251.9975415,17966138,33.78667,-116.981636,SINGLE_FAMILY
198.521335,79820760,33.786182,-117.021324,SINGLE_FAMILY
192.2996795,17968660,33.789932,-116.97545,MANUFACTURED
257.2041166,17975372,33.76013,-117.00202,SINGLE_FAMILY
253.2335329,2096059010,33.7879,-116.95225,SINGLE_FAMILY
307.2870939,17968162,33.789196,-116.96651,SINGLE_FAMILY
279.5031056,17975040,33.761112,-116.99642,SINGLE_FAMILY
263.5825713,303906230,33.793743,-117.03826,SINGLE_FAMILY
298.0603448,54958284,33.76671,-117.00489,SINGLE_FAMILY
178.4297493,61298776,33.78808,-116.996185,SINGLE_FAMILY
82.41758242,63302879,33.767754,-116.99374,MANUFACTURED
214.1886629,2064193095,33.8,-116.95,SINGLE_FAMILY
