X,Y,Z
123.22791618192313,53.56208330328054,0.1901930123567581
123.23624951522316,53.56208330328054,0.2037583291530609
123.24458284852317,53.56208330328054,0.1985992640256881
123.25291618182315,53.56208330328054,0.1643895953893661
123.26124951512315,53.56208330328054,0.1438205242156982
123.26958284842316,53.56208330328054,0.1267520934343338
123.27791618172316,53.56208330328054,0.1327165216207504
123.20291618202316,53.55374996998054,0.2501032054424285
123.21124951532315,53.55374996998054,0.2293818742036819
123.21958284862316,53.55374996998054,0.2006240487098693
123.22791618192313,53.55374996998054,0.1448412835597991
123.23624951522316,53.55374996998054,0.0744714215397834
123.24458284852317,53.55374996998054,0.0794129222631454
123.25291618182315,53.55374996998054,0.1342940628528594
123.26124951512315,53.55374996998054,0.1571957170963287
123.26958284842316,53.55374996998054,0.1947739422321319
123.27791618172316,53.55374996998054,0.1616337448358535
123.28624951502316,53.55374996998054,0.1954288631677627
123.29458284832316,53.55374996998054,0.1984307616949081
123.30291618162315,53.55374996998054,0.1567269414663314
123.48624951422315,53.55374996998054,0.205125018954277
123.49458284752316,53.55374996998054,0.1668470799922943
123.50291618082314,53.55374996998054,0.1230546087026596
123.51124951412316,53.55374996998054,0.0573027469217777
123.51958284742317,53.55374996998054,0.0856224000453948
123.52791618072315,53.55374996998054,0.1855888366699218
123.19458284872316,53.545416636680535,0.2519454061985015
123.20291618202316,53.545416636680535,0.1604560613632202
123.21124951532315,53.545416636680535,0.144136369228363
123.21958284862316,53.545416636680535,0.0389326699078083
123.22791618192313,53.545416636680535,0.1200558394193649
123.23624951522316,53.545416636680535,0.1927028745412826
123.24458284852317,53.545416636680535,0.2140433937311172
123.25291618182315,53.545416636680535,0.2199819684028625
123.26124951512315,53.545416636680535,0.2142015248537063
123.26958284842316,53.545416636680535,0.211203396320343
123.27791618172316,53.545416636680535,0.2071988880634307
123.28624951502316,53.545416636680535,0.2119023352861404
123.29458284832316,53.545416636680535,0.2099936306476593
123.30291618162315,53.545416636680535,0.2068831324577331
123.31124951492316,53.545416636680535,0.2167764008045196
123.31958284822313,53.545416636680535,0.2154220640659332
123.32791618152316,53.545416636680535,0.1859112232923507
123.33624951482317,53.545416636680535,0.173257902264595
123.34458284812315,53.545416636680535,0.1596791893243789
123.47791618092316,53.545416636680535,0.1777854859828948
123.48624951422315,53.545416636680535,0.0215504262596368
123.49458284752316,53.545416636680535,0.0
123.50291618082314,53.545416636680535,0.0
123.51124951412316,53.545416636680535,0.0
123.51958284742317,53.545416636680535,0.0
123.52791618072315,53.545416636680535,0.0221545714884996
123.53624951402315,53.545416636680535,0.176324650645256
123.56958284722316,53.545416636680535,0.3272314071655273
123.57791618052315,53.545416636680535,0.1358985304832458
123.58624951382316,53.545416636680535,0.0672558099031448
123.59458284712314,53.545416636680535,0.2454403042793273
123.60291618042316,53.545416636680535,0.3474973142147064
123.18624951542316,53.53708330338054,0.2831375002861022
123.19458284872316,53.53708330338054,0.1854102164506912
123.20291618202316,53.53708330338054,0.1289042979478836
123.21124951532315,53.53708330338054,0.0827167630195617
123.21958284862316,53.53708330338054,0.1954124122858047
123.22791618192313,53.53708330338054,0.2113836705684661
123.23624951522316,53.53708330338054,0.2111841887235641
123.24458284852317,53.53708330338054,0.2100883424282073
123.25291618182315,53.53708330338054,0.2183537781238555
123.26124951512315,53.53708330338054,0.2166548669338226
123.26958284842316,53.53708330338054,0.2119221091270446
123.27791618172316,53.53708330338054,0.205752670764923
123.28624951502316,53.53708330338054,0.2028610110282897
123.29458284832316,53.53708330338054,0.2022322118282318
123.30291618162315,53.53708330338054,0.202885091304779
123.31124951492316,53.53708330338054,0.2038579732179641
123.31958284822313,53.53708330338054,0.2043868452310562
123.32791618152316,53.53708330338054,0.2004667073488235
123.33624951482317,53.53708330338054,0.0952485650777816
123.34458284812315,53.53708330338054,0.0369407050311565
123.35291618142315,53.53708330338054,0.0429690442979335
123.36124951472316,53.53708330338054,0.0461118072271347
123.36958284802316,53.53708330338054,0.1136314570903778
123.37791618132316,53.53708330338054,0.185418426990509
123.38624951462316,53.53708330338054,0.2169018238782882
123.39458284792315,53.53708330338054,0.2154168784618377
123.47791618092316,53.53708330338054,0.0684678852558135
123.48624951422315,53.53708330338054,0.0
123.49458284752316,53.53708330338054,0.0
123.50291618082314,53.53708330338054,0.0
123.51124951412316,53.53708330338054,0.0
123.51958284742317,53.53708330338054,0.0
123.52791618072315,53.53708330338054,0.0
123.53624951402315,53.53708330338054,0.0541962757706642
123.56958284722316,53.53708330338054,0.1106070429086685
123.57791618052315,53.53708330338054,0.0
123.58624951382316,53.53708330338054,0.0
123.59458284712314,53.53708330338054,0.0
123.60291618042316,53.53708330338054,0.0105031123384833
123.61124951372317,53.53708330338054,0.1322920769453048
123.61958284702315,53.53708330338054,0.3109520673751831
123.62791618032315,53.53708330338054,0.4801947176456451
123.63624951362316,53.53708330338054,0.3067585229873657
123.17791618212316,53.52874997008053,0.2980298399925231
123.18624951542316,53.52874997008053,0.1503834277391433
123.19458284872316,53.52874997008053,0.0633180141448974
123.20291618202316,53.52874997008053,0.1340696960687637
123.21124951532315,53.52874997008053,0.2132269144058227
123.21958284862316,53.52874997008053,0.0405642352998256
123.22791618192313,53.52874997008053,0.0080464212223887
123.23624951522316,53.52874997008053,0.0244426056742668
123.24458284852317,53.52874997008053,0.0431415811181068
123.25291618182315,53.52874997008053,0.0636222511529922
123.26124951512315,53.52874997008053,0.0835997015237808
123.26958284842316,53.52874997008053,0.098534345626831
123.27791618172316,53.52874997008053,0.1132532581686973
123.28624951502316,53.52874997008053,0.1267742663621902
123.29458284832316,53.52874997008053,0.1444936543703079
123.30291618162315,53.52874997008053,0.1608630865812301
123.31124951492316,53.52874997008053,0.1780108958482742
123.31958284822313,53.52874997008053,0.2012454569339752
123.32791618152316,53.52874997008053,0.2024399936199188
123.33624951482317,53.52874997008053,0.0547905713319778
123.34458284812315,53.52874997008053,0.0
123.35291618142315,53.52874997008053,0.0
123.36124951472316,53.52874997008053,0.0
123.36958284802316,53.52874997008053,0.0
123.37791618132316,53.52874997008053,0.0
123.38624951462316,53.52874997008053,0.0257043614983558
123.39458284792315,53.52874997008053,0.0377329438924789
123.40291618122316,53.52874997008053,0.0514085851609706
123.41124951452313,53.52874997008053,0.0530654117465019
123.41958284782316,53.52874997008053,0.052367053925991
123.42791618112317,53.52874997008053,0.0312193371355533
123.43624951442315,53.52874997008053,0.0237046331167221
123.44458284772315,53.52874997008053,0.1016750931739807
123.47791618092316,53.52874997008053,0.0241736229509115
123.48624951422315,53.52874997008053,0.0
123.49458284752316,53.52874997008053,0.0
123.50291618082314,53.52874997008053,0.0
123.51124951412316,53.52874997008053,0.0
123.51958284742317,53.52874997008053,0.0
123.52791618072315,53.52874997008053,0.0
123.57791618052315,53.52874997008053,0.0
123.58624951382316,53.52874997008053,0.0
123.59458284712314,53.52874997008053,0.0
123.60291618042316,53.52874997008053,0.0
123.61124951372317,53.52874997008053,0.0
123.61958284702315,53.52874997008053,0.0
123.62791618032315,53.52874997008053,0.0
123.63624951362316,53.52874997008053,0.0994478985667228
123.64458284692316,53.52874997008053,0.2430196106433868
123.16958284882315,53.52041663678054,0.4077343046665191
123.17791618212316,53.52041663678054,0.1810283660888671
123.18624951542316,53.52041663678054,0.0420257337391376
123.19458284872316,53.52041663678054,0.1663065254688262
123.20291618202316,53.52041663678054,0.2265820950269699
123.21124951532315,53.52041663678054,0.2150967568159103
123.21958284862316,53.52041663678054,0.004422113765031
123.22791618192313,53.52041663678054,0.0
123.23624951522316,53.52041663678054,0.0
123.24458284852317,53.52041663678054,0.0
123.25291618182315,53.52041663678054,0.0
123.26124951512315,53.52041663678054,0.0
123.26958284842316,53.52041663678054,0.0
123.27791618172316,53.52041663678054,0.0
123.28624951502316,53.52041663678054,0.0
123.29458284832316,53.52041663678054,0.0
123.30291618162315,53.52041663678054,0.0
123.31124951492316,53.52041663678054,0.0
123.31958284822313,53.52041663678054,0.0
123.32791618152316,53.52041663678054,0.0160055086016654
123.33624951482317,53.52041663678054,0.0040094829164445
123.34458284812315,53.52041663678054,0.0
123.35291618142315,53.52041663678054,0.0
123.36124951472316,53.52041663678054,0.0
123.36958284802316,53.52041663678054,0.0
123.37791618132316,53.52041663678054,0.0
123.38624951462316,53.52041663678054,0.0
123.39458284792315,53.52041663678054,0.0
123.40291618122316,53.52041663678054,0.0
123.41124951452313,53.52041663678054,0.0
123.41958284782316,53.52041663678054,0.0
123.42791618112317,53.52041663678054,0.0
123.43624951442315,53.52041663678054,0.0
123.44458284772315,53.52041663678054,0.0
123.45291618102316,53.52041663678054,0.1333967000246047
123.48624951422315,53.52041663678054,0.0
123.49458284752316,53.52041663678054,0.0
123.50291618082314,53.52041663678054,0.0
123.51124951412316,53.52041663678054,0.0
123.51958284742317,53.52041663678054,0.00270038517192
123.56958284722316,53.52041663678054,0.1640361100435256
123.57791618052315,53.52041663678054,0.0
123.58624951382316,53.52041663678054,0.0
123.59458284712314,53.52041663678054,0.0
123.60291618042316,53.52041663678054,0.0
123.61124951372317,53.52041663678054,0.0
123.61958284702315,53.52041663678054,0.0
123.62791618032315,53.52041663678054,0.0
123.63624951362316,53.52041663678054,0.0
123.64458284692316,53.52041663678054,0.0
123.65291618022316,53.52041663678054,0.1974946111440658
123.01958284942316,53.51208330348054,1.7044075727462769
123.02791618272315,53.51208330348054,2.056612253189087
123.03624951602316,53.51208330348054,2.5220229625701904
123.04458284932313,53.51208330348054,4.022210597991943
123.05291618262316,53.51208330348054,5.57494020462036
123.06124951592317,53.51208330348054,10.124775886535645
123.06958284922317,53.51208330348054,12.251502990722656
123.15291618222317,53.51208330348054,0.5078905820846557
123.16124951552317,53.51208330348054,0.4378282129764556
123.16958284882315,53.51208330348054,0.3122556507587432
123.17791618212316,53.51208330348054,0.0575542822480201
123.18624951542316,53.51208330348054,0.2098126709461212
123.19458284872316,53.51208330348054,0.2497437745332717
123.20291618202316,53.51208330348054,0.228634238243103
123.21124951532315,53.51208330348054,0.1813573390245437
123.21958284862316,53.51208330348054,0.0
123.22791618192313,53.51208330348054,0.0
123.23624951522316,53.51208330348054,0.0
123.24458284852317,53.51208330348054,0.0
123.25291618182315,53.51208330348054,0.0
123.26124951512315,53.51208330348054,0.0
123.26958284842316,53.51208330348054,0.0
123.27791618172316,53.51208330348054,0.0
123.28624951502316,53.51208330348054,0.0
123.29458284832316,53.51208330348054,0.0
123.30291618162315,53.51208330348054,0.0
123.31124951492316,53.51208330348054,0.0
123.31958284822313,53.51208330348054,0.0
123.32791618152316,53.51208330348054,0.0
123.33624951482317,53.51208330348054,0.0
123.34458284812315,53.51208330348054,0.0
123.35291618142315,53.51208330348054,0.0
123.36124951472316,53.51208330348054,0.0
123.36958284802316,53.51208330348054,0.0
123.37791618132316,53.51208330348054,0.0
123.38624951462316,53.51208330348054,0.0
123.39458284792315,53.51208330348054,0.0
123.40291618122316,53.51208330348054,0.0
123.41124951452313,53.51208330348054,0.0
123.41958284782316,53.51208330348054,0.0
123.42791618112317,53.51208330348054,0.0
123.43624951442315,53.51208330348054,0.0
123.44458284772315,53.51208330348054,0.0
123.45291618102316,53.51208330348054,0.0409977957606315
123.49458284752316,53.51208330348054,0.0
123.50291618082314,53.51208330348054,0.0
123.51124951412316,53.51208330348054,0.0027125419583171
123.56124951392316,53.51208330348054,0.2597061693668365
123.56958284722316,53.51208330348054,0.0167121421545743
123.57791618052315,53.51208330348054,0.0
123.58624951382316,53.51208330348054,0.0
123.59458284712314,53.51208330348054,0.0
123.60291618042316,53.51208330348054,0.0
123.61124951372317,53.51208330348054,0.0
123.61958284702315,53.51208330348054,0.0
123.62791618032315,53.51208330348054,0.0
123.63624951362316,53.51208330348054,0.0
123.64458284692316,53.51208330348054,0.0
123.65291618022316,53.51208330348054,0.0043636276386678
123.66124951352316,53.51208330348054,0.3163518607616424
122.31958285222316,53.503749970180536,3.894356489181519
123.00291618282316,53.503749970180536,1.2158268690109253
123.01124951612316,53.503749970180536,1.2157107591629028
123.01958284942316,53.503749970180536,1.3056869506835935
123.02791618272315,53.503749970180536,0.9627175331115722
123.03624951602316,53.503749970180536,0.8946539163589478
123.04458284932313,53.503749970180536,0.8897281289100646
123.05291618262316,53.503749970180536,3.277662992477417
123.06124951592317,53.503749970180536,24.64636421203613
123.06958284922317,53.503749970180536,102.07553100585936
123.07791618252315,53.503749970180536,28.428962707519528
123.08624951582316,53.503749970180536,2.478034734725952
123.09458284912316,53.503749970180536,2.8234734535217285
123.10291618242316,53.503749970180536,2.574130058288574
123.11124951572316,53.503749970180536,1.9241858720779417
123.11958284902315,53.503749970180536,1.3242249488830566
123.12791618232316,53.503749970180536,1.1202199459075928
123.13624951562313,53.503749970180536,0.9072163701057434
123.14458284892316,53.503749970180536,0.6604086756706237
123.15291618222317,53.503749970180536,0.307573914527893
123.16124951552317,53.503749970180536,0.1730856299400329
123.16958284882315,53.503749970180536,0.2243600040674209
123.17791618212316,53.503749970180536,0.4613834619522094
123.18624951542316,53.503749970180536,0.3026973605155944
123.19458284872316,53.503749970180536,0.2519181668758392
123.20291618202316,53.503749970180536,0.2297996878623962
123.21124951532315,53.503749970180536,0.1279158890247344
123.21958284862316,53.503749970180536,0.0
123.22791618192313,53.503749970180536,0.0
123.23624951522316,53.503749970180536,0.0
123.24458284852317,53.503749970180536,0.0
123.25291618182315,53.503749970180536,0.0
123.26124951512315,53.503749970180536,0.0
123.26958284842316,53.503749970180536,0.0
123.27791618172316,53.503749970180536,0.0
123.28624951502316,53.503749970180536,0.0
123.29458284832316,53.503749970180536,0.0
123.30291618162315,53.503749970180536,0.0
123.31124951492316,53.503749970180536,0.0
123.31958284822313,53.503749970180536,0.0
123.32791618152316,53.503749970180536,0.0
123.33624951482317,53.503749970180536,0.0
123.34458284812315,53.503749970180536,0.0
123.35291618142315,53.503749970180536,0.0
123.36124951472316,53.503749970180536,0.0
123.36958284802316,53.503749970180536,0.0
123.37791618132316,53.503749970180536,0.0
123.38624951462316,53.503749970180536,0.0
123.39458284792315,53.503749970180536,0.0
123.40291618122316,53.503749970180536,0.0
123.41124951452313,53.503749970180536,0.0
123.41958284782316,53.503749970180536,0.0
123.42791618112317,53.503749970180536,0.0
123.43624951442315,53.503749970180536,0.0
123.44458284772315,53.503749970180536,0.0
123.45291618102316,53.503749970180536,0.0
123.46124951432316,53.503749970180536,0.099956065416336
123.48624951422315,53.503749970180536,0.2164666801691055
123.49458284752316,53.503749970180536,0.0070192054845392
123.50291618082314,53.503749970180536,0.0
123.51124951412316,53.503749970180536,0.0355636589229106
123.51958284742317,53.503749970180536,0.2027508914470672
123.54458284732316,53.503749970180536,0.2536793947219848
123.55291618062316,53.503749970180536,0.1505332142114639
123.56124951392316,53.503749970180536,0.0150676295161247
123.56958284722316,53.503749970180536,0.0
123.57791618052315,53.503749970180536,0.0
123.58624951382316,53.503749970180536,0.0
123.59458284712314,53.503749970180536,0.0
123.60291618042316,53.503749970180536,0.0
123.61124951372317,53.503749970180536,0.0
123.61958284702315,53.503749970180536,0.0
123.62791618032315,53.503749970180536,0.0
123.63624951362316,53.503749970180536,0.0
123.64458284692316,53.503749970180536,0.0
123.65291618022316,53.503749970180536,0.0
123.66124951352316,53.503749970180536,0.0816853418946266
122.29458285232316,53.49541663688054,2.252214908599853
122.30291618562316,53.49541663688054,1.469525933265686
122.31124951892313,53.49541663688054,1.289150595664978
122.31958285222316,53.49541663688054,1.7332041263580322
122.32791618552316,53.49541663688054,1.7830644845962524
122.33624951882317,53.49541663688054,5.767745494842528
122.98624951622315,53.49541663688054,0.6397331357002258
122.99458284952316,53.49541663688054,0.6176559329032897
123.00291618282316,53.49541663688054,0.3647119998931884
123.01124951612316,53.49541663688054,0.3207398951053619
123.01958284942316,53.49541663688054,0.4370333850383758
123.02791618272315,53.49541663688054,0.5042392015457153
123.03624951602316,53.49541663688054,0.8729133605957031
123.04458284932313,53.49541663688054,3.1890532970428462
123.05291618262316,53.49541663688054,5.339990139007568
123.06124951592317,53.49541663688054,10.871903419494627
123.06958284922317,53.49541663688054,11.090163230895996
123.07791618252315,53.49541663688054,7.4806456565856925
123.08624951582316,53.49541663688054,2.5702991485595703
123.09458284912316,53.49541663688054,1.316447615623474
123.10291618242316,53.49541663688054,1.0574382543563843
123.11124951572316,53.49541663688054,0.7408893108367919
123.11958284902315,53.49541663688054,0.6242458224296569
123.12791618232316,53.49541663688054,0.5351102352142333
123.13624951562313,53.49541663688054,0.3704808354377746
123.14458284892316,53.49541663688054,0.3727571368217468
123.15291618222317,53.49541663688054,0.4139275252819061
123.16124951552317,53.49541663688054,0.4904570877552032
123.16958284882315,53.49541663688054,0.4904816448688507
123.17791618212316,53.49541663688054,0.4584645628929138
123.18624951542316,53.49541663688054,0.2862246036529541
123.19458284872316,53.49541663688054,0.269522875547409
123.20291618202316,53.49541663688054,0.2463288754224777
123.21124951532315,53.49541663688054,0.0837596654891967
123.21958284862316,53.49541663688054,0.0
123.22791618192313,53.49541663688054,0.0
123.23624951522316,53.49541663688054,0.0
123.24458284852317,53.49541663688054,0.0
123.25291618182315,53.49541663688054,0.0
123.26124951512315,53.49541663688054,0.0
123.26958284842316,53.49541663688054,0.0
123.27791618172316,53.49541663688054,0.0
123.28624951502316,53.49541663688054,0.0
123.29458284832316,53.49541663688054,0.0
123.30291618162315,53.49541663688054,0.0
123.31124951492316,53.49541663688054,0.0
123.31958284822313,53.49541663688054,0.0
123.32791618152316,53.49541663688054,0.0
123.33624951482317,53.49541663688054,0.0
123.34458284812315,53.49541663688054,0.0
123.35291618142315,53.49541663688054,0.0
123.36124951472316,53.49541663688054,0.0
123.36958284802316,53.49541663688054,0.0
123.37791618132316,53.49541663688054,0.0
123.38624951462316,53.49541663688054,0.0
123.39458284792315,53.49541663688054,0.0
123.40291618122316,53.49541663688054,0.0
123.41124951452313,53.49541663688054,0.0
123.41958284782316,53.49541663688054,0.0
123.42791618112317,53.49541663688054,0.0
123.43624951442315,53.49541663688054,0.0
123.44458284772315,53.49541663688054,0.0
123.45291618102316,53.49541663688054,0.0
123.46124951432316,53.49541663688054,0.0068864440545439
123.46958284762316,53.49541663688054,0.0267564412206411
123.47791618092316,53.49541663688054,0.0777632370591163
123.48624951422315,53.49541663688054,0.0408746674656867
123.49458284752316,53.49541663688054,0.0
123.50291618082314,53.49541663688054,0.0
123.51124951412316,53.49541663688054,0.0
123.51958284742317,53.49541663688054,0.0443620905280113
123.52791618072315,53.49541663688054,0.0663980543613433
123.53624951402315,53.49541663688054,0.0985053405165672
123.54458284732316,53.49541663688054,0.0110655389726161
123.55291618062316,53.49541663688054,0.0
123.56124951392316,53.49541663688054,0.0
123.56958284722316,53.49541663688054,0.0
123.57791618052315,53.49541663688054,0.0
123.58624951382316,53.49541663688054,0.0
123.59458284712314,53.49541663688054,0.0
123.60291618042316,53.49541663688054,0.0
123.61124951372317,53.49541663688054,0.0
123.61958284702315,53.49541663688054,0.0
123.62791618032315,53.49541663688054,0.0
123.63624951362316,53.49541663688054,0.0
123.64458284692316,53.49541663688054,0.0
123.65291618022316,53.49541663688054,0.0
123.66124951352316,53.49541663688054,0.0
123.66958284682315,53.49541663688054,0.1575715094804763
123.67791618012316,53.49541663688054,0.3252721726894378
123.68624951342314,53.49541663688054,0.1611972153186798
123.69458284672316,53.49541663688054,0.138404905796051
123.70291618002317,53.49541663688054,0.1916734278202056
123.71124951332315,53.49541663688054,0.1298879534006118
123.71958284662315,53.49541663688054,0.0942921042442321
123.72791617992316,53.49541663688054,0.0957667380571365
123.73624951322316,53.49541663688054,0.0619100630283355
123.74458284652316,53.49541663688054,0.0723051652312278
123.75291617982316,53.49541663688054,0.1880818158388137
123.76124951312315,53.49541663688054,0.2658117413520812
122.27791618572316,53.48708330358055,1.6301193237304688
122.28624951902316,53.48708330358055,1.5528799295425415
122.29458285232316,53.48708330358055,1.135356068611145
122.30291618562316,53.48708330358055,0.3742655217647552
122.31124951892313,53.48708330358055,6.007199764251709
122.31958285222316,53.48708330358055,7.849816322326659
122.32791618552316,53.48708330358055,4.032588481903076
122.33624951882317,53.48708330358055,26.73849296569824
122.34458285212315,53.48708330358055,150.13082885742188
122.35291618542315,53.48708330358055,89.74720001220702
122.94458284972316,53.48708330358055,0.3511773645877838
122.95291618302313,53.48708330358055,0.3146931827068328
122.96124951632316,53.48708330358055,0.2750250101089477
122.96958284962317,53.48708330358055,0.2644151449203491
122.97791618292317,53.48708330358055,0.2553403973579406
122.98624951622315,53.48708330358055,0.2947738170623779
122.99458284952316,53.48708330358055,0.4599664509296417
123.00291618282316,53.48708330358055,0.5998918414115905
123.01124951612316,53.48708330358055,0.7698206901550292
123.01958284942316,53.48708330358055,0.9752302765846252
123.02791618272315,53.48708330358055,1.0204507112503052
123.03624951602316,53.48708330358055,1.4102437496185303
123.04458284932313,53.48708330358055,4.702805995941161
123.05291618262316,53.48708330358055,8.864851951599121
123.06124951592317,53.48708330358055,4.4076337814331055
123.06958284922317,53.48708330358055,2.3885588645935054
123.07791618252315,53.48708330358055,2.120914459228516
123.08624951582316,53.48708330358055,2.0353374481201167
123.09458284912316,53.48708330358055,1.8556897640228271
123.10291618242316,53.48708330358055,1.6305634975433347
123.11124951572316,53.48708330358055,1.3370792865753172
123.11958284902315,53.48708330358055,1.3563382625579834
123.12791618232316,53.48708330358055,1.2613450288772583
123.13624951562313,53.48708330358055,1.0325716733932495
123.14458284892316,53.48708330358055,0.7578431367874146
123.15291618222317,53.48708330358055,0.5823761224746704
123.16124951552317,53.48708330358055,0.4970264136791229
123.16958284882315,53.48708330358055,0.4724296927452087
123.17791618212316,53.48708330358055,0.4417832195758819
123.18624951542316,53.48708330358055,0.2967101335525512
123.19458284872316,53.48708330358055,0.273633986711502
123.20291618202316,53.48708330358055,0.2590447664260864
123.21124951532315,53.48708330358055,0.0410378500819206
123.21958284862316,53.48708330358055,0.0
123.22791618192313,53.48708330358055,0.0
123.23624951522316,53.48708330358055,0.0
123.24458284852317,53.48708330358055,0.0
123.25291618182315,53.48708330358055,0.0
123.26124951512315,53.48708330358055,0.0
123.26958284842316,53.48708330358055,0.0
123.27791618172316,53.48708330358055,0.0
123.28624951502316,53.48708330358055,0.0
123.29458284832316,53.48708330358055,0.0
123.30291618162315,53.48708330358055,0.0
123.31124951492316,53.48708330358055,0.0
123.31958284822313,53.48708330358055,0.0
123.32791618152316,53.48708330358055,0.0
123.33624951482317,53.48708330358055,0.0
123.34458284812315,53.48708330358055,0.0
123.35291618142315,53.48708330358055,0.0
123.36124951472316,53.48708330358055,0.0
123.36958284802316,53.48708330358055,0.0
123.37791618132316,53.48708330358055,0.0
123.38624951462316,53.48708330358055,0.0
123.39458284792315,53.48708330358055,0.0
123.40291618122316,53.48708330358055,0.0
123.41124951452313,53.48708330358055,0.0
123.41958284782316,53.48708330358055,0.0
123.42791618112317,53.48708330358055,0.0
123.43624951442315,53.48708330358055,0.0
123.44458284772315,53.48708330358055,0.0
123.45291618102316,53.48708330358055,0.0
123.46124951432316,53.48708330358055,0.0
123.46958284762316,53.48708330358055,0.0
123.47791618092316,53.48708330358055,0.0
123.48624951422315,53.48708330358055,0.0
123.49458284752316,53.48708330358055,0.0
123.50291618082314,53.48708330358055,0.0
123.51124951412316,53.48708330358055,0.0
123.51958284742317,53.48708330358055,0.0
123.52791618072315,53.48708330358055,0.0
123.53624951402315,53.48708330358055,0.0
123.54458284732316,53.48708330358055,0.0
123.55291618062316,53.48708330358055,0.0
123.56124951392316,53.48708330358055,0.0
123.56958284722316,53.48708330358055,0.0
123.57791618052315,53.48708330358055,0.0
123.58624951382316,53.48708330358055,0.0
123.59458284712314,53.48708330358055,0.0
123.60291618042316,53.48708330358055,0.0
123.61124951372317,53.48708330358055,0.0
123.61958284702315,53.48708330358055,0.0
123.62791618032315,53.48708330358055,0.0
123.63624951362316,53.48708330358055,0.0
123.64458284692316,53.48708330358055,0.0
123.65291618022316,53.48708330358055,0.0
123.66124951352316,53.48708330358055,0.0
123.66958284682315,53.48708330358055,0.0
123.67791618012316,53.48708330358055,0.0452173948287963
123.68624951342314,53.48708330358055,0.010708681307733
123.69458284672316,53.48708330358055,0.0
123.70291618002317,53.48708330358055,0.0
123.71124951332315,53.48708330358055,0.0
123.71958284662315,53.48708330358055,0.0
123.72791617992316,53.48708330358055,0.0
123.73624951322316,53.48708330358055,0.0
123.74458284652316,53.48708330358055,0.0
123.75291617982316,53.48708330358055,0.0945430248975753
123.76124951312315,53.48708330358055,0.1572865694761276
123.76958284642316,53.48708330358055,0.1875786632299423
123.77791617972316,53.48708330358055,0.1738486886024475
123.78624951302317,53.48708330358055,0.1017757877707481
123.79458284632317,53.48708330358055,0.2091612070798873
123.80291617962315,53.48708330358055,0.2405490577220916
123.81124951292315,53.48708330358055,0.2756883800029754
123.81958284622316,53.48708330358055,0.3321801722049713
123.82791617952316,53.48708330358055,0.4591820538043975
123.83624951282316,53.48708330358055,0.5694627165794371
123.84458284612316,53.48708330358055,0.5584767460823059
123.85291617942315,53.48708330358055,2.386517286300659
123.86124951272316,53.48708330358055,4.72639799118042
122.26124951912315,53.47874997028054,0.8803765773773193
122.26958285242316,53.47874997028054,1.0639389753341675
122.27791618572316,53.47874997028054,0.8773924708366394
122.28624951902316,53.47874997028054,0.41400608420372
122.29458285232316,53.47874997028054,0.4922627210617065
122.30291618562316,53.47874997028054,1.4141172170639038
122.31124951892313,53.47874997028054,2.1832950115203857
122.31958285222316,53.47874997028054,2.8174831867218018
122.32791618552316,53.47874997028054,3.8676908016204834
122.33624951882317,53.47874997028054,28.32625961303711
122.34458285212315,53.47874997028054,249.08866882324216
122.35291618542315,53.47874997028054,332.2521057128906
122.36124951872316,53.47874997028054,90.56539916992189
122.91958284982316,53.47874997028054,0.3359046280384063
122.92791618312316,53.47874997028054,0.1619448214769363
122.93624951642315,53.47874997028054,0.1747779697179794
122.94458284972316,53.47874997028054,0.3126835227012634
122.95291618302313,53.47874997028054,0.4196479320526123
122.96124951632316,53.47874997028054,0.5558272004127502
122.96958284962317,53.47874997028054,0.5448887348175048
122.97791618292317,53.47874997028054,0.5447723865509033
122.98624951622315,53.47874997028054,0.6365635991096495
122.99458284952316,53.47874997028054,0.7470333576202391
123.00291618282316,53.47874997028054,0.9054778814315796
123.01124951612316,53.47874997028054,0.9341524243354796
123.01958284942316,53.47874997028054,1.218684673309326
123.02791618272315,53.47874997028054,1.279955506324768
123.03624951602316,53.47874997028054,1.287863850593567
123.04458284932313,53.47874997028054,1.3967885971069336
123.05291618262316,53.47874997028054,1.6137785911560059
123.06124951592317,53.47874997028054,1.5179612636566162
123.06958284922317,53.47874997028054,1.6648920774459839
123.07791618252315,53.47874997028054,1.487823724746704
123.08624951582316,53.47874997028054,1.507495641708374
123.09458284912316,53.47874997028054,1.5036704540252683
123.10291618242316,53.47874997028054,1.452686071395874
123.11124951572316,53.47874997028054,1.2924350500106812
123.11958284902315,53.47874997028054,1.274476170539856
123.12791618232316,53.47874997028054,1.1114521026611328
123.13624951562313,53.47874997028054,0.8170716166496276
123.14458284892316,53.47874997028054,0.6949820518493652
123.15291618222317,53.47874997028054,0.6247051358222961
123.16124951552317,53.47874997028054,0.5163857340812683
123.16958284882315,53.47874997028054,0.4866328239440917
123.17791618212316,53.47874997028054,0.365396112203598
123.18624951542316,53.47874997028054,0.2628363370895385
123.19458284872316,53.47874997028054,0.1388002783060073
123.20291618202316,53.47874997028054,0.1338060796260833
123.21124951532315,53.47874997028054,0.0
123.21958284862316,53.47874997028054,0.0
123.22791618192313,53.47874997028054,0.0
123.23624951522316,53.47874997028054,0.0
123.24458284852317,53.47874997028054,0.0
123.25291618182315,53.47874997028054,0.0
123.26124951512315,53.47874997028054,0.0
123.26958284842316,53.47874997028054,0.0
123.27791618172316,53.47874997028054,0.0
123.28624951502316,53.47874997028054,0.0
123.29458284832316,53.47874997028054,0.0
123.30291618162315,53.47874997028054,0.0
123.31124951492316,53.47874997028054,0.0
123.31958284822313,53.47874997028054,0.0
123.32791618152316,53.47874997028054,0.0
123.33624951482317,53.47874997028054,0.0
123.34458284812315,53.47874997028054,0.0
123.35291618142315,53.47874997028054,0.0
123.36124951472316,53.47874997028054,0.0
123.36958284802316,53.47874997028054,0.0
123.37791618132316,53.47874997028054,0.0
123.38624951462316,53.47874997028054,0.0
123.39458284792315,53.47874997028054,0.0
123.40291618122316,53.47874997028054,0.0
123.41124951452313,53.47874997028054,0.0
123.41958284782316,53.47874997028054,0.0
123.42791618112317,53.47874997028054,0.0
123.43624951442315,53.47874997028054,0.0
123.44458284772315,53.47874997028054,0.0
123.45291618102316,53.47874997028054,0.0
123.46124951432316,53.47874997028054,0.0
123.46958284762316,53.47874997028054,0.0
123.47791618092316,53.47874997028054,0.0
123.48624951422315,53.47874997028054,0.0
123.49458284752316,53.47874997028054,0.0
123.50291618082314,53.47874997028054,0.0
123.51124951412316,53.47874997028054,0.0
123.51958284742317,53.47874997028054,0.0
123.52791618072315,53.47874997028054,0.0
123.53624951402315,53.47874997028054,0.0
123.54458284732316,53.47874997028054,0.0
123.55291618062316,53.47874997028054,0.0
123.56124951392316,53.47874997028054,0.0
123.56958284722316,53.47874997028054,0.0
123.57791618052315,53.47874997028054,0.0
123.58624951382316,53.47874997028054,0.0
123.59458284712314,53.47874997028054,0.0
123.60291618042316,53.47874997028054,0.0
123.61124951372317,53.47874997028054,0.0
123.61958284702315,53.47874997028054,0.0
123.62791618032315,53.47874997028054,0.0
123.63624951362316,53.47874997028054,0.0
123.64458284692316,53.47874997028054,0.0
123.65291618022316,53.47874997028054,0.0
123.66124951352316,53.47874997028054,0.0
123.66958284682315,53.47874997028054,0.0
123.67791618012316,53.47874997028054,0.0
123.68624951342314,53.47874997028054,0.0
123.69458284672316,53.47874997028054,0.0
123.70291618002317,53.47874997028054,0.0
123.71124951332315,53.47874997028054,0.0
123.71958284662315,53.47874997028054,0.0
123.72791617992316,53.47874997028054,0.0
123.73624951322316,53.47874997028054,0.0
123.74458284652316,53.47874997028054,0.0
123.75291617982316,53.47874997028054,0.0
123.76124951312315,53.47874997028054,0.0654835402965545
123.76958284642316,53.47874997028054,0.2537459731101989
123.77791617972316,53.47874997028054,0.2756166160106658
123.78624951302317,53.47874997028054,0.307816058397293
123.79458284632317,53.47874997028054,0.33104008436203
123.80291617962315,53.47874997028054,0.491210252046585
123.81124951292315,53.47874997028054,0.5541695952415466
123.81958284622316,53.47874997028054,0.5523719191551208
123.82791617952316,53.47874997028054,0.5608083605766296
123.83624951282316,53.47874997028054,0.6745280027389526
123.84458284612316,53.47874997028054,0.7034044861793518
123.85291617942315,53.47874997028054,0.8175209760665894
123.86124951272316,53.47874997028054,1.2379581928253172
123.86958284602316,53.47874997028054,4.413311004638672
123.87791617932317,53.47874997028054,9.660801887512209
122.13624951962316,53.47041663698054,0.2998743057250976
122.14458285292316,53.47041663698054,0.3312450945377349
122.15291618622317,53.47041663698054,0.2091444581747055
122.16124951952315,53.47041663698054,0.1515537202358245
122.16958285282315,53.47041663698054,0.2639427781105041
122.17791618612316,53.47041663698054,0.2539079189300537
122.18624951942316,53.47041663698054,0.2284875363111495
122.24458285252317,53.47041663698054,0.5916314125061035
122.25291618582315,53.47041663698054,0.515225350856781
122.26124951912315,53.47041663698054,0.3406563401222229
122.26958285242316,53.47041663698054,0.2943564653396606
122.27791618572316,53.47041663698054,0.5321563482284545
122.28624951902316,53.47041663698054,1.0236881971359253
122.29458285232316,53.47041663698054,1.2223615646362305
122.30291618562316,53.47041663698054,1.406834363937378
122.31124951892313,53.47041663698054,1.9338059425354004
122.31958285222316,53.47041663698054,2.5387148857116695
122.32791618552316,53.47041663698054,3.673121213912964
122.33624951882317,53.47041663698054,17.51177215576172
122.34458285212315,53.47041663698054,143.0850830078125
122.35291618542315,53.47041663698054,242.87771606445312
122.36124951872316,53.47041663698054,184.80818176269528
122.36958285202316,53.47041663698054,8.224675178527832
122.89458284992315,53.47041663698054,0.2732969522476196
122.90291618322316,53.47041663698054,0.2493186891078948
122.91124951652316,53.47041663698054,0.1620553582906723
122.91958284982316,53.47041663698054,0.1014425158500671
122.92791618312316,53.47041663698054,0.2669971585273742
122.93624951642315,53.47041663698054,0.3812154531478881
122.94458284972316,53.47041663698054,0.4126989245414733
122.95291618302313,53.47041663698054,0.4610322713851928
122.96124951632316,53.47041663698054,0.5046474337577819
122.96958284962317,53.47041663698054,0.5465766191482543
122.97791618292317,53.47041663698054,0.6592087745666503
122.98624951622315,53.47041663698054,0.7753457427024841
122.99458284952316,53.47041663698054,0.845094323158264
123.00291618282316,53.47041663698054,0.9722282886505126
123.01124951612316,53.47041663698054,1.0486974716186523
123.01958284942316,53.47041663698054,1.223679780960083
123.02791618272315,53.47041663698054,1.2854324579238892
123.03624951602316,53.47041663698054,1.2697705030441284
123.04458284932313,53.47041663698054,1.1857962608337402
123.05291618262316,53.47041663698054,1.2084957361221311
123.06124951592317,53.47041663698054,1.1563283205032349
123.06958284922317,53.47041663698054,1.1258301734924316
123.07791618252315,53.47041663698054,1.15288245677948
123.08624951582316,53.47041663698054,1.1152442693710327
123.09458284912316,53.47041663698054,1.1172629594802856
123.10291618242316,53.47041663698054,1.0416254997253418
123.11124951572316,53.47041663698054,0.9899194836616516
123.11958284902315,53.47041663698054,0.876629889011383
123.12791618232316,53.47041663698054,0.7111005187034606
123.13624951562313,53.47041663698054,0.6117501854896545
123.14458284892316,53.47041663698054,0.6115431189537048
123.15291618222317,53.47041663698054,0.5620368719100952
123.16124951552317,53.47041663698054,0.4522205293178558
123.16958284882315,53.47041663698054,0.4757451117038726
123.17791618212316,53.47041663698054,0.3177028000354766
123.18624951542316,53.47041663698054,0.2474843859672546
123.19458284872316,53.47041663698054,0.0051478017121553
123.20291618202316,53.47041663698054,0.0
123.21124951532315,53.47041663698054,0.0
123.21958284862316,53.47041663698054,0.0
123.22791618192313,53.47041663698054,0.0
123.23624951522316,53.47041663698054,0.0
123.24458284852317,53.47041663698054,0.0
123.25291618182315,53.47041663698054,0.0
123.26124951512315,53.47041663698054,0.0
123.26958284842316,53.47041663698054,0.0
123.27791618172316,53.47041663698054,0.0
123.28624951502316,53.47041663698054,0.0
123.29458284832316,53.47041663698054,0.0
123.30291618162315,53.47041663698054,0.0
123.31124951492316,53.47041663698054,0.0
123.31958284822313,53.47041663698054,0.0
123.32791618152316,53.47041663698054,0.0
123.33624951482317,53.47041663698054,0.0
123.34458284812315,53.47041663698054,0.0
123.35291618142315,53.47041663698054,0.0
123.36124951472316,53.47041663698054,0.0
123.36958284802316,53.47041663698054,0.0
123.37791618132316,53.47041663698054,0.0
123.38624951462316,53.47041663698054,0.0
123.39458284792315,53.47041663698054,0.0
123.40291618122316,53.47041663698054,0.0
123.41124951452313,53.47041663698054,0.0
123.41958284782316,53.47041663698054,0.0
123.42791618112317,53.47041663698054,0.0
123.43624951442315,53.47041663698054,0.0
123.44458284772315,53.47041663698054,0.0
123.45291618102316,53.47041663698054,0.0
123.46124951432316,53.47041663698054,0.0
123.46958284762316,53.47041663698054,0.0
123.47791618092316,53.47041663698054,0.0
123.48624951422315,53.47041663698054,0.0
123.49458284752316,53.47041663698054,0.0
123.50291618082314,53.47041663698054,0.0
123.51124951412316,53.47041663698054,0.0
123.51958284742317,53.47041663698054,0.0
123.52791618072315,53.47041663698054,0.0
123.53624951402315,53.47041663698054,0.0
123.54458284732316,53.47041663698054,0.0
123.55291618062316,53.47041663698054,0.0
123.56124951392316,53.47041663698054,0.0
123.56958284722316,53.47041663698054,0.0
123.57791618052315,53.47041663698054,0.0
123.58624951382316,53.47041663698054,0.0
123.59458284712314,53.47041663698054,0.0
123.60291618042316,53.47041663698054,0.0
123.61124951372317,53.47041663698054,0.0
123.61958284702315,53.47041663698054,0.0
123.62791618032315,53.47041663698054,0.0
123.63624951362316,53.47041663698054,0.0
123.64458284692316,53.47041663698054,0.0
123.65291618022316,53.47041663698054,0.0
123.66124951352316,53.47041663698054,0.0
123.66958284682315,53.47041663698054,0.0
123.67791618012316,53.47041663698054,0.0
123.68624951342314,53.47041663698054,0.0
123.69458284672316,53.47041663698054,0.0
123.70291618002317,53.47041663698054,0.0
123.71124951332315,53.47041663698054,0.0
123.71958284662315,53.47041663698054,0.0
123.72791617992316,53.47041663698054,0.0
123.73624951322316,53.47041663698054,0.0
123.74458284652316,53.47041663698054,0.0122389942407608
123.75291617982316,53.47041663698054,0.0370457097887992
123.76124951312315,53.47041663698054,0.1286610960960388
123.76958284642316,53.47041663698054,0.2564102709293365
123.77791617972316,53.47041663698054,0.2809370160102844
123.78624951302317,53.47041663698054,0.2830452024936676
123.79458284632317,53.47041663698054,0.2903472483158111
123.80291617962315,53.47041663698054,0.4099678099155426
123.81124951292315,53.47041663698054,0.4625934660434722
123.81958284622316,53.47041663698054,0.54019296169281
123.82791617952316,53.47041663698054,0.5357820987701416
123.83624951282316,53.47041663698054,0.5433711409568786
123.84458284612316,53.47041663698054,0.680499792098999
123.85291617942315,53.47041663698054,0.7978766560554504
123.86124951272316,53.47041663698054,1.02728533744812
123.86958284602316,53.47041663698054,2.542748212814331
123.87791617932317,53.47041663698054,9.75312328338623
123.88624951262317,53.47041663698054,19.083341598510746
123.89458284592315,53.47041663698054,12.835222244262695
122.12791618632313,53.46208330368054,0.3039116561412811
122.13624951962316,53.46208330368054,0.3215315043926239
122.14458285292316,53.46208330368054,0.1400732398033142
122.15291618622317,53.46208330368054,0.1873749941587448
122.16124951952315,53.46208330368054,0.439446747303009
122.16958285282315,53.46208330368054,0.4540649354457855
122.17791618612316,53.46208330368054,0.4314764738082885
122.18624951942316,53.46208330368054,0.3824931979179382
122.19458285272316,53.46208330368054,0.3500732779502868
122.20291618602316,53.46208330368054,0.283498078584671
122.21124951932316,53.46208330368054,0.2509189248085021
122.21958285262313,53.46208330368054,0.2524901926517486
122.22791618592316,53.46208330368054,0.2196008712053298
122.23624951922316,53.46208330368054,0.1900214105844497
122.24458285252317,53.46208330368054,0.2087334692478179
122.25291618582315,53.46208330368054,0.2784040570259094
122.26124951912315,53.46208330368054,0.6521508693695068
122.26958285242316,53.46208330368054,1.0806527137756348
122.27791618572316,53.46208330368054,1.2703450918197632
122.28624951902316,53.46208330368054,1.3247603178024292
122.29458285232316,53.46208330368054,1.3211156129837036
122.30291618562316,53.46208330368054,1.6320548057556152
122.31124951892313,53.46208330368054,2.003519058227539
122.31958285222316,53.46208330368054,2.818136215209961
122.32791618552316,53.46208330368054,3.5906989574432373
122.33624951882317,53.46208330368054,6.830560207366943
122.34458285212315,53.46208330368054,85.62605285644531
122.35291618542315,53.46208330368054,208.19636535644528
122.36124951872316,53.46208330368054,35.30707168579101
122.36958285202316,53.46208330368054,13.240678787231444
122.37791618532316,53.46208330368054,8.953755378723145
122.56124951792316,53.46208330368054,0.2537766993045806
122.56958285122316,53.46208330368054,0.1957325786352157
122.57791618452316,53.46208330368054,0.1333006620407104
122.58624951782313,53.46208330368054,0.154644638299942
122.59458285112316,53.46208330368054,0.1358958631753921
122.60291618442317,53.46208330368054,0.2212337851524353
122.61124951772317,53.46208330368054,0.1920951306819915
122.61958285102315,53.46208330368054,0.1044817641377449
122.62791618432315,53.46208330368054,0.1186224073171615
122.63624951762316,53.46208330368054,0.1382515132427215
122.64458285092316,53.46208330368054,0.1778039187192916
122.65291618422316,53.46208330368054,0.1957118213176727
122.66124951752315,53.46208330368054,0.1654770672321319
122.66958285082316,53.46208330368054,0.1827689707279205
122.67791618412313,53.46208330368054,0.1716950833797454
122.68624951742316,53.46208330368054,0.1512176990509033
122.69458285072317,53.46208330368054,0.1529300957918167
122.70291618402317,53.46208330368054,0.1569775491952896
122.71124951732315,53.46208330368054,0.1197879090905189
122.71958285062315,53.46208330368054,0.1115123704075813
122.72791618392316,53.46208330368054,0.1661876440048217
122.73624951722316,53.46208330368054,0.1217140257358551
122.74458285052316,53.46208330368054,0.1361753940582275
122.75291618382315,53.46208330368054,0.124037355184555
122.76124951712316,53.46208330368054,0.1026868447661399
122.76958285042313,53.46208330368054,0.127755731344223
122.77791618372316,53.46208330368054,0.1511545777320861
122.78624951702317,53.46208330368054,0.144626960158348
122.79458285032317,53.46208330368054,0.1632146537303924
122.80291618362315,53.46208330368054,0.1914562135934829
122.86124951672313,53.46208330368054,0.1696385741233825
122.86958285002316,53.46208330368054,0.135178804397583
122.87791618332317,53.46208330368054,0.1348944157361984
122.88624951662317,53.46208330368054,0.1080879643559455
122.89458284992315,53.46208330368054,0.1018501594662666
122.90291618322316,53.46208330368054,0.1499109715223312
122.91124951652316,53.46208330368054,0.2844501435756683
122.91958284982316,53.46208330368054,0.393815129995346
122.92791618312316,53.46208330368054,0.4419143795967102
122.93624951642315,53.46208330368054,0.4335399270057678
122.94458284972316,53.46208330368054,0.482080727815628
122.95291618302313,53.46208330368054,0.5084176063537597
122.96124951632316,53.46208330368054,0.4832113683223724
122.96958284962317,53.46208330368054,0.5258102416992188
122.97791618292317,53.46208330368054,0.5734663605690002
122.98624951622315,53.46208330368054,0.6659847497940063
122.99458284952316,53.46208330368054,0.791658878326416
123.00291618282316,53.46208330368054,0.9354554414749144
123.01124951612316,53.46208330368054,0.957111120223999
123.01958284942316,53.46208330368054,0.9339155554771424
123.02791618272315,53.46208330368054,1.0352488756179807
123.03624951602316,53.46208330368054,1.0679743289947508
123.04458284932313,53.46208330368054,0.9876259565353392
123.05291618262316,53.46208330368054,0.9248674511909484
123.06124951592317,53.46208330368054,0.9188389778137208
123.06958284922317,53.46208330368054,0.9358349442481994
123.07791618252315,53.46208330368054,0.8987744450569152
123.08624951582316,53.46208330368054,0.786209225654602
123.09458284912316,53.46208330368054,0.8559111952781677
123.10291618242316,53.46208330368054,0.7775509357452391
123.11124951572316,53.46208330368054,0.6817474365234375
123.11958284902315,53.46208330368054,0.6146749854087828
123.12791618232316,53.46208330368054,0.5901541709899902
123.13624951562313,53.46208330368054,0.5503915548324584
123.14458284892316,53.46208330368054,0.5203199386596679
123.15291618222317,53.46208330368054,0.4760145843029022
123.16124951552317,53.46208330368054,0.4702320992946624
123.16958284882315,53.46208330368054,0.4511930048465728
123.17791618212316,53.46208330368054,0.2562857270240783
123.18624951542316,53.46208330368054,0.1862898916006088
123.19458284872316,53.46208330368054,0.0
123.20291618202316,53.46208330368054,0.0
123.21124951532315,53.46208330368054,0.0
123.21958284862316,53.46208330368054,0.0
123.22791618192313,53.46208330368054,0.0
123.23624951522316,53.46208330368054,0.0
123.24458284852317,53.46208330368054,0.0
123.25291618182315,53.46208330368054,0.0
123.26124951512315,53.46208330368054,0.0
123.26958284842316,53.46208330368054,0.0
123.27791618172316,53.46208330368054,0.0
123.28624951502316,53.46208330368054,0.0
123.29458284832316,53.46208330368054,0.0
123.30291618162315,53.46208330368054,0.0
123.31124951492316,53.46208330368054,0.0
123.31958284822313,53.46208330368054,0.0
123.32791618152316,53.46208330368054,0.0
123.33624951482317,53.46208330368054,0.0
123.34458284812315,53.46208330368054,0.0
123.35291618142315,53.46208330368054,0.0
123.36124951472316,53.46208330368054,0.0
123.36958284802316,53.46208330368054,0.0
123.37791618132316,53.46208330368054,0.0
123.38624951462316,53.46208330368054,0.0
123.39458284792315,53.46208330368054,0.0
123.40291618122316,53.46208330368054,0.0
123.41124951452313,53.46208330368054,0.0
123.41958284782316,53.46208330368054,0.0
123.42791618112317,53.46208330368054,0.0
123.43624951442315,53.46208330368054,0.0
123.44458284772315,53.46208330368054,0.0
123.45291618102316,53.46208330368054,0.0
123.46124951432316,53.46208330368054,0.0
123.46958284762316,53.46208330368054,0.0
123.47791618092316,53.46208330368054,0.0
123.48624951422315,53.46208330368054,0.0
123.49458284752316,53.46208330368054,0.0
123.50291618082314,53.46208330368054,0.0
123.51124951412316,53.46208330368054,0.0
123.51958284742317,53.46208330368054,0.0
123.52791618072315,53.46208330368054,0.0
123.53624951402315,53.46208330368054,0.0
123.54458284732316,53.46208330368054,0.0
123.55291618062316,53.46208330368054,0.0
123.56124951392316,53.46208330368054,0.0
123.56958284722316,53.46208330368054,0.0
123.57791618052315,53.46208330368054,0.0
123.58624951382316,53.46208330368054,0.0
123.59458284712314,53.46208330368054,0.0
123.60291618042316,53.46208330368054,0.0
123.61124951372317,53.46208330368054,0.0
123.61958284702315,53.46208330368054,0.0
123.62791618032315,53.46208330368054,0.0
123.63624951362316,53.46208330368054,0.0
123.64458284692316,53.46208330368054,0.0
123.65291618022316,53.46208330368054,0.0
123.66124951352316,53.46208330368054,0.0
123.66958284682315,53.46208330368054,0.0
123.67791618012316,53.46208330368054,0.0
123.68624951342314,53.46208330368054,0.0
123.69458284672316,53.46208330368054,0.0
123.70291618002317,53.46208330368054,0.0
123.71124951332315,53.46208330368054,0.0
123.71958284662315,53.46208330368054,0.0
123.72791617992316,53.46208330368054,0.0157618839293718
123.73624951322316,53.46208330368054,0.035895399749279
123.74458284652316,53.46208330368054,0.0962781310081481
