Unnamed: 0,name,pname,cityname,wgs84_lon,wgs84_lat
0,挚达科技汽车充电站,上海市,上海市,121.01021090566434,30.90101154799377
1,康迪汽车充电站(枫杰路),上海市,上海市,121.0164484553024,30.89337083485954
2,国家电网汽车充电站(枫杰路),上海市,上海市,121.01612358819769,30.89337876312827
3,安悦充电站(电左中右微公交金山项目枫杰路站),上海市,上海市,121.0163358923258,30.89284146810296
4,安悦汽车充电站(众仁老年护理医院),上海市,上海市,121.01788723110724,30.896097126766747
5,奇瑞新能源汽车充电站(英枫汽车),上海市,上海市,121.00807103343035,30.89608580228964
6,国家电网汽车充电站(英枫汽车销售服务有限公司),上海市,上海市,121.00854732551436,30.89591548172386
7,循道新能源汽车充电站(朱枫公路九二二一弄十七支弄),上海市,上海市,121.00863502163811,30.8957613108825
8,国家电网充电站(金山区枫泾营业站),上海市,上海市,121.01507202381433,30.896325067357047
9,上汽安悦充电汽车充电站(枫丽路),上海市,上海市,121.0105150116147,30.88672802022833
10,安悦充电站(左中右微公交金山项目亭枫公路站),上海市,上海市,121.01060167849212,30.886994608187432
11,特来电充电站(上海金山枼园),上海市,上海市,121.15006821864203,30.79044777103818
12,国家电网充电站(上海金山区廊下郊野公园),上海市,上海市,121.15427739712626,30.78936989853544
13,特来电充电站(金山景红林),上海市,上海市,121.17870581117845,30.78538956708569
14,特来电充电站(上海博海农艺苑),上海市,上海市,121.17805063491495,30.81967745369432
15,安悦充电充电站(安悦站廊下镇社区卫生服务中心),上海市,上海市,121.1905299179492,30.79002391039413
16,国家电网汽车充电站(上海金山区沪杭高铁金山北站电动汽车充电站),上海市,上海市,121.08596096428074,30.89623298088442
17,普天新能源汽车充电站(金岭建设有限公司),上海市,上海市,121.14886281747005,30.89837322922868
18,国家电网汽车充电站(上海金山区第六人民医院金山医院电动汽车充电站),上海市,上海市,121.15288787201808,30.89378906344017
19,上海长特锻造有限公司电动汽车充电站,上海市,上海市,121.10181940120664,30.87345737256812
20,国家电网汽车充电站(上海松江区泖田湿地快电动汽车充电站),上海市,上海市,121.12003856473028,30.929485346877225
21,依威能源汽车充电站(宏枫物流园区),上海市,上海市,121.0906496116321,30.876049648504164
22,星星充电汽车充电站(金山区金榜逸家直流),上海市,上海市,121.15483449733942,30.907530517862323
23,国家电网汽车充电站(上海金山区朱泾体育馆),上海市,上海市,121.1537852301292,30.886498948309303
24,特来电充电站(上海金山朱泾电影院),上海市,上海市,121.16177912697266,30.89813088084404
25,星星充电汽车充电站(不对外开放郁金香庭),上海市,上海市,121.1652976018849,30.894021891977687
26,星星充电汽车充电站(钟楼新村直流),上海市,上海市,121.167458207132,30.90335448050327
27,星星充电汽车充电站(星星充电钟楼新村直流充电站),上海市,上海市,121.16733391875404,30.903774999305394
28,星星充电汽车充电站(不对外开放金山名都),上海市,上海市,121.17049917782452,30.90588371356733
29,星星充电汽车充电站(金来苑),上海市,上海市,121.1679630509447,30.88183003434189
30,星星充电汽车充电站(星星充电金来苑充电站),上海市,上海市,121.16793700521951,30.881744035446584
31,星星充电汽车充电站(不对外开放红菱苑2区),上海市,上海市,121.16057495935232,30.90689947893624
32,特来电充电站(特来电站上海梦美实业二期),上海市,上海市,121.12995274003906,30.941332210863848
33,上海市松江泖港镇曹家浜村村民委员会电动汽车充电站,上海市,上海市,121.14113888681428,30.934124122717805
34,南京金龙充电站,上海市,上海市,121.17826605678393,30.891103845357136
35,国家电网汽车充电站(金廊公路),上海市,上海市,121.17822394363628,30.89145456272373
36,挚达科技汽车充电站,上海市,上海市,121.1393557902137,30.95848983168529
37,安悦充电充电站(安悦站朱泾社区卫生服务中心),上海市,上海市,121.1654289280203,30.893319550455743
38,星星充电汽车充电站(上海福庆纸业),上海市,上海市,121.08011508002424,30.943955589197305
39,金山区朱泾镇秀州村村民委员会电动汽车充电站,上海市,上海市,121.16791168857384,30.908579260080906
40,汽车充电站(万枫东路),上海市,上海市,121.03727928413863,30.89498797912826
41,枫泾服务区国家电网电动汽车充电站,上海市,上海市,121.03387239869072,30.894306572289302
42,上海金标实业有限公司电动汽车充电站,上海市,上海市,121.0820578968234,30.85726532710385
43,星星充电汽车充电站(太古清风实业),上海市,上海市,121.05163496575872,30.89410828157941
44,练塘服务区国家电网电动汽车充电站,上海市,上海市,121.07794734522832,30.964365907120648
45,中超物流电动汽车充电站,上海市,上海市,121.19667107332629,30.903956932914934
46,依威能源汽车充电站(上海投丰产业园),上海市,上海市,121.1841392371386,30.8945624368036
47,国家电网充电站(朱吕公路),上海市,上海市,121.176158642324,30.83419278379877
48,延寿寺电动汽车充电站,上海市,上海市,121.17578527096136,30.972107395823183
49,上海市金山区吕巷镇蔷薇村民委员会电动汽车充电站,上海市,上海市,121.15020246307664,30.83789057265753
50,特来电充电站(上海璜溪东街8弄),上海市,上海市,121.17260895944072,30.82868028714585
51,松江区石湖荡镇金汇村村民委员会电动汽车充电站,上海市,上海市,121.19757374726824,30.961424336421093
52,枫泾服务区国家电网电动汽车充电站,上海市,上海市,121.03032839094696,30.89301421831604
53,淀山湖服务区国家电网电动汽车充电站,上海市,上海市,120.93692984516076,31.063079373165984
54,淀山湖服务区国家电网电动汽车充电站,上海市,上海市,120.93598975285936,31.0641123913345
55,国家电网汽车充电站,上海市,上海市,120.9299268747092,31.072671011968303
56,国家电网充电站(上海青浦区西蔡环淀山湖停车场电动汽车站),上海市,上海市,120.92965636646956,31.0725894467689
57,国家电网充电站(淀山湖停车场),上海市,上海市,120.94089691388028,31.076155725367062
58,汽车充电站(蔚来目充站上海中石化金泽站),上海市,上海市,120.91671861957688,31.06724733891394
59,安悦充电汽车充电站(上海奥富特),上海市,上海市,120.97946162971328,31.05257298753212
60,国家电网汽车充电站(上海青浦区西岑营业厅电动汽车充电点),上海市,上海市,120.95701313057543,31.07381494632822
61,星星充电汽车充电站(青浦区鑫星充电沪青平公路),上海市,上海市,120.9570782188887,31.082531841598712
62,安悦汽车充电站(莲盛泵业站),上海市,上海市,120.98706337812295,31.04978891584738
63,国家电网充电站(上海青浦区大观园电动汽车充电站),上海市,上海市,120.90614877007754,31.075688090930576
64,安悦充电汽车充电站(位众汽车配件),上海市,上海市,120.90810569026996,31.12363255974432
65,国家电网充电站(青西郊野公园游客中心),上海市,上海市,121.00365939307956,31.05957781451885
66,国家电网汽车充电站(上海青浦区青西郊野公园游客中心电动汽车充电站),上海市,上海市,121.00366537073576,31.05958279358761
67,国家电网汽车充电站(上海青浦区青西郊野公园3号停车场电动汽车充电站),上海市,上海市,120.9974748979123,31.05105751599495
68,国家电网充电站(青西郊野公园1号停车场),上海市,上海市,121.00651062071957,31.051845681389
69,国家电网汽车充电站(上海青浦区青西郊野公园2号停车场电动汽车充电站),上海市,上海市,121.00654848686806,31.051797595562324
70,国家电网汽车充电站(东方绿舟),上海市,上海市,121.00860187294596,31.10112545074581
71,国家电网充电站(上海青浦区东方绿洲1号),上海市,上海市,121.00852515473365,31.101077705900817
72,国家电网充电站(青浦区东方绿洲2号电动汽车充电站),上海市,上海市,121.0086676440917,31.10101631557697
73,安悦充电充电站(安悦汽车站东方绿舟站),上海市,上海市,121.0085732582035,31.109634818733035
74,小昆山服务区国家电网电动汽车充电站,上海市,上海市,121.12916693816958,31.05492933760637
75,普天充电站(天马乡村俱乐部),上海市,上海市,121.13589819355964,31.06347494910098
76,星星充电汽车充电站(青浦区太阳岛),上海市,上海市,121.08568204763236,31.03712093742709
77,国家电网汽车充电站(上海青浦区寻梦源电动汽车充电站),上海市,上海市,121.08488499113912,31.04335061666061
78,威贸汽车电子充电站,上海市,上海市,121.06650234311472,31.00757237383653
79,森通智达充电站(正泰科沁苑),上海市,上海市,121.16988604011208,31.022826446505785
80,依威能源汽车充电站(正泰科沁苑),上海市,上海市,121.16849811753946,31.02396716814533
81,依威能源汽车充电站(上海正泰启迪智电港科创中心),上海市,上海市,121.16687582155149,31.023867173210093
82,蔚来能源汽车充电站(蔚来超充站上海松江时尚谷创意园),上海市,上海市,121.16425271516174,31.032931944639994
83,挚达汽车充电站(广富林路),上海市,上海市,121.18369685118546,31.05503516605124
84,国家电网汽车充电站(上海松江区石湖荡电动汽车充电站),上海市,上海市,121.11407498149052,30.98873464565773
85,森通智达充电站(恒杰丁香花园-75号楼西面),上海市,上海市,121.18149032250258,31.046152341099432
86,依威能源汽车充电站(辰丰苑),上海市,上海市,121.17951933389108,31.012055668973385
87,森通智达充电站(恒杰丁香花园-83号楼西面),上海市,上海市,121.18245530696778,31.044912796191824
88,佘山旅游电动汽车充电站,上海市,上海市,121.19275755804188,31.09126907596815
89,威吾德信息科技汽车充电站,上海市,上海市,121.1651023530559,30.98682864652348
90,森通智达充电站(华庭荣园),上海市,上海市,121.19561643663924,31.021138009280577
91,星星充电汽车充电站(中国石化停车玉树站),上海市,上海市,121.19396582757768,31.018411967774647
92,国家电网充电站(上海青浦区陈云纪念馆),上海市,上海市,121.041140683123,31.0093145313662
93,依威能源汽车充电站(上海华东电商科技专修学院朱家角校区),上海市,上海市,121.0589153379456,31.09435082807231
94,滨湖郡电动汽车充电站,上海市,上海市,121.0432920307156,31.12444120450647
95,特斯拉充电站(朱家角安麓酒店新国标),上海市,上海市,121.0443728540288,31.116520226153824
96,充电队长汽车充电站(景苑会务),上海市,上海市,121.04769135009072,31.11704413224671
97,保时捷汽车充电站(上海朱家角安麓酒店目的地充电站),上海市,上海市,121.04418532668056,31.11674449979994
98,保时捷汽车充电站(上海朱家角安麓酒店目的地充电站),上海市,上海市,121.04411749040446,31.11691455037404
99,依威能源汽车充电站(中信泰富朱家角新城·悦湖郡),上海市,上海市,121.04544653039436,31.12277556174512
100,特斯拉充电站(上海中信泰富朱家角锦江超级站新国标),上海市,上海市,121.04521315580028,31.12250119590412
101,依威能源汽车充电站(中信泰富朱家角新城·文苑),上海市,上海市,121.04164051014622,31.12414596306459
102,依威能源汽车充电站(中信泰富朱家角新城·翠苑三期),上海市,上海市,121.04105425854904,31.12249716040522
103,特来电充电站(上海松江泰晤士百方超充站),上海市,上海市,121.19288679499932,31.031972280764204
104,上海一电充电站(盛京银行松江支行),上海市,上海市,121.1958563745582,31.026707128702864
105,国家电网汽车充电站(上海青浦区人文纪念博物馆电动汽车充电站),上海市,上海市,121.12602661378864,31.1151114097848
106,国家电网汽车充电站(上海青浦区人文纪念博物馆电动汽车充电站),上海市,上海市,121.12600358512078,31.115104385266243
107,陈云故里·练塘古镇电动汽车充电站,上海市,上海市,121.0397595509437,31.008882890174487
108,依威能源汽车充电站(华亭新家三辰苑一村),上海市,上海市,121.18438883928732,31.01174361589048
109,依威能源汽车充电站(华亭新家三辰苑二村),上海市,上海市,121.18857171443,31.011697929809653
110,特斯拉汽车充电站(上海松江广富林希尔顿酒店),上海市,上海市,121.19452271034083,31.066782814415923
111,特来电充电站(上海润丰商务楼),上海市,上海市,121.18981281127688,31.025691833918977
112,小桔充电汽车充电站(蝶尔泰晤士美术馆地面快充站),上海市,上海市,121.19380220171732,31.03431140698318
113,特来电充电站(上海西镇大拇指),上海市,上海市,121.04453353713942,31.11531254981841
114,特来电充电站(特来电站物美超市),上海市,上海市,121.19606152529454,31.00531001258691
115,汽车充电站(月湖会馆南),上海市,上海市,121.19544239010312,31.10108591958032
116,国家电网汽车充电站(上海松江区仓汇路),上海市,上海市,121.19963454310758,31.01557845673348
117,星星充电汽车充电站(星星充电飞航广场),上海市,上海市,121.20370824793214,31.0107321969836
118,汽车充电站(蔚来目充站上海飞航广场),上海市,上海市,121.20272364961882,31.012143979876583
119,星星充电汽车充电站(松江区飞航广场),上海市,上海市,121.20252340745866,31.01140612868188
120,星星充电汽车充电站(行政服务中心),上海市,上海市,121.20057708799987,31.01501418684613
121,小桔充电汽车充电站(蝶尔玉树路飞航广场快充站),上海市,上海市,121.20273470002824,31.01174423060589
122,国家电网汽车充电站(上海松江区飞航广场电动汽车充电站),上海市,上海市,121.20369012691442,31.011849514617545
123,特来电充电站(上海松江飞航广场),上海市,上海市,121.2041458986992,31.010706820513487
124,国家电网汽车充电站(上海物美超市),上海市,上海市,121.20250335564394,31.01165895141996
125,安悦充电汽车充电站(立信会计学院松江校区),上海市,上海市,121.19405748022912,31.04812280025693
126,国家电网汽车充电站(上海青浦区朱家角游客服务中心电动汽车充电站),上海市,上海市,121.04940165932106,31.11140188418317
127,依威能源汽车充电站(中信泰富朱家角新城·雅苑),上海市,上海市,121.03864059564356,31.11572933425639
128,国家电网汽车充电站(上海青浦区长三角一体化示范区规划展示馆电动汽车充电站),上海市,上海市,121.03045241244328,31.100346771980814
129,依威能源汽车充电站(中信泰富朱家角新城·翠苑二期),上海市,上海市,121.03469672937756,31.120157258784005
130,依威能源充电站(中信泰富朱家角新城·鸿玺郡),上海市,上海市,121.03116841347718,31.12106252738123
131,挚挚达充电站,上海市,上海市,121.11656052615,31.204819582493744
132,循道新能源汽车充电站(久业路),上海市,上海市,121.10897478598866,31.205799179581863
133,国家电网汽车充电站(上海青浦区四维邦尔停车场),上海市,上海市,121.10915716482826,31.191063534410272
134,国家电网汽车充电站(上海青浦区四维邦尔停车场电动汽车充电站),上海市,上海市,121.10911817265878,31.190708685768165
135,星星充电汽车充电站(庞大丰源青浦专营店),上海市,上海市,121.1217301645122,31.18855281733729
136,依威能源充电站(乐派人才公寓),上海市,上海市,121.12521997656708,31.180485893463104
137,蔚来能源汽车充电站(蔚来超充站上海云轮科创园),上海市,上海市,121.09279156520616,31.184180906574323
138,特来电充电站(上海青浦皇家1号),上海市,上海市,121.10693500039186,31.167614069608494
139,特来电充电站(上海青浦出口加工站),上海市,上海市,121.15231565434996,31.20027187434741
140,挚达汽车充电站,上海市,上海市,121.11443713533502,31.15330578291617
141,特来电充电站(上海桥梓湾广场),上海市,上海市,121.10847831012909,31.150125092184293
142,如家酒店上海青浦区城中北路店电动汽车充电站,上海市,上海市,121.1087137701133,31.15791615156749
143,星星充电汽车充电站(锦江之星上海青浦酒店直流),上海市,上海市,121.10812458410696,31.15630263181062
144,国家电网充电站(上海青浦区体育地下停车场电动汽车充电站),上海市,上海市,121.11444014210193,31.15325581169472
145,汽车充电站(上海青浦卓越世纪中心),上海市,上海市,121.0962454131193,31.169433527432705
146,星星充电汽车充电站(不对外开放清河湾佳苑),上海市,上海市,121.0977134761215,31.16872210336324
147,一能充电站(青浦卓越世纪中心),上海市,上海市,121.0959593467112,31.17034502932612
148,汽车充电站(安亭林明快充),上海市,上海市,121.13117047970536,31.163145479491003
149,云杉智慧汽车充电站-MAX体育公园充电站,上海市,上海市,121.13047951948896,31.162792715513746
150,乐华汽车充电站((MAX体育公园直流充电站),上海市,上海市,121.13045948610136,31.162849658734032
151,度普E站快充站（青浦区远洋西郊宸章）,上海市,上海市,121.0982949217219,31.163913693301943
152,度普E站汽车充电站(青浦区远洋西郊宸章地库),上海市,上海市,121.09842394369898,31.16376379703025
153,依威能源汽车充电站(港隆国际大厦),上海市,上海市,121.11138318188594,31.16091440250776
154,蔚景云汽车充电站(申充港隆国际大厦),上海市,上海市,121.10945790539616,31.16137182976012
155,依威能源汽车充电站(青浦世纪联华),上海市,上海市,121.10845542334654,31.160260769015228
156,挚达汽车充电站(青浦区行政服务中心西南),上海市,上海市,121.12220165720385,31.15415195560705
157,国家电网充电站(青龙路),上海市,上海市,121.1352998141434,31.150233148594506
158,安悦充电充电站(安悦站富绅商业中心),上海市,上海市,121.13271047906753,31.15456011080414
159,充电队长汽车充电站(夏阳湖皇冠假日酒店),上海市,上海市,121.13274863949704,31.15335579684874
160,奂欣充电场站,上海市,上海市,121.16080471151804,31.185752638459853
161,上海奂欣实业有限公司电动汽车充电站,上海市,上海市,121.16156421121124,31.186161851373743
162,特来电充电站(上海万福财富中心),上海市,上海市,121.12633719602226,31.147857142412946
163,安悦充电充电站(安悦站芊岱大厦),上海市,上海市,121.1294703482567,31.14827795501945
164,特来电汽车充电站(上海万福财富中心充电站),上海市,上海市,121.1263802612704,31.14774125719848
165,国家电网汽车充电站(鹤球服装城充电站),上海市,上海市,121.1323662083183,31.24471451703698
166,新城盛景E区电动汽车充电站,上海市,上海市,121.14622296747208,31.156024625048733
167,安悦充电汽车充电站(跨越速运),上海市,上海市,121.19836081705408,31.224462713316377
168,国家电网充电站(海盈路),上海市,上海市,121.0935782891739,31.1393061799585
169,万马爱充汽车充电站(五浦汇菜场),上海市,上海市,121.109056790622,31.14836138724148
170,安悦充电汽车充电站(上海轻良实业),上海市,上海市,121.1460319605585,31.256897542789307
171,依威能源汽车充电站(源昌幸福里二期),上海市,上海市,121.15178606638972,31.160176191122
172,依威能源汽车充电站(源昌幸福里一期),上海市,上海市,121.15236215175688,31.16047306823272
173,小桔充电站(上海市青浦区宝龙汇金公交枢纽地下),上海市,上海市,121.14960575677372,31.1619344109824
174,星星充电汽车充电站(不对外开放崧泽华城秀景苑三期),上海市,上海市,121.1528166764773,31.16462173314464
175,星星充电汽车充电站(青浦区崧泽华城秀景苑二期直流),上海市,上海市,121.15442681417257,31.16462764135828
176,星星充电汽车充电站(不对外开放御澜山小区),上海市,上海市,121.14971931379436,31.15793669159588
177,星星充电汽车充电站(不对外开放崧泽华城秀景苑二期直流),上海市,上海市,121.15443482927604,31.16463465229268
178,星星充电汽车充电站(不对外开放星星充电御澜山小区充电站),上海市,上海市,121.14971931370864,31.15793769107411
179,汽车充电站(康汇雅苑),上海市,上海市,121.19010705508909,31.206269122148704
180,星星充电汽车充电站(高老九火锅店直流),上海市,上海市,121.184852630729,31.201665291499385
181,度普E站汽车充电站(青浦区万科红生活广场),上海市,上海市,121.18544475526518,31.201717308531443
182,森通智达汽车充电站(佳福雅苑A2),上海市,上海市,121.15229128431216,31.15732358271873
183,森通智达汽车充电站(崧泽华城昱芳苑),上海市,上海市,121.14885473238566,31.15737146987855
184,森通智达汽车充电站(崧泽华城昱华苑),上海市,上海市,121.14920746883134,31.15651853317628
185,森通智达汽车充电站(崧泽华城佳福雅苑东区),上海市,上海市,121.15082453743946,31.15650439369736
186,森通智达汽车充电站(崧泽华城佳福雅苑北区),上海市,上海市,121.15201980712776,31.156779380690743
187,森通智达汽车充电站(崧泽华城佳福雅苑西区),上海市,上海市,121.14971556284485,31.154944249837875
188,森通智达汽车充电站(崧泽华城佳福雅苑南区),上海市,上海市,121.15286349829265,31.156076262769915
189,上海倚申汽车充电站(青浦白鹤充电站),上海市,上海市,121.1439168623372,31.248484700651165
190,汽车充电站(申通智慧物流园),上海市,上海市,121.18190760693716,31.182082764240374
191,汽车充电站(申通智慧物流园),上海市,上海市,121.1832301197471,31.182745801108204
192,腾势充电站(新九汽车总汇站),上海市,上海市,121.18273354145518,31.178232194791
193,新能源超级充电站,上海市,上海市,121.16675766983512,31.163908937982924
194,乐华充电(沪升E谷直流汽车充电站）,上海市,上海市,121.17283087613409,31.165817359713284
195,特斯拉超级充电站(上海青浦吾悦广场),上海市,上海市,121.09093839230896,31.14541909112477
196,国家电网汽车充电站(上海市青浦区吾悦广场停车场公共充电站),上海市,上海市,121.09048148541798,31.146026828845343
197,电桩宝充电站,上海市,上海市,121.16298073475356,31.15508643556089
198,特来电充电站(上海青浦万达茂站),上海市,上海市,121.07696370879478,31.13462692726135
199,特来电充电站(上海青浦万达茂),上海市,上海市,121.07966105962711,31.135078825560747
200,特来电充电站(8090青年创业园),上海市,上海市,121.17715496542974,31.16143266814484
201,易马达e换电电动自行车充电站(盈港东路),上海市,上海市,121.1798641138623,31.164222189353666
202,特来电充电站(上海8090创业园停车场快充站),上海市,上海市,121.17713191669084,31.161463609548573
203,星星充电汽车充电站(移动智地三期),上海市,上海市,121.1686342993267,31.154501371191493
204,星星充电汽车充电站(星星锐嘉科移动智地三期),上海市,上海市,121.16863530145535,31.154500373599934
205,乐华充电(上海绿滔食品有限公司直流充电站),上海市,上海市,121.1726223641958,31.155116535745925
206,依威能源汽车充电站(新城盛景A区农工商超市后侧河边),上海市,上海市,121.14262606990232,31.16124087426882
207,星星充电汽车充电站(皮克家具直流),上海市,上海市,121.17940077425484,31.145675062749795
208,星星充电汽车充电站(孚陶电子直流),上海市,上海市,121.17782382428696,31.155284107792728
209,依威能源汽车充电站(松港西郊智库),上海市,上海市,121.18082359758074,31.15722956883289
210,国家电网汽车充电站(上海青浦区意邦置业电动汽车充电站),上海市,上海市,121.18769372099,31.19314344233874
211,国家电网汽车充电站(上海青浦区重固镇社区卫生服务中心电动汽车充电站),上海市,上海市,121.18586179676144,31.19878147786936
212,挚达科技汽车充电站,上海市,上海市,121.16906932381816,31.270022956144786
213,国家电网充电站(国际汽车城6号),上海市,上海市,121.16875065528907,31.27023326728297
214,国家电网汽车充电站(安礼路),上海市,上海市,121.17085277361474,31.27222037389497
215,国家电网汽车充电站(安亭新镇兴苑),上海市,上海市,121.16706185449448,31.274350346223585
216,依威能源汽车充电站(梁杭电商U库),上海市,上海市,121.19669651968806,31.23080219232985
217,青浦消防赵巷中队电动汽车充电站,上海市,上海市,121.1969462400144,31.156502326196264
218,国家电网汽车充电站(上海青浦区赵巷镇赵兴路53号赵巷邮政支局电动汽车充电站),上海市,上海市,121.19487617031854,31.15129779537807
219,EVCARD充电站(颖奕高尔夫),上海市,上海市,121.18658162993644,31.27546569350137
220,小鹏汽车汽车充电站(上海颖奕皇冠假日酒店小鹏目的地站),上海市,上海市,121.18633018386522,31.275131396053045
221,挚达汽车充电站(颖奕安亭高尔夫俱乐部),上海市,上海市,121.18620697798715,31.27481431453966
222,安悦充电充电站(安悦汽车站安亭乘用车试车场站),上海市,上海市,121.18544719738657,31.27879031827205
223,Evcard汽车充电站(安亭乘用车试车场站),上海市,上海市,121.18545621420652,31.27879433243288
224,特来电充电站(万科安亭新镇),上海市,上海市,121.16205471125862,31.273722208537137
225,挚达汽车充电站(安亭新镇售楼处对面),上海市,上海市,121.16274003899086,31.27445518245862
226,国家电网充电站(安亭新镇物业公司停车场),上海市,上海市,121.16196954480026,31.273650079672485
227,开迈斯充电站(颖奕皇冠假日酒店),上海市,上海市,121.18644545913496,31.274455881404126
228,象前冲上海-嘉定颖奕皇冠假日酒店,上海市,上海市,121.18658472761916,31.274388152441407
229,象前充汽车充电站(上海-嘉定颖奕皇冠假日酒店),上海市,上海市,121.1866518642782,31.274269319330195
230,国家电网汽车充电站(上海青浦区四维尔停车场电动汽车充电点),上海市,上海市,121.196520596156,31.249961208704764
231,嘉定区安亭镇泥岗村民委员会电动汽车充电站,上海市,上海市,121.19694006807288,31.26445150760921
232,国家电网汽车充电站(上海市松江区松港高新技术产业园充电站),上海市,上海市,121.18103209648942,31.13262500351687
233,星星充电汽车充电站(强丰生态农庄),上海市,上海市,121.28955626312444,30.759028629315328
234,星星充电汽车充电站(金康花苑),上海市,上海市,121.3064051322684,30.74217245954522
235,特来电充电站(春华路站站),上海市,上海市,121.28648412904047,30.729332418298547
236,特来电充电站(上海海博油田),上海市,上海市,121.287535380347,30.72861029234017
237,国家电网汽车充电站(上海金山区国贸城二期),上海市,上海市,121.29843526853531,30.73599552777161
238,星星充电充电站(星星站金康花苑),上海市,上海市,121.30782216294132,30.741058464473458
239,星星充电汽车充电站(卫康花苑),上海市,上海市,121.3111910930046,30.73731818324353
240,星星充电汽车充电站(城西花苑),上海市,上海市,121.31162946530716,30.733255443397645
241,上海市金山区金山卫镇永联村民委员会电动汽车充电站,上海市,上海市,121.2676516836576,30.737422558751604
242,星星充电站(金山卫医院),上海市,上海市,121.30969520226306,30.727665865527
243,星星充电汽车充电站(城西花苑直流),上海市,上海市,121.31106086867965,30.73153337757148
244,星星充电汽车充电站(金山卫镇社区),上海市,上海市,121.30929908411892,30.72750567587784
245,星星充电汽车充电站(老西门花苑),上海市,上海市,121.30288284534984,30.72754619454929
246,沪浙服务区国家电网电动汽车充电站(暂停营业),上海市,上海市,121.26826859375402,30.73064749703475
247,国家电网汽车充电站(S4沪金高速沪浙服务区上海方向电动汽车充电站),上海市,上海市,121.2688418506616,30.73210026729205
248,依威能源汽车充电站(锦绣尊邸),上海市,上海市,121.32208013105372,30.75454760369308
249,国家电网汽车充电站,上海市,上海市,121.33573449132584,30.74225402170874
250,云快充汽车充电站(上海金山夏宁站),上海市,上海市,121.3378226004983,30.74623210029181
251,星星充电汽车充电站(河滨商业广场),上海市,上海市,121.33746757114356,30.743871975910867
252,国家电网汽车充电站(上海金山区行政服务中心),上海市,上海市,121.33534302195548,30.74612674823962
253,国家电网汽车充电站(上海金山区行政服务中心电动汽车充电站),上海市,上海市,121.33521232580506,30.74593309243559
254,国家电网汽车充电站(上海金山区图书馆电动汽车充电站),上海市,上海市,121.33576442508186,30.74226096242248
255,国家电网充电站(上海金山区杭州湾大道1700号),上海市,上海市,121.34018737346878,30.74793290119878
256,国家电网汽车充电站(上海金山区区政府会议中心电动汽车充电站),上海市,上海市,121.33940041434911,30.743712517152
257,国家电网汽车充电站,上海市,上海市,121.33253844261654,30.73183235313896
258,特斯拉充电站(华润万家-金山店新国标),上海市,上海市,121.33937855324432,30.73086713894308
259,蔚景云汽车充电站(申充华润万家金山店直流),上海市,上海市,121.33946441777914,30.730296272481176
260,特来电充电站(特来电站金山汉庭酒店),上海市,上海市,121.3274732753492,30.73824971124283
261,国家电网汽车充电站(上海金山区世纪城西侧电动汽车充电站),上海市,上海市,121.33171274690952,30.73816867764508
262,国家电网充电站(金山区复旦大学附属金山医院),上海市,上海市,121.32563175058267,30.75825983787737
263,国家电网汽车充电站(上海金山区复旦大学附属金山医院电动汽车充电站),上海市,上海市,121.32570458665988,30.75824470614864
264,特来电充电站(特来电站上海金山卫科创园二期),上海市,上海市,121.31844151900556,30.72932057543444
265,国家电网汽车充电站(金山万达店),上海市,上海市,121.33305093077288,30.75976891119345
266,国家电网汽车充电站(上海金山万达销售中心),上海市,上海市,121.33323450244914,30.760009438571583
267,国家电网汽车充电站(上海金山万达销售中心电动汽车充电站),上海市,上海市,121.33377426765956,30.760449191404
268,依威能源汽车充电站(都乐美食广场),上海市,上海市,121.3330115402203,30.753624213945404
269,汽车充电站(蔚来超充站上海金山万达),上海市,上海市,121.33422454530591,30.757221046954168
270,星星充电汽车充电站(上海石化工业学校),上海市,上海市,121.32124958467566,30.72420278604383
271,特来电充电站(上海金山工商联),上海市,上海市,121.34214324414285,30.74785142868164
272,国家电网汽车充电站(上海金山区规划展示馆电动汽车充电站),上海市,上海市,121.34309927664576,30.747499913249225
273,奇瑞新能源充电站,上海市,上海市,121.34837178638224,30.792068045072376
274,特来电充电站(上海金山百联),上海市,上海市,121.34240872910698,30.73561426363019
275,特斯拉超级充电站(金山百联购物中心),上海市,上海市,121.34304142814412,30.73538425842476
276,国家电网汽车充电站(上海市金山区枫憬酒店公共充电站),上海市,上海市,121.3418388522754,30.73646584439041
277,国家电网汽车充电站(上海金山区世纪城东侧电动汽车充电站),上海市,上海市,121.33444259879074,30.73914503423908
278,康迪汽车充电站(杭州湾大道),上海市,上海市,121.349925125432,30.729098678698897
279,国家电网汽车充电站(上海金山区铁路南广场电动汽车充电站),上海市,上海市,121.3570610537458,30.728617738450545
280,国家电网充电站(上海金山区张堰营业站),上海市,上海市,121.28593756299404,30.80678499431956
281,国家电网汽车充电站(上海金山区张堰镇公共停车场),上海市,上海市,121.28569908032792,30.80541608350488
282,安悦充电充电站(安悦站张堰镇社区卫生服务中心),上海市,上海市,121.2837472269116,30.806390195676183
283,国家电网汽车充电站(上海金山区张堰镇公共停车场电动汽车充电站),上海市,上海市,121.28547047784625,30.80525648771201
284,挚达科技汽车充电站(山磊路),上海市,上海市,121.35396910227212,30.78086806732198
285,星星充电汽车充电站(海鸥大厦),上海市,上海市,121.34763941499196,30.73132636350145
286,星星充电汽车充电站(不对外开放碧海云居直流),上海市,上海市,121.34791682843144,30.73175367779879
287,星星充电汽车充电站(星星充电海鸥大厦充电站),上海市,上海市,121.34784399686764,30.73146994490764
288,星星充电汽车充电站(金山区御龙景苑),上海市,上海市,121.35037746415574,30.76181699119407
289,国家电网汽车充电站(红旗东路),上海市,上海市,121.35386878527017,30.763311616687734
290,特来电充电站(特来电站田园1号),上海市,上海市,121.34538492768756,30.79025113017213
291,挚达汽车充电站(绿荷潭路),上海市,上海市,121.24647850898708,30.82329467251073
292,国家电网电动汽车充电站(铁路南广场),上海市,上海市,121.35708700478877,30.7286636767365
293,国家电网电动汽车充电站(轨交22号线金山卫站P+R北广场),上海市,上海市,121.35912031413768,30.73131937093376
294,易马达e换电电动自行车充电站(红旗东路),上海市,上海市,121.3589447445303,30.76484220186488
295,星星充电汽车充电站(美溪里地下车库充电桩群),上海市,上海市,121.273719044763,30.81588979207981
296,安悦充电充电站(安悦汽车山阳镇社区卫生服务中心),上海市,上海市,121.36707387727296,30.76891632873549
297,星星充电汽车充电站(芳心园猕猴桃种植合作社),上海市,上海市,121.24916431243636,30.8185500689158
298,星星充电汽车充电站(怡神园猕猴桃种植合作社直流),上海市,上海市,121.249512275621,30.817797435759392
299,星星充电汽车充电站(金山区怡神园猕猴桃种植专业合作社直流高低压兼容),上海市,上海市,121.24917634410944,30.818130302053174
300,星星充电汽车充电站(上海长宁橡胶制品厂有限公司),上海市,上海市,121.34549540983772,30.80540261094731
301,国家电网充电站(亭升路),上海市,上海市,121.31668223765456,30.88583158700596
302,星星充电汽车充电站(途安假日酒店2区),上海市,上海市,121.31489666836563,30.89281288552084
303,汽车充电站(蔚来超充站上海天都时代广场),上海市,上海市,121.31495753749124,30.892742811546583
304,星星充电汽车充电站(途安假日酒店直流),上海市,上海市,121.31365264395454,30.89063050953148
305,星星充电汽车充电站(隆亭家园2区),上海市,上海市,121.3106365791578,30.87616358829912
306,南亭佳苑电动汽车充电站,上海市,上海市,121.31391417234916,30.877504682344025
307,星星充电汽车充电站(隆亭家园),上海市,上海市,121.31074633396784,30.876195366298628
308,国家电网充电站(松江区张泽镇南),上海市,上海市,121.2694706154257,30.92961703262922
309,安悦充电充电站(安悦站同建休闲农庄),上海市,上海市,121.32122142580886,30.915400537969767
310,依威能源汽车充电站(世纪花苑四村),上海市,上海市,121.30866428373696,30.94253614559677
311,依威能源汽车充电站(世纪花苑三村),上海市,上海市,121.30880569506236,30.945823935886647
312,松江区叶榭镇井凌桥村村民委员会电动汽车充电站,上海市,上海市,121.25368809780468,30.93223411173373
313,安悦充电充电站(安悦站亭林社区卫生服务中心松隐分中心)(暂停营业),上海市,上海市,121.23201050468504,30.893194196102325
314,联东U谷南区举视充电站,上海市,上海市,121.31364228111816,30.83621895345466
315,金山联东U谷北区举视充电站,上海市,上海市,121.31126341475678,30.838128318199907
316,云快充汽车充电站(上海金山夏宁站),上海市,上海市,121.31191526439424,30.83464008485932
317,国家电网汽车充电站(上海松江区叶榭三角地电动汽车充电站),上海市,上海市,121.3195443245781,30.94961848400425
318,国家电网汽车充电站(上海松江区博伦市场电动汽车充电站),上海市,上海市,121.31433941771262,30.957534682011424
319,国家电网汽车充电站(上海金山区铁路亭林站电动汽车充电站),上海市,上海市,121.35370967456072,30.89651788497048
320,特来电充电站(乡间艺墅),上海市,上海市,121.23532166890912,30.834795353351883
321,星星充电汽车充电站(汇丰馨苑),上海市,上海市,121.2352528642966,30.83218980337744
322,牡丹村活动点电动汽车充电站,上海市,上海市,121.20034954018216,30.886337854238302
323,叶榭服务区国家电网电动汽车充电站,上海市,上海市,121.3035728015956,30.95947225864959
324,叶榭服务区国家电网电动汽车充电站,上海市,上海市,121.30164585643338,30.95927674477211
325,普天新能源汽车充电站(新天鸿名人高尔夫),上海市,上海市,121.20243696593012,30.8721821316628
326,金山区朱泾镇慧农村村民委员会电动汽车充电站,上海市,上海市,121.21378739976402,30.882808439139783
327,上海市金山区朱泾镇温河村村民委员会电动汽车充电站,上海市,上海市,121.21269048754884,30.91403387470967
328,国家电网汽车充电站(上海金山区工业区电动汽车充电站),上海市,上海市,121.30577911653612,30.829419288556743
329,国家电网充电站(上海金山竞衡酒店东侧停车场电动汽车),上海市,上海市,121.30600190061024,30.83814894028648
330,金山区吕巷镇颜圩村村民委员会电动汽车充电站,上海市,上海市,121.26764853092678,30.835024661972707
331,星星充电汽车充电站(金山吕巷),上海市,上海市,121.219838954116,30.832949292674385
332,星星充电汽车充电站(金山区金山吕巷直流高低压兼容),上海市,上海市,121.2198369527272,30.83294329422632
333,国家电网汽车充电站(上海松江区港湾新城电动汽车充电站),上海市,上海市,121.20784489187268,30.930459267902865
334,蔚来能源汽车充电站(蔚来超充站上海金山科创园),上海市,上海市,121.3446003147112,30.83964593011541
335,国家电网汽车充电站(上海金山区铁路园区站电动汽车),上海市,上海市,121.36303347845508,30.831178140564635
336,汽车充电站(金山区冬鼎汽车销售),上海市,上海市,121.4197454405658,30.795834286034683
337,特来电充电站(浦江特种气体),上海市,上海市,121.46081005871454,30.80641281865716
338,象前充充电站(毕克助剂),上海市,上海市,121.47880704406572,30.80985286192524
339,象前充充电站(化工区体育场站),上海市,上海市,121.46074734642248,30.812611218204854
340,国家电网充电站(渔人码头P1停车场),上海市,上海市,121.5137609637028,30.819489844669995
341,国家电网汽车充电站(上海奉贤区海湾渔人码头电动汽车充电站),上海市,上海市,121.51388740002146,30.819487208181016
342,安悦充电汽车充电站(汉高化学停车场),上海市,上海市,121.47039758622252,30.812689592491967
343,Evcard汽车充电站,上海市,上海市,121.4576479984876,30.827157403582323
344,依威能源汽车充电站(海畔家园),上海市,上海市,121.46362681722368,30.827673126759464
345,国家电网汽车充电站(上海奉贤区海湾碧海金沙电动汽车充电站),上海市,上海市,121.54680359519682,30.8266800684774
346,上海市奉贤区体育中心电动汽车充电站,上海市,上海市,121.46421802718628,30.905792515329093
347,国家电网汽车充电站(上海奉贤区多元工贸城电动汽车充电站),上海市,上海市,121.45455061615574,30.904814158757382
348,奉贤区悦华大酒店充电站(南桥南星路),上海市,上海市,121.45335712749085,30.90710504360603
349,星星充电汽车充电站(环城南路),上海市,上海市,121.45400197313114,30.90625203518156
350,云杉智慧汽车充电站(上海奉贤老年大学),上海市,上海市,121.45483085999572,30.911123099232185
351,云杉智慧汽车充电站-上海奉贤老年大学充电站,上海市,上海市,121.454755633568,30.911316808697705
352,星星充电汽车充电站(环城南路1070号),上海市,上海市,121.44628896510366,30.904629066564496
353,挚达汽车充电站(环城南路),上海市,上海市,121.44657165825724,30.90466263144988
354,亿星大厦超级快充站,上海市,上海市,121.45670764168231,30.91725493649496
355,依威能源汽车充电站(乐购奉贤金叶店),上海市,上海市,121.46524146659894,30.914636981259168
356,上海市奉贤区植物保护植物检疫站,上海市,上海市,121.44402221879376,30.89629238000585
357,上海卜蜂莲花南奉店(简单冲),上海市,上海市,121.4707118643436,30.91625874168066
358,普天充电站(绿地翡翠国际广场),上海市,上海市,121.46814218600966,30.92031235325902
359,依威能源汽车充电站(绿地翡翠国际广场停车场),上海市,上海市,121.468266624882,30.919850961368308
360,云快充汽车充电站(悠口文化创意产业园充电站),上海市,上海市,121.46954675546338,30.919911396365844
361,星星充电汽车充电站(奉贤区南桥绿地翡翠国际广场),上海市,上海市,121.46731149949107,30.92064592510565
362,星星充电汽车充电站(星星充电南桥绿地翡翠国际广场充电站),上海市,上海市,121.46885948179752,30.92047919325121
363,挚达汽车充电站(汇智路),上海市,上海市,121.47063536907366,30.919150823816505
364,上海挚达充电站(莘奉公路1985百顺路),上海市,上海市,121.47810877216754,30.915264147968784
365,特来电充电站(上海奉贤大众宸彰出租车示范站),上海市,上海市,121.4740257619476,30.91723737545546
366,星星充电汽车充电站(南方国际),上海市,上海市,121.47970812445536,30.91707769168141
367,特斯拉超级充电站(上海南桥百联新国标),上海市,上海市,121.4802308868261,30.91762488409969
368,万马爱充汽车充电站(申奉),上海市,上海市,121.43403375998108,30.909601656140826
369,上海欣明协通汽车销售服务有限公司电动汽车充电站,上海市,上海市,121.43292018466212,30.9152905502801
370,挚达汽车充电站(秀南中心路),上海市,上海市,121.43440826430098,30.91206580378428
371,特来电充电站(特来电站奉贤实验中学),上海市,上海市,121.43574845734754,30.90532496920667
372,循道新能源汽车充电站(上海奉贤长途汽车客运站),上海市,上海市,121.43809128539928,30.90471733505893
373,循道新能源汽车充电站(众辉路),上海市,上海市,121.43733268557648,30.905011840122867
374,腾势充电站(奉贤卓越百方),上海市,上海市,121.48726495822471,30.913122219012013
375,充电队长汽车充电站(卓越世纪),上海市,上海市,121.48622204526036,30.9156936079648
376,森通智达汽车充电站(卓越世纪中心),上海市,上海市,121.4865361795542,30.91543369244931
377,特来电充电站(上海奉贤卓越百方超充站),上海市,上海市,121.48732718632728,30.913036454447937
378,上海挚达充电站(卓越世纪南港路出口),上海市,上海市,121.4888956326362,30.914609194054687
379,泰那斯传悦坊汽车充电站,上海市,上海市,121.4822676852202,30.92103380667284
380,绿地未来中心电动汽车充电站,上海市,上海市,121.48514404706717,30.91793209722564
381,智场新能源充电站(绿地未来中心站),上海市,上海市,121.485137022619,30.91792807884816
382,星星充电汽车充电站(苏宁生活广场直流),上海市,上海市,121.48545287680165,30.921029180425368
383,万马爱充汽车充电站(上海南桥国际商业广场实业有限公司),上海市,上海市,121.48937616695288,30.91673637146497
384,小桔充电站(上海市奉贤区浦南财富广场),上海市,上海市,121.48605899056152,30.921373770353405
385,森通智达充电站(绿地方舟),上海市,上海市,121.46216285817896,30.927669302469795
386,上海挚达充电站(易买得超市停车场),上海市,上海市,121.46124800667327,30.928648398739742
387,特斯拉充电站(上海奉贤宝龙广场超级站新国标),上海市,上海市,121.45795696998664,30.932194125150403
388,挚达汽车充电站(九华路),上海市,上海市,121.4615880048385,30.928973067844243
389,特来电充电站(特来电站恒公汽车),上海市,上海市,121.4893558336239,30.89601550660101
390,上海贤力运河北路出租车充电示范站,上海市,上海市,121.4438344637104,30.92335506378927
391,乐华汽车充电站（家程机动车检测站直流充电站）,上海市,上海市,121.4425857294232,30.92138479114994
392,度普E站汽车充电站(奉贤区悦丰新苑),上海市,上海市,121.44467324514868,30.925770304674707
393,星星充电汽车充电站(上海鑫香国江淮4S店),上海市,上海市,121.44449348536916,30.9296436527101
394,依威能源汽车充电站(南郊御墅),上海市,上海市,121.47527702124854,30.9284642678084
395,依威能源汽车充电站(南郊宾馆),上海市,上海市,121.4790921475758,30.92717194427704
396,森通智达充电站(恒龙金尊广场站),上海市,上海市,121.48005323425824,30.92992809444368
397,度普E站汽车充电站(奉贤区泰和名都站),上海市,上海市,121.47859421244672,30.929795955240703
398,国家电网汽车充电站(上海奉贤区聚润广场电动汽车充电站),上海市,上海市,121.48118541713583,30.926912170567253
399,依威能源汽车充电站(南郊聚润广场),上海市,上海市,121.48187772658704,30.928123473908745
400,国家电网汽车充电站(泽丰路),上海市,上海市,121.48048761938634,30.93134951386989
401,度普E站汽车充电站(奉贤区悦晟新苑地库),上海市,上海市,121.43758753808042,30.924552751634234
402,上海金轩路充电站,上海市,上海市,121.43720898041047,30.93362272819901
403,依威能源汽车充电站(南郊美墅),上海市,上海市,121.4844387301809,30.927804180022427
404,依威能源汽车充电站(南郊一品),上海市,上海市,121.48769524656424,30.92787478156531
405,国家电网充电站(恒盛湖畔豪庭电动汽车),上海市,上海市,121.48477152698172,30.932266520032208
406,安悦充电汽车充电站(上海贤峰站),上海市,上海市,121.49824300825512,30.90410337154558
407,蔚来能源汽车充电站(蔚来超充站上海雅特兰汇智科技产业园),上海市,上海市,121.49443147641196,30.90226602437557
408,国家电网充电站(上海奉贤区奉贤巴士),上海市,上海市,121.492829346809,30.90683953184938
409,国家电网充电站(奉贤区轨交5号线奉浦站停车场),上海市,上海市,121.4555341205261,30.93122687671697
410,特来电充电站(上海大船酒店),上海市,上海市,121.46820709212844,30.9356774364156
411,国家电网充电站(奉贤轨交5号线奉浦站停车场),上海市,上海市,121.49115549353918,30.91708548038565
412,特来电充电站(上海金昊雅苑北区站),上海市,上海市,121.49869324377389,30.92061598385728
413,森通智达汽车充电站(绿地南桥新苑一期),上海市,上海市,121.46348442525782,30.933292369327
414,星星充电汽车充电站(不对外开放九华新园),上海市,上海市,121.45418921558684,30.932958695707303
415,星星充电汽车充电站(国顺路),上海市,上海市,121.45538042763978,30.93428070475997
416,挚达汽车充电站,上海市,上海市,121.45612512885752,30.93901566644733
417,星星充电站(景河苑),上海市,上海市,121.45548943101778,30.937841852416256
418,国家电网汽车充电站(魏晋文化产业园),上海市,上海市,121.43611434212588,30.926847877361745
419,国家电网汽车充电站(上海奉贤区轨交5号线奉贤新城站停车场),上海市,上海市,121.49161939329856,30.91422755486328
420,国家电网汽车充电站(奉贤区轨交5号线奉贤新城站停车场充电点),上海市,上海市,121.49181810799082,30.91418817279144
421,森通智达充电站(浦泾苑),上海市,上海市,121.49970641815896,30.92613675272396
422,森通智达充电站(佳兆业8号),上海市,上海市,121.41447838931823,30.9073769136457
423,森通智达充电站(绿地智尊),上海市,上海市,121.4559882991476,30.94419726841956
424,蔚景云汽车充电站(申充绿地智尊),上海市,上海市,121.45625195236006,30.945317232854133
425,依威能源汽车充电站(上海南桥绿地铂骊酒店),上海市,上海市,121.45642756697264,30.94397245022148
426,国家电网充电站(奉贤中心医院),上海市,上海市,121.5021432931276,30.924420046937943
427,星星充电汽车充电站(树园新苑),上海市,上海市,121.46560659499744,30.92662485960889
428,星星充电汽车充电站(上海之鱼酒店),上海市,上海市,121.48755199561344,30.93669913025637
429,悠口文化创意产业园充电站,上海市,上海市,121.4345498520602,30.943370511185165
430,星星充电汽车充电站(悠口园区2区),上海市,上海市,121.43556078227604,30.94386487240713
431,星星充电汽车充电站(奉贤区悠口园区),上海市,上海市,121.4355718054243,30.94384890014553
432,星星充电(申亚乐庭),上海市,上海市,121.3968789079056,30.9054108466989
433,星星充电汽车充电站(星星充电庄行新苑4号门充电站),上海市,上海市,121.39259779996658,30.901919463159576
434,星星充电汽车充电站(申亚乐庭),上海市,上海市,121.39680591819484,30.90531690490809
435,星星充电汽车充电站(庄行新苑4号门),上海市,上海市,121.3925818027214,30.901933458515416
436,汽车充电站,上海市,上海市,121.45257671023384,30.957435472092264
437,依威能源汽车充电站(上海芯哲科创中心),上海市,上海市,121.45372138677637,30.950985923573487
438,国家电网汽车充电站(上海奉贤区东捷奉贤分公司电动汽车充电站),上海市,上海市,121.47846422537155,30.86503354906153
439,贤德苑电动汽车充电站(益虫充电),上海市,上海市,121.5094060607464,30.92463237917909
440,特来电充电站(最家空间地下车库),上海市,上海市,121.51196530171237,30.92117385943203
441,特来电充电站(最家空间),上海市,上海市,121.50910518878636,30.922397821148984
442,轺迸电特陛来(九棵树未来艺术中心),上海市,上海市,121.48339957696044,30.94561856695873
443,JAC汽车充电站,上海市,上海市,121.4509118212213,30.96248273450293
444,星星充电汽车充电站(钜庭路1299号),上海市,上海市,121.4099139143162,30.929591842564687
445,汽车充电站,上海市,上海市,121.503139369285,30.954163387315315
446,星星充电汽车充电站(逸贤雅苑),上海市,上海市,121.50455611205751,30.957905375725296
447,度普E站快充站（奉贤区逸贤雅苑）,上海市,上海市,121.50346623933407,30.95772324728436
448,度普E站汽车充电站(奉贤区逸贤雅苑),上海市,上海市,121.50344014280492,30.95776314601471
449,国家电网汽车充电站(上海奉贤区轨交5号线奉浦站停车场充电点),上海市,上海市,121.44248141599282,30.9456212365184
450,森通智达汽车充电站(清雅苑),上海市,上海市,121.50629842523958,30.944524469546543
451,度普E站快充站汽车充电站,上海市,上海市,121.43438701605358,30.961111722984825
452,度普E站汽车充电站(奉贤区尚美苑),上海市,上海市,121.43817559614206,30.961505874730605
453,星星充电汽车充电站(中海云麓里),上海市,上海市,121.39747204116894,30.880559394302665
454,乐华汽车充电站(上海朕芯微科技有限公司直流充电站),上海市,上海市,121.43703715089336,30.95085421614642
455,度普E站汽车充电站(奉贤区金域华府东区),上海市,上海市,121.51579515763866,30.937561120428903
456,国家电网充电站(轨交5号线西渡站停车场),上海市,上海市,121.429777210021,30.954987374196133
457,挚达汽车充电站(东巡逻通道),上海市,上海市,121.42986143849774,30.95399108503085
458,青村镇工农村民委员会电动汽车充电站,上海市,上海市,121.53162142477238,30.91392140322838
459,汽车充电站(蔚来目充站上海中石化望园路站),上海市,上海市,121.46877077801662,30.960788067130576
460,依威能源汽车充电站(逸贤雅苑),上海市,上海市,121.5045380372154,30.958030248023302
461,森通智达汽车充电站(齐贤雅苑),上海市,上海市,121.50164225239423,30.96326452619832
462,星星充电汽车充电站(不对外开放华严开发区管委会),上海市,上海市,121.42864339120682,30.919256961165804
463,开迈斯汽车充电站(乐活青年社区),上海市,上海市,121.43167481738898,30.963091333401724
464,国家电网汽车充电站(上海奉贤区乐活青年公寓电动汽车充电站),上海市,上海市,121.42997581411444,30.9635185945688
465,星星充电汽车充电站(佳源梦想广场),上海市,上海市,121.50848193821022,30.850939705425183
466,星星充电汽车充电站(奉贤区佳源梦想广场),上海市,上海市,121.50838564510698,30.85038374185945
467,国家电网汽车充电站(上海市奉贤区佳源梦想广场有序公共充电站),上海市,上海市,121.51489877625392,30.856949808191345
468,国家电网充电站(萧塘站停车场),上海市,上海市,121.4366869263445,30.96846516865232
469,特来电充电站(上海5号线延长线),上海市,上海市,121.43754470085302,30.96827175777075
470,云快充汽车充电站(汉龙通达充电站),上海市,上海市,121.43472585178463,30.97063162299358
471,上海奉贤区轨交5号线肖塘站停车场充电点(国家电网),上海市,上海市,121.43665294887089,30.9673997428512
472,星星充电汽车充电站(汇港苑),上海市,上海市,121.5086884484042,30.96166732675645
473,星星充电充电站(星星站南行贤苑),上海市,上海市,121.51171880578514,30.96486724964546
474,国家电网综星大厦电动汽车充电站,上海市,上海市,121.44619419732317,30.96937954062887
475,蔚来能源汽车充电站(蔚来目充站上海中石化广丰路站),上海市,上海市,121.48119474733431,30.958950206014133
476,度普E站快充站（奉贤区敬贤雅苑）,上海市,上海市,121.51305322234994,30.95552364148508
477,度普E站快充站(奉贤区聚贤雅苑),上海市,上海市,121.51099292527876,30.957024800061475
478,度普E站汽车充电站(奉贤区聚贤雅苑),上海市,上海市,121.51053031749848,30.956895533081305
479,度普E站汽车充电站(奉贤区敬贤雅苑),上海市,上海市,121.51300404658303,30.95558746225528
480,度普E站汽车充电站(奉贤区汇贤雅苑),上海市,上海市,121.5146195533584,30.956463567908777
481,上海市奉贤区柘林镇人民政府电动汽车充电站,上海市,上海市,121.47165965555104,30.837230261073664
482,星星充电站(奉贤区应用技术学院直流2区),上海市,上海市,121.5051504963595,30.84671930447392
483,星星充电汽车充电站(不对外开放应用技术学院8区),上海市,上海市,121.50496484394192,30.846626807427786
484,星星充电汽车充电站(不对外开放应用技术学院7区),上海市,上海市,121.50697207757904,30.845275510261203
485,星星充电汽车充电站(不对外开放应用技术学院5区),上海市,上海市,121.50469412689654,30.84366969402421
486,星星充电汽车充电站(应用技术学院),上海市,上海市,121.50523880591444,30.8467715361013
487,星星充电汽车充电站(不对外开放应用技术学院直流2区),上海市,上海市,121.50457762751756,30.844688766894656
488,星星充电充电站(星星站应用技术学院4区),上海市,上海市,121.51143762653106,30.8469845834935
489,星星汽车充电站(奉贤区应用技术学院直流1区),上海市,上海市,121.5101431619859,30.846273230563
490,星星充电汽车充电站(不对外开放应用技术学院1区),上海市,上海市,121.50883959622112,30.846139500878607
491,星星充电汽车充电站(不对外开放应用技术学院4区),上海市,上海市,121.5114376258654,30.846992578919213
492,星星充电汽车充电站(不对外开放应用技术学院直流3区),上海市,上海市,121.51121185115922,30.84684001192944
493,星星充电汽车充电站(不对外开放星星充电应用技术学院直流3区充电站),上海市,上海市,121.5112168686636,30.846840026467564
494,依威能源汽车充电站(多元家具建材广场),上海市,上海市,121.46492546586428,30.973662179934166
495,星星充电汽车充电站(景怡佳苑),上海市,上海市,121.45769113710033,30.94467108356812
496,星星充电充电站(星星站南行旺苑),上海市,上海市,121.51153388290103,30.96820373519496
497,特来电充电站,上海市,上海市,121.48065141452828,30.952367530147217
498,挚达汽车充电站(永新中心路),上海市,上海市,121.4349849390628,30.85880283134089
499,光明服务区国家电网电动汽车充电站,上海市,上海市,121.51493235459904,30.911636000370336
500,挚达汽车充电站(科工路),上海市,上海市,121.44323296698572,30.84243602223631
501,上海金山工业区欢兴村村民委员会挚达电动汽车充电站,上海市,上海市,121.37421573375522,30.852691115062647
502,挚达汽车充电站(楚华北路),上海市,上海市,121.43910350909324,30.845272660216427
503,庄行服务区国家电网电动汽车充电站,上海市,上海市,121.38984566994846,30.89032304459321
504,国家电网充电站(钦林南路),上海市,上海市,121.47064696108836,30.82976169979012
505,挚达汽车充电站(汇中中路),上海市,上海市,121.39371126472244,30.9632459464676
506,星星充电汽车充电站(星星充电海尚墅林苑),上海市,上海市,121.50589968889162,30.840326168315467
507,乐华充电(绿地大厦直流充电站),上海市,上海市,121.2418994052124,31.01907788290252
508,乐华充电（魅力金座直流充电站）,上海市,上海市,121.24379022324922,31.021114858002527
509,快来充汽车充电站(云间新天地),上海市,上海市,121.24032614554632,31.008965581158805
510,星星充电汽车充电站(樟馨家园),上海市,上海市,121.23462548257332,31.01342329320612
511,星星充电充电站(星星站玩酷天地广场),上海市,上海市,121.2494760466235,31.01169508096258
512,星星充电汽车充电站(玩酷天地广场),上海市,上海市,121.24960200373516,31.011761021450017
513,星星充电汽车充电站(不对外开放松江事业单位直流),上海市,上海市,121.25384944217394,31.010579666224874
514,星星充电汽车充电站(不对外开放星星充电松江事业单位直流充电站),上海市,上海市,121.25385044177568,31.010578666485948
515,依威能源汽车充电站(白云新村),上海市,上海市,121.24800176026554,31.00779557383707
516,国家电网汽车充电站(上海松江区方塔南路电动汽车充电站),上海市,上海市,121.24546447155844,31.004602602201057
517,挚达汽车充电站(松东路),上海市,上海市,121.25080304116332,31.01856379711168
518,驿站新能源充电站(松东路301号站),上海市,上海市,121.25019301235425,31.02135928027161
519,易马达e换电电动自行车充电站(荣乐东路),上海市,上海市,121.25250032051522,31.019302948401663
520,乐华充电永乐楼宇直流汽车充电站,上海市,上海市,121.24972797630905,31.023529092993623
521,依威能源汽车充电站(松港产业园松东路),上海市,上海市,121.25049881398856,31.02251254476794
522,依威能源汽车充电站(云间新天地),上海市,上海市,121.24013642932904,31.00534367858606
523,星星充电(云间粮仓),上海市,上海市,121.23980356819374,31.003218865012173
524,星星充电汽车充电站(暂不开放星星充电云间粮仓),上海市,上海市,121.2398075685298,31.00322086465231
525,国家电网汽车充电站(上海市松江区松汇中路401弄松汇小区公共充电站),上海市,上海市,121.23350681643338,31.00449907703428
526,Evcard汽车充电站,上海市,上海市,121.25731766913646,31.020593424045177
527,汽车充电站(东开大楼),上海市,上海市,121.25906861136808,31.019276340188373
528,星星充电汽车充电站(点充荣乐东路二期),上海市,上海市,121.2652560772375,31.02383175023848
529,森通智达汽车充电站(云间名门),上海市,上海市,121.23150280855826,31.006066197978143
530,上海市松江区市场监督管理局岳阳市场监督管理所电动汽车充电站,上海市,上海市,121.22473862561382,31.006074897316484
531,上海市松江区广播电视台电动汽车充电站,上海市,上海市,121.2286544343733,31.016077699509683
532,依威能源汽车充电站(文化大楼松江区),上海市,上海市,121.22526623376734,31.015416795273424
533,国家电网汽车充电站(乐都路),上海市,上海市,121.22538736167942,31.0149491588697
534,汽车充电站(蔚来超充站上海企涨创业园),上海市,上海市,121.24723426819912,31.02749208447052
535,国家电网汽车充电站(上海松江区光星路东电动汽车充电站),上海市,上海市,121.24121743222912,31.030248250419508
536,国家电网汽车充电站(上海松江区光星路西电动汽车充电站),上海市,上海市,121.24066836944574,31.030494018132373
537,依威能源汽车充电站(松港大厦西南门),上海市,上海市,121.25696838587396,31.02654509576101
538,挚达汽车充电站(企福天地南),上海市,上海市,121.25740824175983,31.024990806412656
539,宝马汽车充电站(东宝路),上海市,上海市,121.26303797890188,31.02532144166473
540,安悦充电站(松江汽车生活广场),上海市,上海市,121.25712089640388,31.03123828525913
541,依威能源汽车充电站(沪松五金建材市场西北门),上海市,上海市,121.26135085153922,31.00791773212675
542,乐华柴火空间直流汽车充电站,上海市,上海市,121.2525360665287,31.03402832639745
543,特来电汽车充电站(上海柴火空间充电站),上海市,上海市,121.25374134909462,31.03607677042556
544,国家电网汽车充电站(上海松江区汇甲实业电动汽车充电站),上海市,上海市,121.25373223677634,31.03746296633308
545,挚达科技汽车充电站,上海市,上海市,121.23831033357388,31.03890260770932
546,度普E站快充站,上海市,上海市,121.24180085588156,30.989854092637387
547,度普E站汽车充电站(松江区松南城金欣雅苑),上海市,上海市,121.24107171868644,30.99100630674721
548,依威能源汽车充电站(松南城谷水佳苑),上海市,上海市,121.22821385308542,30.996003249648748
549,国家电网汽车充电站(上海松江区茸平路电动汽车充电站),上海市,上海市,121.24528879586676,31.036677803265867
550,(蝶尔)施惠特呈远广场快充站,上海市,上海市,121.24333072590416,31.0391263121064
551,星星充电站(宝达诚商务园),上海市,上海市,121.24734720737196,31.03983787776316
552,依威能源汽车充电站(时亦商务大厦),上海市,上海市,121.24586040085175,31.040528555483444
553,乐华充电(宝达诚商务园直流充电站),上海市,上海市,121.24850090315508,31.040346462892465
554,普天新能源汽车充电站(茸树路),上海市,上海市,121.24866606969216,31.03786588413976
555,依威能源汽车充电站(荣景苑),上海市,上海市,121.22053212132366,31.00585454995405
556,(蝶尔)林芝大厦地面快充站,上海市,上海市,121.21587383761891,31.024867848075097
557,度普E站汽车充电站（松江区锦桂苑）,上海市,上海市,121.2302495847096,31.036899461211707
558,国家电网汽车充电站(绿城路),上海市,上海市,121.22962138139812,31.03525006340076
559,国家电网汽车充电站(松江商业广场东),上海市,上海市,121.22897292760328,31.03624609861359
560,度普E站汽车充电站(松江区松南城欣畅苑),上海市,上海市,121.2520778550048,30.99123859851268
561,度普E站汽车充电站(松江区辰禾西苑),上海市,上海市,121.24921418035868,30.987195581503784
562,度普E站汽车充电站(松江区松南城欣哲苑),上海市,上海市,121.25580094271253,30.992457647070022
563,依威能源汽车充电站(玉龙苑),上海市,上海市,121.21124238084704,31.01327046352253
564,度普E站快充站(松江区松南城欣畅苑),上海市,上海市,121.26316444046417,30.99477633007249
565,汽车充电站(五丰苑),上海市,上海市,121.20646836079466,31.02122179319559
566,安悦充电充电站(安悦站松江时代广场),上海市,上海市,121.20364053118442,31.01804880425508
567,云杉智慧汽车充电站-和喜充电站,上海市,上海市,121.24411027504252,31.04408047896923
568,国家电网汽车充电站(上海市松江区上海华胜修理公共充电站),上海市,上海市,121.24605986879816,31.046518074872672
569,国家电网汽车充电站(上海市松江区茸锦商务楼公共充电站),上海市,上海市,121.24203496282016,31.048179936071385
570,依威能源汽车充电站(庐秀新苑西区停车场入口),上海市,上海市,121.21474107007572,31.00712405801364
571,安悦充电汽车充电站(上海云朗站),上海市,上海市,121.27461300715817,31.00475449963957
572,汽车充电站(华阳桥华明小区),上海市,上海市,121.28148807588116,31.00522620640957
573,度普E站松江区松南城欣哲苑汽车充电站,上海市,上海市,121.26675894538478,30.99588703693959
574,挚达科技汽车充电站,上海市,上海市,121.2650895164468,31.044234979831337
575,度普E站汽车充电站(松江区文景苑),上海市,上海市,121.23008710745728,31.041542670416504
576,星星充电汽车充电站(文景苑南商铺停车场),上海市,上海市,121.22940675477292,31.04126943649521
577,特来电充电站(上海松云水苑商业),上海市,上海市,121.2319127020008,31.04533144300898
578,上海松江恒骏充电站(国网广汇),上海市,上海市,121.27162075354973,31.00513030323209
579,挚达汽车充电站(人民北路),上海市,上海市,121.21699118885034,31.03492412802504
580,小桔充电站(蝶尔万佳海鲜快充站),上海市,上海市,121.21687206499918,31.034905018254083
581,乐华充电(上海谊本金属制品有限公司直流充电站),上海市,上海市,121.27131496311075,31.03071258208879
582,依威能源汽车充电站(嘉和休闲广场),上海市,上海市,121.21389576012118,31.034958821182983
583,特来电充电站(开元商业广场),上海市,上海市,121.214587070552,31.04071423300924
584,汽车充电站(顺荣捷安信生活广场),上海市,上海市,121.21019123603168,31.034782606509665
585,汽车充电站(南部阳光翠庭),上海市,上海市,121.21033199604504,31.039782868451564
586,星星充电汽车充电站(安信生活广场),上海市,上海市,121.21001801824708,31.03471443447583
587,汽车充电站(内部使用蔚来目充站上海松江湖畔天地),上海市,上海市,121.21037240590208,31.0355293920726
588,星星充电汽车充电站(星星充电安信生活广场直流充电站),上海市,上海市,121.21013517440196,31.0346566114756
589,星星充电汽车充电站(点充泖亭路),上海市,上海市,121.28152955820424,30.99875297295032
590,电桩宝充电站,上海市,上海市,121.28179116040958,30.99862771373989
591,星星充电汽车充电站(点充泖亭路站二期),上海市,上海市,121.2814906204816,30.998733034147087
592,星星充电汽车充电站(玉秀路),上海市,上海市,121.2019046502866,30.997265574519187
593,星星充电汽车充电站(新城嘉苑),上海市,上海市,121.20194270944292,30.997258633449185
594,汽车充电站(香泾路),上海市,上海市,121.28422963715254,30.99402523431002
595,特来电充电站(上海松江永标科创园),上海市,上海市,121.28820906650408,30.991591107091526
596,特斯拉超级充电站(上海东鼎广场),上海市,上海市,121.20666210476344,31.03936945603097
597,小桔充电站(蝶尔东鼎万怡酒店快充站),上海市,上海市,121.2065649740869,31.03930436566268
598,小桔充电汽车充电站(蝶尔东鼎万怡酒店快充站),上海市,上海市,121.20608230855616,31.039121830932142
599,上海松江联东U谷新桥(简单冲),上海市,上海市,121.27936403969107,31.043867219961417
600,国家电网汽车充电站(上海松江区茸北友喜实业电动汽车充电站),上海市,上海市,121.26456928709548,31.040906291579752
601,挚达科技汽车充电站(江学路),上海市,上海市,121.20798173914932,31.04158288649174
602,上海松江区第一人民医院松江分院1号电动汽车充电站(国家电网),上海市,上海市,121.2227010310058,31.041462576774105
603,国家电网汽车充电站(上海松江区第一人民医院松江分院2号电动汽车充电站),上海市,上海市,121.22183229491137,31.04141187714355
604,安悦充电汽车充电站(紫薇茗庭),上海市,上海市,121.24303014482994,31.093618133530665
605,上海敦宏汽车充电站,上海市,上海市,121.24937085870938,31.097441753125068
606,挚达科技汽车充电站,上海市,上海市,121.25577243828737,31.09364209001569
607,依威能源汽车充电站(松江创异工房),上海市,上海市,121.25517973069958,31.09406108556269
608,特斯拉目的地充电站(上海佳利特实业有限公司),上海市,上海市,121.25512877773409,31.093829234621943
609,度普E站汽车快充站,上海市,上海市,121.23243784806796,31.093935970675965
610,度普E站汽车充电站(松江区庄泾苑),上海市,上海市,121.23249387046718,31.09396198288182
611,汽车充电站(桂花锦苑),上海市,上海市,121.243502579586,31.100188497558023
612,森通智达汽车充电站(桂花锦苑),上海市,上海市,121.24379136076874,31.10264414823737
613,安悦充电站(德宁苑站),上海市,上海市,121.2476509192011,31.101875498697616
614,上海松江区桂花锦苑充电站,上海市,上海市,121.2437343758589,31.102496227348347
615,安悦汽车充电站(仁育苑站),上海市,上海市,121.24737965883791,31.10563643448083
616,森通智达充电站(牡丹逸庭),上海市,上海市,121.24486996937686,31.106382109895208
617,森通智达汽车充电站(茉莉雅苑二期),上海市,上海市,121.24179016559133,31.10504863052572
618,国家电网汽车充电站(上海市松江区泗泾镇德悦路水仙雅苑城市公共充电站),上海市,上海市,121.2444092782002,31.103178876872427
619,国家电网汽车充电站(上海市松江区泗泾镇泽悦路兰花清苑城市公共充电站),上海市,上海市,121.2426582666735,31.10406427460553
620,小桔充电汽车充电站(上海市松江区牡丹逸庭充电站),上海市,上海市,121.24413813037584,31.10515177242624
621,森通智达充电站(创异工房),上海市,上海市,121.25854284872683,31.09197777374916
622,乐华充电(旺家国际直流汽车充电站),上海市,上海市,121.261982054953,31.09431551956091
623,安悦充电站(德悦苑站),上海市,上海市,121.24895850630696,31.102994722103844
624,安悦充电站(登云苑站),上海市,上海市,121.25156761210116,31.10343197734072
625,度普E站汽车充电站（松江区百鸟苑）,上海市,上海市,121.22958055952894,31.092280381238943
626,度普E站汽车充电站(松江区新松嘉园),上海市,上海市,121.23054282852974,31.095246264017543
627,度普E站快充站（松江区渔洋苑）,上海市,上海市,121.22740746115528,31.089745453283
628,度普E站汽车充电站(松江区渔洋苑),上海市,上海市,121.2274214799172,31.08963052713836
629,松江区洞泾水务管理站电动汽车充电站,上海市,上海市,121.25538170278286,31.081231233490577
630,特斯拉汽车充电站(长兴路),上海市,上海市,121.2607149723766,31.08361130744328
631,同乐生活广场电动汽车充电站,上海市,上海市,121.26476593225335,31.09033086861133
632,国家电网汽车充电站(上海松江区洞泾镇政府电动汽车充电站),上海市,上海市,121.26404715357128,31.083745092953265
633,森通智达汽车充电站(茉莉雅苑),上海市,上海市,121.23991990909576,31.106311622559417
634,特来电充电站(上海微衡商务中心),上海市,上海市,121.26575015989762,31.088291282964207
635,依威能源汽车充电站(同乐东区),上海市,上海市,121.2657222872249,31.08710697115293
636,国家电网汽车充电站(上海松江区洞泾文化中心电动汽车充电站),上海市,上海市,121.26702814915164,31.085052106605573
637,易马达e换电电动自行车充电站(振业路),上海市,上海市,121.27092238026223,31.09048964430585
638,易马达e换电电动自行车充电站(振业路),上海市,上海市,121.27184129855232,31.090249902079808
639,佘山湾购物广场汽车充电站,上海市,上海市,121.2285608300027,31.105786238424148
640,安悦充电汽车充电站(新凯家园1期),上海市,上海市,121.23014666777075,31.106541757060373
641,星星充电站(华侨城),上海市,上海市,121.217985005396,31.09679774504318
642,富电新能源光伏汽车充电站,上海市,上海市,121.21568185029376,31.09348225581965
643,星星充电充电站(星星站上海锦云江淮4S店),上海市,上海市,121.25963624268616,31.078160999837667
644,星星充电汽车充电站(新凯家园二期直流),上海市,上海市,121.23353509695156,31.10828049154004
645,星星充电汽车充电站(星星充电新凯家园二期直流充电站),上海市,上海市,121.23353309616344,31.10828049066301
646,国家电网汽车充电站(上海松江区紫荆苑电动汽车充电站),上海市,上海市,121.23830388636038,31.115461205164817
647,星星充电汽车充电站(新凯家园一期),上海市,上海市,121.2289298029042,31.108705849093816
648,星星充电汽车充电站(松江区新凯家园一期直流),上海市,上海市,121.2251503331333,31.108285536549857
649,国家电网汽车充电站(佘山站PR北),上海市,上海市,121.22520437342978,31.108280579219976
650,国家电网汽车充电站(上海松江区轨交9号线佘山站P+R北电动汽车充电站),上海市,上海市,121.2251923647474,31.1082785714654
651,国家电网汽车充电站(上海松江区轨交9号线佘山站P+R南电动汽车充电站),上海市,上海市,121.22517935498368,31.108280560756864
652,国家电网汽车充电站(上海松江区锦昌苑电动汽车充电站),上海市,上海市,121.22982079724528,31.11477203313441
653,万马爱充汽车充电站(来来充电润江花苑地面停车场83号楼东侧9台),上海市,上海市,121.25357235993704,31.108094832886835
654,万马爱充汽车充电站(来来充电润江花苑-地面停车场17号楼西侧9台),上海市,上海市,121.25536237198732,31.108984713038065
655,万马爱充汽车充电站(来来充电润江花苑-地面停车场210号楼西侧9台),上海市,上海市,121.2525565422191,31.11134833957426
656,依威能源汽车充电站(金地自在城3期),上海市,上海市,121.25001410687231,31.11589342749195
657,万马爱充汽车充电站(来来充电润江花苑-地面停车场171号楼东侧13台),上海市,上海市,121.25412275539756,31.112105439202903
658,特斯拉汽车充电站(佘山艾美酒店),上海市,上海市,121.20106892508556,31.097240643449595
659,酷库科技汽车充电站(上海世茂佘山艾美酒店东北),上海市,上海市,121.20312696649478,31.098640817461742
660,森通智达充电站(上坤红树湾),上海市,上海市,121.23630776886208,31.063839608750804
661,度普E站快充站(松江区万科梦想派),上海市,上海市,121.2378751619018,31.063687176605264
662,度普E站汽车充电站(松江区万科梦想派),上海市,上海市,121.23971843042304,31.064204327289787
663,挚达科技汽车充电站(光星路),上海市,上海市,121.2379211693664,31.063712174989664
664,特来电充电站(上海中展璞荟),上海市,上海市,121.23643817957542,31.05938221061807
665,上海市松江区松江万达广场充电站,上海市,上海市,121.23713531371416,31.05990613119825
666,上海市松江区月星家居充电站,上海市,上海市,121.23697441376824,31.058250033740624
667,蔚来能源汽车充电站(蔚来目充站上海万达广场松江店),上海市,上海市,121.23857962827016,31.05976761211405
668,国家电网汽车充电站(上海松江区嘉立广场电动汽车充电站),上海市,上海市,121.24037900942912,31.05822888698601
669,星星充电汽车充电站(不对外开放金港花园二期),上海市,上海市,121.25961960164652,31.10959340427972
670,度普E站充电站(松江区润和苑),上海市,上海市,121.2628275532889,31.11548223662896
671,云快充汽车充电站(钧停欢乐谷站),上海市,上海市,121.21270223637292,31.095648764702297
672,一步汽车充电站（嘉和景苑）,上海市,上海市,121.27085204961224,31.107202388478257
673,国家电网汽车充电站(上海松江区兰馨苑电动汽车充电站),上海市,上海市,121.2433493969685,31.114272693798952
674,依威能源汽车充电站(保利西子湾),上海市,上海市,121.23039346631774,31.062990462087647
675,森通智达充电站(保利·西子湾),上海市,上海市,121.23169933852824,31.060357665065503
676,特来电充电站(横港公路),上海市,上海市,121.25746629062702,31.11885539518708
677,星星充电汽车充电站(祥和公寓充电桩群),上海市,上海市,121.25802793955714,31.118691219356688
678,国家电网汽车充电站(泗泾站P+R西电动汽车充电站),上海市,上海市,121.25730624064704,31.12064948823542
679,国家电网汽车充电站(上海松江区泗泾站P+R东电动汽车充电站),上海市,上海市,121.26011227922056,31.120938903624147
680,泰那斯充电站(保利悦活荟),上海市,上海市,121.25573038463548,31.11825547057764
681,森通智达充电站(绿地云天坊),上海市,上海市,121.25316261077478,31.119217842971256
682,月亮鱼文化综合体,上海市,上海市,121.2568717347078,31.117999132292542
683,易马达e换电电动自行车充电站(外婆泾路),上海市,上海市,121.25394737800578,31.11759748126096
684,星星充电汽车充电站(嘉南红塔大厦),上海市,上海市,121.25196010945773,31.11940907422726
685,简单充汽车充电站(上海松江月亮鱼文化综合体),上海市,上海市,121.25706663872208,31.11771220284536
686,森通智达充电站(三湘商业广场地下停车场)(暂停营业),上海市,上海市,121.2565488125834,31.119393509723743
687,依威能源汽车充电站(泗泾新苑东区),上海市,上海市,121.24916308122302,31.1192177486272
688,国家电网汽车充电站,上海市,上海市,121.2668465652804,31.11782502000202
689,万马爱充汽车充电站(来来充电江川二村北区),上海市,上海市,121.26547300139444,31.117025524210625
690,特来电充电站(上海掌安大厦),上海市,上海市,121.27157586330374,31.12282811986164
691,国家电网汽车充电站(松江洞泾企业服务中心),上海市,上海市,121.27689011569514,31.08517345321673
692,国家电网汽车充电站(上海松江区洞泾企业服务中心电动汽车充电站),上海市,上海市,121.276926031778,31.085570188696312
693,星星充电汽车充电站(松江印象城),上海市,上海市,121.2394339508516,31.057561081480536
694,依威能源汽车充电站(双高世贸广场),上海市,上海市,121.23756182962386,31.054948111170653
695,国家电网汽车充电站(上海松江区麦德龙南),上海市,上海市,121.2351340018418,31.056869192803223
696,小桔充电汽车充电站(上海市松江区月星家居充电站),上海市,上海市,121.23833681562915,31.05701013610002
697,易马达e换电电动自行车充电站(沪松公路),上海市,上海市,121.26912377824384,31.110186308030613
698,万马爱充汽车充电站(来来充电江川二村南区),上海市,上海市,121.2670105385818,31.11614980655893
699,腾势充电站(佘山索菲特大酒店站),上海市,上海市,121.21406465580353,31.10973647057973
700,挚达科技汽车充电站(景观支路),上海市,上海市,121.21882426938636,31.068009829691864
701,芯窝公寓电动汽车充电站,上海市,上海市,121.2797789085524,31.108958770239468
702,星星充电汽车充电站(上海车之音直流),上海市,上海市,121.27927756697288,31.110017792735903
703,安悦充电充电站(安悦站开天大厦),上海市,上海市,121.24960823203484,31.056573912095345
704,国家电网汽车充电站(上海市松江区沪松路158号园区公共充电站),上海市,上海市,121.25291737405944,31.05216569301356
705,依威能源汽车充电站(8760菁英社区泗泾),上海市,上海市,121.24776428993688,31.12089900386134
706,依威能源汽车充电站(泗泾新苑西区),上海市,上海市,121.24667963879736,31.119291965327
707,普天新能源汽车充电站(佘山高尔夫俱乐部),上海市,上海市,121.21816915017564,31.109150063742018
708,小易充电站(佘山索菲特大酒店),上海市,上海市,121.22142266571416,31.115858369329864
709,乐华充电(东方佘山索菲特大酒店直流充电站),上海市,上海市,121.22052984422504,31.11604647834673
710,依威能源汽车充电站(保利十二橡树),上海市,上海市,121.2843029386002,31.09533353725608
711,汽车充电站(蔚来目充站上海凯富科技园),上海市,上海市,121.28880391476648,31.09892719318705
712,国家电网充电站(温商国际大厦慢充站),上海市,上海市,121.240586381028,31.05405033081277
713,星星充电汽车充电站(暂不开放方塘里社区),上海市,上海市,121.2477130975042,31.052116731267
714,星星充电汽车充电站(暂不开放星星充电方塘里社区充电站),上海市,上海市,121.24770909828962,31.05211773107104
715,蔚来能源汽车充电站(蔚来超充站上海松江印象城),上海市,上海市,121.2183752155658,31.06335905995765
716,安悦充电充电站(安悦站东华大学松江校区),上海市,上海市,121.21623648973625,31.057449309387547
717,顺荣捷泗泾五金城地面汽车充电站,上海市,上海市,121.28411729978428,31.11824210316028
718,森通智达汽车充电站(派米雷LINK新界未来社区),上海市,上海市,121.2737710800308,31.123336654364945
719,依威能源汽车充电站(佘北家园富雅苑),上海市,上海市,121.20806273314358,31.12595442968298
720,汽车充电站(佘北家园秀雅苑),上海市,上海市,121.20769514850848,31.126943420920483
721,依威能源汽车充电站(佘北家园茗雅苑),上海市,上海市,121.20954383949412,31.12440213769297
722,汽车充电站(曙光路151号),上海市,上海市,121.33688699846444,31.022894178652752
723,奥特迅汽车充电站(闵行夏氏科技创业园站),上海市,上海市,121.34244981842694,31.01419817978896
724,国家电网汽车充电站(上海闵行区元峰投资管理有限公司电动汽车充电站),上海市,上海市,121.34108566510464,31.0145704009293
725,国家电网汽车充电站(上海松江区祥东菜场),上海市,上海市,121.31445055523128,31.011676428393752
726,国家电网充电站(上海松江区车墩文化中心),上海市,上海市,121.31117653537112,31.015576270034067
727,国家电网汽车充电站(上海松江区车墩文化中心电动汽车充电站),上海市,上海市,121.3112593526743,31.015564123160885
728,星星充电汽车充电站(裕雅苑),上海市,上海市,121.31024542719712,31.01755783299827
729,星星充电充电站(松江区宇申实业),上海市,上海市,121.31144228022472,31.02338219571434
730,星星充电汽车充电站(宇申实业),上海市,上海市,121.31144627127584,31.023383187702613
731,森通智达充电站(塘泾南苑),上海市,上海市,121.3489708648912,31.022312169920568
732,特斯拉充电站(上海安缦酒店),上海市,上海市,121.34349575476998,31.036044540038912
733,宏方发展中心电动汽车充电站,上海市,上海市,121.32280832027882,31.038302897564485
734,开迈斯充电站(铁闵大厦),上海市,上海市,121.36368284817588,31.01288672058473
735,福缘集团电动汽车充电站,上海市,上海市,121.3613404765518,31.00166745206649
736,上海西门子开关高压有限公司电动汽车充电站,上海市,上海市,121.35981043414871,31.0078549277192
737,挚达科技汽车充电站(虬长路),上海市,上海市,121.30134657035757,31.01708707355626
738,特来电充电站(特来电站同心村委会),上海市,上海市,121.33407219619014,30.98793602542237
739,象前充汽车充电站(上海松江留业路充电站),上海市,上海市,121.30053196686498,31.0086914133052
740,循道新能源汽车充电站(韩湘水博园停车场),上海市,上海市,121.32786409873552,30.988318575533405
741,度普E站景城馨苑地库汽车充电站,上海市,上海市,121.36574127144404,31.018914570772548
742,乐华汽车充电站(马桥卓越维港直流汽车充电站),上海市,上海市,121.37107376189236,31.022791164271013
743,国家电网充电站(上海闵行区富岩路停车场),上海市,上海市,121.3671001315605,31.03288874340269
744,特来电充电站(上海临港松江科技城民益路园区),上海市,上海市,121.29449673733238,31.047238889384428
745,星星充电汽车充电站(松江区新桥直流高低压兼容),上海市,上海市,121.30178600685636,31.04825313241109
746,特来电充电站(上海临港松江科技城民益路园区),上海市,上海市,121.29313411643938,31.049894508978493
747,国家电网汽车充电站(上海市松江区毅欣汽车公共充电站),上海市,上海市,121.29715965581164,31.0574096887368
748,上海松江绿地铂骊酒店-特斯拉超级充电站,上海市,上海市,121.33652804792808,31.08961544702833
749,国家电网汽车充电站,上海市,上海市,121.32328140825037,31.09471972725096
750,国家电网汽车充电站(上海松江区漕河泾千帆路电动汽车充电站)(暂停营业),上海市,上海市,121.32102650281244,31.095269746264528
751,云杉智慧汽车充电站-公租房充电站,上海市,上海市,121.32624036606978,31.098226088601603
752,度普E站松江区明中苑汽车充电站,上海市,上海市,121.31754291096982,31.07793617880775
753,度普E站汽车充电站(松江区明中苑),上海市,上海市,121.31701511833916,31.077807256957456
754,依威能源汽车充电站(明中广场),上海市,上海市,121.31636682260776,31.07503906248674
755,玖行充电(银都西路站),上海市,上海市,121.35374468452255,31.081469318678025
756,EVCARD充电站(春申站停车场),上海市,上海市,121.34950968732822,31.081738982887043
757,易马达e换电电动自行车充电站(银都西路),上海市,上海市,121.3565106434759,31.08222166226689
758,云杉智慧汽车充电站-漕河泾双子楼充电站,上海市,上海市,121.3119691208644,31.09352190991762
759,安悦汽车充电站(上海里维电子科技有限公司),上海市,上海市,121.31162447650064,31.098337859036125
760,云杉智慧电动汽车充电站,上海市,上海市,121.3117654755182,31.094678641848702
761,国家电网松江漕河泾科技绿洲2号电动车充电站,上海市,上海市,121.32449478063324,31.104756802967195
762,特来电充电站(上海巴比伦恒泰广场),上海市,上海市,121.34995610394348,31.10160409573979
763,国家电网汽车充电站(上海市松江区里纬科技有序公共充电站),上海市,上海市,121.3181582244451,31.10468098913069
764,国家电网汽车充电站(上海松江区漕河泾科技绿洲2号电动汽车充电站),上海市,上海市,121.32007297898885,31.10339504247424
765,依威能源汽车充电站(九亭家园),上海市,上海市,121.33454339106162,31.11320801510601
766,国家电网汽车充电站(上海松江区九亭社区公共服务中心电动汽车充电站),上海市,上海市,121.33629248698524,31.11374346013436
767,乐华充电悦车荟直流汽车充电站,上海市,上海市,121.30202851609872,31.095046042052143
768,依威能源汽车充电站(新桥松港商务园),上海市,上海市,121.34232559658705,31.066294136746738
769,云杉智慧汽车充电站-浅水湾花园充电站,上海市,上海市,121.3572895581087,31.10216331674576
770,森通智达充电站(柳明公寓),上海市,上海市,121.36349521176288,31.10449138582817
771,特来电充电站(上海昆仑新奥彩生活),上海市,上海市,121.3590512099984,31.1060905771991
772,依威能源汽车充电站(西环三村),上海市,上海市,121.36154402176388,31.107275442623187
773,国家电网汽车充电站(上海市闵行区上海68广场公共充电站),上海市,上海市,121.35855517271028,31.104640093860493
774,国家电网汽车充电站(上海松江区朱泾浜),上海市,上海市,121.32157555970844,31.114992754814743
775,奥特迅汽车充电站(松江歆翺创意园站),上海市,上海市,121.361490167153,31.08348882376398
776,安悦充电汽车充电站(上海世发站),上海市,上海市,121.34859784301123,31.077471918831712
777,依威能源汽车充电站(岩氪广场),上海市,上海市,121.31008532317298,31.06982781838813
778,国家电网汽车充电站(上海松江区陈春公路申新广场电动汽车充电站),上海市,上海市,121.30854965744508,31.070318363843533
779,乐华充电(泗泾创工坊科技创新中心招商中心直流充电站),上海市,上海市,121.29883347129804,31.09059501004728
780,上海闵行得丘创意园(简单冲),上海市,上海市,121.36627918031444,31.080398386607456
781,简单充汽车充电站(上海闵行得丘创意园),上海市,上海市,121.36684036630304,31.08061258624185
782,鼎充新能源充电站(连富路),上海市,上海市,121.31592694556466,31.120268650715243
783,智源法斯特(法斯特充电站松江区久富路站),上海市,上海市,121.31633981276084,31.122592599012645
784,上海市松江新九广场充电站,上海市,上海市,121.30339124068428,31.06468486045894
785,开迈斯充电站(维也纳酒店松江新桥店),上海市,上海市,121.3039611544993,31.06327366311708
786,安悦充电充电站(安悦站申新广场),上海市,上海市,121.30285166049738,31.06136471322458
787,国家电网汽车充电站(上海市松江区明月清泉新苑公共充电站),上海市,上海市,121.3068590781888,31.061653403245767
788,国家电网汽车充电站(上海松江区申新公司北电动汽车充电站),上海市,上海市,121.30258014202396,31.062406590513
789,国家电网汽车充电站(申新公司南),上海市,上海市,121.30301931729804,31.06125248354556
790,法斯特充电站(闵行区西环路站),上海市,上海市,121.36188438148446,31.10841335174361
791,星星充电充电站(闵行区西环路站),上海市,上海市,121.36206706830538,31.108690951990468
792,特来电充电站(上海捷宝汽车),上海市,上海市,121.35896404468156,31.109692709394384
793,森通智达汽车充电站(莘松七村),上海市,上海市,121.3630273592143,31.111094346391106
794,星星充电汽车充电站(兴兴商场),上海市,上海市,121.36090986965996,31.10926021365355
795,特来电充电站(特来电站闵行区教育局),上海市,上海市,121.36422643891852,31.11215220477005
796,依威能源汽车充电站(闵房泊寓疏影路店),上海市,上海市,121.34753756336416,31.11665182005077
797,星星充电汽车充电站(疏影创意园直流),上海市,上海市,121.34742770163597,31.11759149110695
798,星星充电汽车充电站(星星充电疏影创意园充电站),上海市,上海市,121.34738977676078,31.11759955098622
799,星星充电汽车充电站(星星充电疏影创意园直流充电站),上海市,上海市,121.34739476876544,31.117576555119854
800,依威能源汽车充电站(昕农停车场),上海市,上海市,121.34750104635464,31.123479151234733
801,星星充电汽车充电站(星品宝黎汽车店直流),上海市,上海市,121.34681345009528,31.12318847840554
802,星星充电汽车充电站(星充筠停黎安展示产业园),上海市,上海市,121.3562806271904,31.11021835580264
803,国家电网汽车充电站(九亭文化中心),上海市,上海市,121.3283268442434,31.11898661892905
804,快卜充电站(九新公路充电站),上海市,上海市,121.31592256288106,31.124851161463027
805,国家电网充电站(上海松江区久富大厦),上海市,上海市,121.31768455450091,31.12504870355904
806,依威能源汽车充电站(苏华超市),上海市,上海市,121.35803189770488,31.118115424200823
807,特来电充电站(上海金球出租汽车),上海市,上海市,121.35997374074876,31.11686832927288
808,森通智达汽车充电站(莘松三村),上海市,上海市,121.36591802706698,31.111232586715733
809,依威能源汽车充电站(莘松三村),上海市,上海市,121.36715919427289,31.11206362623094
810,星星充电汽车充电站(不对外开放闵行科委),上海市,上海市,121.369028994882,31.1081166343788
811,星星充电汽车充电站(不对外开放闵行环保局),上海市,上海市,121.36574790074523,31.115525434703848
812,星星充电汽车充电站(不对外开放闵行人力资源和社会保障局),上海市,上海市,121.36584474776448,31.115674233532665
813,星星充电汽车充电站(不对外开放星星充电闵行人力资源和社会保障局充电站),上海市,上海市,121.36652182012146,31.11519067181205
814,依威能源汽车充电站(闵行区卫生和计划生育委员会监督所),上海市,上海市,121.3693898363212,31.1159998860896
815,国家电网汽车充电站(上海闵行区闵一征收停车场),上海市,上海市,121.37330802073568,31.115958787025907
816,国家电网汽车充电站(上海闵行区东苑丽宝广场电动汽车充电点),上海市,上海市,121.37243945022132,31.111171288364
817,森通智达充电站(沁春园一村),上海市,上海市,121.373330273505,31.10122490865757
818,普天新能源慧高科技园充电站,上海市,上海市,121.37019260669072,31.083609046388467
819,星星充电汽车充电站(金地威新银都路),上海市,上海市,121.37328655371886,31.087040896130134
820,星星充电汽车充电站(宁波均胜汽车安全系统有限公司),上海市,上海市,121.36306072028864,31.07168042366323
821,依威能源汽车充电站(松港产业园盛龙路),上海市,上海市,121.3047436090872,31.120492184201368
822,宝马充电站(宝马站光中路派出所),上海市,上海市,121.37017209018316,31.06678563601682
823,星星充电汽车充电站(星充筠停虹桥创意园),上海市,上海市,121.35042729868692,31.12352125568261
824,国家电网汽车充电站(上海市上海级创汽车产业园公共充电站),上海市,上海市,121.34327150333267,31.125588325248728
825,赢嘉广场电动汽车充电站,上海市,上海市,121.34869914958291,31.129497869596527
826,国家电网充电站(顾戴路充电场站),上海市,上海市,121.34386111267246,31.127493252981
827,依威能源汽车充电站(东恩产业园),上海市,上海市,121.34578023107824,31.12677829961361
828,小桔充电站(上海市闵行区顾戴路停车场),上海市,上海市,121.34382220459588,31.12736339174596
829,星星充电汽车充电站(松江1560电商园区),上海市,上海市,121.29341658033604,31.06167127893867
830,依威能源汽车充电站(九城家天下雅苑附属商业街),上海市,上海市,121.30113557170984,31.057492923966265
831,星星充电汽车充电站(添行健科技园直流),上海市,上海市,121.31249345836116,31.12266581408125
832,安悦汽车充电站(闵行卫生和计划生育委员会),上海市,上海市,121.36585712359064,31.122666394284543
833,上海市民政局汽车充电站,上海市,上海市,121.36836964907224,31.122259620587663
834,国家电网汽车充电站(东苑新天地广场东南),上海市,上海市,121.3677556557259,31.12028641069489
835,特来电充电站(上海景源时尚园区),上海市,上海市,121.37357758796738,31.117392736781262
836,森通智达汽车充电站(河畔家苑),上海市,上海市,121.23627968743402,31.171453838689896
837,上海青浦泰馨家园(简单冲),上海市,上海市,121.24248919382016,31.176001880214702
838,上海鼎充新能源充电站(诸陆西路),上海市,上海市,121.24836857226776,31.17508329460505
839,任我充汽车充电站(诸陆西路充电站),上海市,上海市,121.24813162506813,31.17513629514335
840,国家电网充电站(吉盛伟邦国际家具村2号),上海市,上海市,121.22792672547833,31.161674789722177
841,国家电网超级充电站,上海市,上海市,121.25530387512372,31.174409890733184
842,青浦区迮庵路充电站,上海市,上海市,121.25542279884336,31.17453977870608
843,国家电网汽车充电站(上海青浦区大豪会所电动汽车充电站),上海市,上海市,121.25412778518496,31.170899111039063
844,汽车充电站(明珠路),上海市,上海市,121.26674237947576,31.168526135105544
845,国家电网充电站(青少年活动中心),上海市,上海市,121.25339460704195,31.177168147655355
846,昶翊新能源汽车充电站(明仕电站徐泾站),上海市,上海市,121.25531685103216,31.17461078324865
847,万马爱充汽车充电站(万马爱充锋范前云路汽车),上海市,上海市,121.25500362848152,31.155595735247573
848,森通智达汽车充电站(海棠馨苑北区),上海市,上海市,121.23757497047656,31.183760992302
849,联行充电站(徐泾北城欣乐苑),上海市,上海市,121.2345818707196,31.1866565093908
850,森通智达充电站(徐泾北城欣乐苑),上海市,上海市,121.23379960699974,31.186388319914524
851,特来电充电站(上海青浦豪车汇),上海市,上海市,121.22155062501182,31.15322739949832
852,特来电汽车充电站(上海青浦豪车汇充电站),上海市,上海市,121.22151660204165,31.15314441372009
853,森通智达汽车充电站(瑞和明庭),上海市,上海市,121.22965702038267,31.1821383673676
854,汽车充电站(瑞和锦庭东区),上海市,上海市,121.22554536376734,31.182426536789087
855,森通智达充电站(瑞和锦庭西区),上海市,上海市,121.22461173584423,31.18165823163724
856,星星充电汽车充电站,上海市,上海市,121.26038110364486,31.191529845017808
857,挚达汽车充电站(徐祥路),上海市,上海市,121.26121485502948,31.198603860148484
858,特来电充电站(上海青浦普洛斯3期),上海市,上海市,121.2593785156979,31.195427466317536
859,星星充电汽车充电站(青浦区毕连思工贸发展有限公司西区),上海市,上海市,121.26051897357505,31.19182162105891
860,云快充汽车充电站(普洛斯上海虹桥西物流园),上海市,上海市,121.2593025200298,31.19602021403197
861,特来电充电站(上海普洛斯物流园),上海市,上海市,121.25953053406076,31.19391413341989
862,星星充电汽车充电站(毕连思工贸发展有限公司二期直流),上海市,上海市,121.26051197572328,31.19185960620504
863,依威能源汽车充电站(德邦物流),上海市,上海市,121.26054442219797,31.19809850290796
864,万马爱充汽车充电站(大印国际),上海市,上海市,121.2640785444127,31.19697679417295
865,依威能源汽车充电站(E通世界南区),上海市,上海市,121.26151162367648,31.198524719309
866,明仕电站虹桥商务区站,上海市,上海市,121.26632260901114,31.182629280440874
867,星星充电汽车充电站(不对外开放京盛苑),上海市,上海市,121.26680060339028,31.17698176226778
868,星星充电汽车充电站(鑫星华徐公路),上海市,上海市,121.27009154548044,31.18263108655124
869,安悦充电站(青浦领第漫社区),上海市,上海市,121.277086411801,31.172780912198967
870,腾势充电站(嘉登房产电动汽车站),上海市,上海市,121.2807074638238,31.16828989933172
871,特斯拉超级充电站(米格天地),上海市,上海市,121.22586709795875,31.15279103569484
872,星星充电站(航天九亭园区),上海市,上海市,121.28603855550205,31.14804842144196
873,蔚来能源汽车充电站(蔚来超充站上海豪禺创业园),上海市,上海市,121.2838684826066,31.144436300583827
874,特来电汽车充电站(上海天泰纺织充电站),上海市,上海市,121.2857704816076,31.14250673660412
875,星星充电汽车充电站(松江区航天九亭园区直流高低压兼容2区),上海市,上海市,121.2860365551654,31.148092400963183
876,国家电网充电站(沪青平公路3271号),上海市,上海市,121.20306837897742,31.15186984703727
877,安悦充电站(快乐家园),上海市,上海市,121.27237529360772,31.200566001825848
878,开迈斯虹桥维景酒店汽车充电站,上海市,上海市,121.28287776829065,31.183469394606067
879,星星充电汽车充电站(上海中建东孚),上海市,上海市,121.28151390023258,31.183773999745817
880,星星充电汽车充电站(威马汽车总部大楼),上海市,上海市,121.28021390845907,31.18367867403134
881,星星充电汽车充电站(徐泾迪丰国际),上海市,上海市,121.26807263638736,31.196248064685285
882,依威能源汽车充电站(三银基地产业园),上海市,上海市,121.27151174926172,31.19585316019136
883,上海松江丰柏众创工场(简单冲),上海市,上海市,121.28397263982536,31.140580215491955
884,简单充汽车充电站(上海松江丰柏众创工场),上海市,上海市,121.28375799089098,31.14057750372856
885,星星充电汽车充电站(点充北青公路),上海市,上海市,121.20336436921752,31.19267738880896
886,安悦充电汽车充电站(小区西),上海市,上海市,121.28586529155858,31.13108673010001
887,安悦充电汽车充电站(停车场项目松江九干路),上海市,上海市,121.2862735842974,31.13123308128425
888,特来电充电站(上海康顺磁性站),上海市,上海市,121.28721133808176,31.12689910130653
889,星星充电汽车充电站(青浦区虹桥宝龙城二期北1区),上海市,上海市,121.230417095758,31.233389021187406
890,星星充电汽车充电站(青浦区虹桥宝龙城二期北2区),上海市,上海市,121.2302480049422,31.23340691907909
891,星星充电汽车充电站(青浦区虹桥宝龙城一期直流北区),上海市,上海市,121.22831889476063,31.23349773349501
892,蔚景云汽车充电站(申充华寿商业广场),上海市,上海市,121.22459129562192,31.233956937100352
893,依威能源汽车充电站(统鑫商务园),上海市,上海市,121.25156492834948,31.24160659571196
894,国家电网充电站(富利经济城),上海市,上海市,121.2530978836564,31.24634604037988
895,星星充电汽车充电站(恒孚农场直流),上海市,上海市,121.24832135877828,31.24861402591205
896,星星充电站(国展宝龙丽筠酒店3区),上海市,上海市,121.22933878443308,31.23009992683794
897,泰那斯快速充电站(光明荟站),上海市,上海市,121.22558926676815,31.23123093612059
898,国家电网充电站(青浦区西郊国际农产品交易有限公司),上海市,上海市,121.2296800775834,31.22890368236329
899,上海青浦区西郊国际农产品交易有限公司电动汽车充电站(国家电网),上海市,上海市,121.22887372985258,31.22756482781803
900,电动汽车充电站,上海市,上海市,121.26031337384698,31.24791020360857
901,星星充电汽车充电站(恒充联友路),上海市,上海市,121.2619729722135,31.23712609537649
902,电桩宝汽车充电站,上海市,上海市,121.26229778708326,31.23611335376322
903,特来电充电站(特来电站纪王学校),上海市,上海市,121.26226910480888,31.232653964892663
904,安悦充电充电站(安悦站品尚生活广场),上海市,上海市,121.2655992129243,31.24287096814838
905,特来电充电站(特来电站上海新尚生活广场),上海市,上海市,121.22175906727654,31.232929124467883
906,动城仓储管理中心一电集团电动汽车充电站,上海市,上海市,121.26891534996302,31.235911438909937
907,汽车充电站(华漕镇新建民办双语学校),上海市,上海市,121.26358873337624,31.22354733593748
908,特来电充电站(上海嘉壹智汇园区站),上海市,上海市,121.2130395592796,31.23853685005265
909,青浦消防华新中队电动汽车充电站,上海市,上海市,121.21472793828303,31.221845467933587
910,特来电充电站(上海E通华新园区站),上海市,上海市,121.20766106759592,31.22188404748257
911,明仕海博站,上海市,上海市,121.2030789520625,31.227915026232075
912,昶翊新能源汽车充电站,上海市,上海市,121.20330432052724,31.227572503318857
913,动力联盟充电站(耀越汽车服务),上海市,上海市,121.27386993807568,31.22954065170161
914,星星充电汽车充电站(会展中骏广场),上海市,上海市,121.28044083366994,31.227510112694
915,云快充汽车充电站(普洛斯上海虹桥北物流园充电站),上海市,上海市,121.28132357201908,31.226361544458182
916,云快充汽车充电站(上海永慈康复快充站),上海市,上海市,121.27000768717484,31.21744009988122
917,万城万充汽车充电站(上海顺驰汽车充电站),上海市,上海市,121.20967041908273,31.249469924145007
918,开迈斯充电站(新虹桥蛟龙凯莱酒店),上海市,上海市,121.20727124451196,31.225259955822807
919,汽车充电站(开迈斯充电站上海市新虹桥蛟龙凯莱酒店交直流站疫情封闭),上海市,上海市,121.20791011072642,31.22539171981357
920,星星充电(碧桂园碧创空间),上海市,上海市,121.25836946558049,31.204334617578272
921,特斯拉超级充电站(复能大厦),上海市,上海市,121.26224954344023,31.204098531576044
922,星星充电汽车充电站(碧桂园碧创空间),上海市,上海市,121.2583654678631,31.20433961712844
923,星星充电汽车充电站(五天产业园中国梦谷),上海市,上海市,121.26160926583294,31.201813047549912
924,特来电充电站(上海虹信医学中心),上海市,上海市,121.26937180829344,31.21274891153043
925,汽车充电站(馨昌佳苑),上海市,上海市,121.28644369522898,31.220491464104384
926,依威能源汽车充电站(馨泰佳苑),上海市,上海市,121.28357962101936,31.21886415107936
927,汽车充电站(西郊虹韵城景平苑),上海市,上海市,121.28573285709064,31.2210731816252
928,森通智达汽车充电站(西郊虹韵城景平苑),上海市,上海市,121.28574383755628,31.2210841612082
929,依威能源汽车充电站(馨乐佳苑),上海市,上海市,121.28758588978806,31.218468800133994
930,上海闵行坤赢旭华商务广场(简单冲),上海市,上海市,121.27693280697696,31.21773687820666
931,简单充汽车充电站(上海闵行坤赢旭华商务广场),上海市,上海市,121.27697970382437,31.218174617041303
932,特来电充电站(上海维也纳纪翟路),上海市,上海市,121.28048054031052,31.218499305089026
933,星星充电站(上海鹏龙大众星徽),上海市,上海市,121.23276883854042,31.202373949594925
934,依威能源汽车充电站(上海德晟汽车服务),上海市,上海市,121.23475453264088,31.203188405546623
935,Evcard汽车充电站,上海市,上海市,121.27800428529125,31.20593831502396
936,森通智达汽车充电站(美邻苑),上海市,上海市,121.2794643498843,31.203507762937846
937,特来电充电站(特来电站华漕医疗中心),上海市,上海市,121.28068138887484,31.204919581157814
938,国家电网充电站(丰尚国际广场),上海市,上海市,121.27684297876196,31.205439890348234
939,乐华汽车充电站(梁杭优智谷直流充电站),上海市,上海市,121.28243428354908,31.256177585243385
940,星星充电汽车充电站(小胖熊配送中心),上海市,上海市,121.20343103833606,31.256700488987683
941,星星充电汽车充电站(上海发航物流),上海市,上海市,121.20254065163482,31.2571740227151
942,上海玖行瑜珩汽车充电站(闵行北青公路站),上海市,上海市,121.28182582011884,31.21423164451574
943,星星充电汽车充电站(黄渡曹安公路),上海市,上海市,121.21915704955454,31.27559595414068
944,汽车充电站(蔚来目充站上海中石化高家站),上海市,上海市,121.2653886421128,31.2755248628418
945,挚达汽车充电站(星华公路),上海市,上海市,121.26324145377312,31.27755953725529
946,挚达科技汽车充电站(绿苑二邨东),上海市,上海市,121.21333722247466,31.27025818871761
947,挚达汽车充电站(胜达路),上海市,上海市,121.21153655538608,31.275922717375355
948,挚达汽车充电站(玉麦路),上海市,上海市,121.21175368145416,31.27761226462808
949,挚达科技汽车充电站(协通路),上海市,上海市,121.21332060750557,31.27727220863957
950,安悦充电充电站(安悦汽车站上海快乐站),上海市,上海市,121.27866440367772,31.275475960557223
951,星星充电站(亭汇花苑),上海市,上海市,121.31148602799097,31.142246140082104
952,星星充电汽车充电站(亭汇花苑),上海市,上海市,121.31148703004082,31.142196164850105
953,星星充电汽车充电站(星星充电亭汇花苑充电站),上海市,上海市,121.31148603217484,31.14219716617475
954,简单充汽车充电站(上海松江贝尚坊时尚生活广场),上海市,上海市,121.3129353429987,31.147508636002808
955,依威能源汽车充电站(五洲云景花园),上海市,上海市,121.3078142790739,31.15207670083453
956,依威能源汽车充电站,上海市,上海市,121.31347489190058,31.13866233262853
957,依威能源汽车充电站(九久青年城一期),上海市,上海市,121.31259788083716,31.13836713590633
958,易马达e换电电动自行车充电站(涞寅路),上海市,上海市,121.2993649552977,31.142638590640075
959,依威能源汽车充电站(涞坊路),上海市,上海市,121.3016115616431,31.15158700023401
960,小桔充电汽车充电站(上海市松江区旭辉丰禄纯真中心充电站),上海市,上海市,121.3200708144949,31.140345899704823
961,特来电充电站(上海旭辉丰禄纯真中心),上海市,上海市,121.31976552444588,31.140177574106705
962,特来电充电站（九亭奥园古玩城）,上海市,上海市,121.32573222752544,31.14821285560521
963,特来电充电站(上海九亭奥园古玩城),上海市,上海市,121.32560549819956,31.14842198806945
964,特来电充电站(上海佳预广场),上海市,上海市,121.3249811216133,31.146088422020743
965,特来电充电站,上海市,上海市,121.30681853975216,31.162652980428348
966,易马达e换电电动自行车充电站(九亭大街),上海市,上海市,121.29867323026106,31.132440223409485
967,星星充电站(九亭明珠苑),上海市,上海市,121.32769579605544,31.136192499781945
968,国家电网汽车充电站(九亭大街),上海市,上海市,121.32561991224162,31.13159195317595
969,泰那斯虹桥世界中心汽车快速充电站,上海市,上海市,121.30286597109472,31.1862589779986
970,泰那斯汽车充电站（虹桥世界中心）,上海市,上海市,121.3029137869372,31.187234405389027
971,泰那斯虹桥世界中心汽车快速充电站,上海市,上海市,121.30222929622148,31.18640002040009
972,安悦充电充电站(安悦站威马汽车),上海市,上海市,121.30152936453923,31.190998939253987
973,普天充电站(上海德宝汽车服务有限公司),上海市,上海市,121.31540337892524,31.17566035315246
974,美丽充星星充电站,上海市,上海市,121.29685119168856,31.17571254542757
975,星星充电汽车充电站(星星瞻星虹桥圣保罗特快示范站点),上海市,上海市,121.29642805746649,31.17538940486008
976,国家电网汽车充电站(新虹街道综合楼北),上海市,上海市,121.31612071890912,31.17610776542317
977,66快充汽车充电站(绿地全球商品贸易港电动汽车快充站),上海市,上海市,121.2977555967213,31.18496436710451
978,充电队长汽车充电站(国家会展中心上海洲际酒店),上海市,上海市,121.29602680253028,31.18764387065126
979,保时捷超级充电站(上海虹桥天地),上海市,上海市,121.3118368056902,31.194064811156377
980,上海闵行龙湖虹桥天街(简单冲),上海市,上海市,121.3083184976349,31.19504582705648
981,特斯拉充电站(上海龙湖虹桥天街超级站新国标),上海市,上海市,121.30887734381884,31.19421021676852
982,保时捷汽车充电站(上海虹桥天地保时捷超级充电站),上海市,上海市,121.31168514895612,31.19400312452605
983,上海市闵行区龙湖虹桥天街充电站,上海市,上海市,121.30796533262875,31.194314833786844
984,充电队长汽车充电站(虹桥万通中心),上海市,上海市,121.30809086326585,31.19659048020381
985,BMW即时充电站(上海虹桥站大巴车停车场),上海市,上海市,121.3124342381453,31.196791347684552
986,鼎充新能源充电站(万科中心),上海市,上海市,121.31081463794114,31.19920817659047
987,星星充电汽车充电站(虹桥万科中心),上海市,上海市,121.31071484840608,31.19933529930886
988,依威能源汽车充电站(虹桥天地购物中心南区),上海市,上海市,121.31086590423595,31.19477726534664
989,星星充电汽车充电站(虹桥万科中心直流),上海市,上海市,121.3112077743695,31.199096501099145
990,依威能源汽车充电站(虹桥天地北区),上海市,上海市,121.31020421657183,31.19657060560355
991,特斯拉汽车充电站(虹桥万科中心T8号楼LG3层),上海市,上海市,121.31092140536356,31.19915700352737
992,玖行充电,上海市,上海市,121.32229162532144,31.1883278071291
993,玖行充电虹桥机场站(示范场站),上海市,上海市,121.32223474878764,31.18840187926201
994,云杉智慧汽车充电站,上海市,上海市,121.32223925327472,31.194041064998554
995,埃安超级充电服务中心,上海市,上海市,121.32177606494864,31.19689654284424
996,明仕虹桥机场充电站,上海市,上海市,121.32151645512354,31.19924888351451
997,挚达充电站,上海市,上海市,121.320668495185,31.19802810938502
998,普天新能源汽车充电站(虹桥机场P8停车场),上海市,上海市,121.32223727319102,31.19386215741845
999,星星充电汽车充电站(上海虹桥国际机场-奔驰充电星驿站),上海市,上海市,121.3222152246082,31.195011630802004
