Unnamed: 0,value,location_unique_id,location_country,location_lat,location_lng,COUNTRY,Unnamed: 7,Unnamed: 8,Unnamed: 9
0,C8Y27,94286edc-ad1f-11e8-b1ac-42010a840002,IE,53.932462,-6.417717,Ireland,,,
1,Tesla Supercharger Castlebellingham - Northbound,7bc5a7fa-ac7a-11e9-9ec4-42010a840003,IE,53.932366,-6.417582,Ireland,,,
2,C69SV,2adae722-6802-11e9-8d5b-42010a840003,IE,52.342373,-6.464083,Ireland,,,
4,C8MN3,2b416f24-6802-11e9-82cf-42010a840003,IE,52.246699,-7.136054,Ireland,,,
5,C8PH3,2b5338b2-6802-11e9-bd08-42010a840003,IE,54.010244,-6.402563,Ireland,,,
6,C6ZSJ,2b691204-6802-11e9-881a-42010a840003,IE,52.6597,-8.6276,Ireland,,,
7,C8S62,32b01b66-6802-11e9-938b-42010a840003,IE,52.663928,-8.629209,Ireland,,,
8,C6RN7,32d20a8c-6802-11e9-87be-42010a840003,IE,52.6582,-8.6294,Ireland,,,
9,C8EMG,330e14c8-6802-11e9-9b2b-42010a840003,IE,52.661942,-8.632167,Ireland,,,
21,C6C8J,2bc54a4c-6802-11e9-8a6c-42010a840003,IE,53.424683,-7.934554,Ireland,,,
27,C7Q40,2c1cdb40-6802-11e9-85fb-42010a840003,IE,53.422827,-7.942894,Ireland,,,
36,C5PSD,2cb08a16-6802-11e9-acbb-42010a840003,IE,53.295394,-6.203324,Ireland,,,
37,Stillorgan Park Hotel  Stillorgan Road  Stillorgan  County Dublin,e658b856-c8d5-11e9-b215-42010a840003,IE,53.29478,-6.202675,Ireland,,,
39,C7XJF,2cf35b98-6802-11e9-8688-42010a840003,IE,53.302618,-6.179272,Ireland,,,
44,C88XP,2d52a422-6802-11e9-b065-42010a840003,IE,53.260088,-6.149376,Ireland,,,
49,C9XQR,2dbe0a6e-6802-11e9-acdd-42010a840003,IE,51.867466,-8.474918,Ireland,,,
50,C729F,006205c2-c8d6-11e9-ae10-42010a840003,IE,51.872405,-8.470652,Ireland,,,
51,C648N,2dd81efe-6802-11e9-b133-42010a840003,IE,51.892902,-8.507741,Ireland,,,
52,Tesla Destination Charger The Kingsley,47c9c558-466d-11e9-8dda-42010a840003,IE,51.893546,-8.508452,Ireland,,,
55,C80JH,2e4caeb8-6802-11e9-8174-42010a840003,IE,51.895162,-8.467686,Ireland,,,
56,C5HT8,3c1ea6e0-6802-11e9-8bec-42010a840003,IE,51.895163,-8.466007,Ireland,,,
57,Q-Park City Hall Car Park  Eglinton Street  Cork City  County Cork,e8e7eab0-c8d5-11e9-86a3-42010a840003,IE,51.896445,-8.464346,Ireland,,,
63,C71Y1,2ec54292-6802-11e9-8eb4-42010a840003,IE,51.877059,-8.395368,Ireland,,,
64,C870G,2ed826e6-6802-11e9-afa7-42010a840003,IE,51.878654,-8.46646,Ireland,,,
66,C7PXW,2efa801a-6802-11e9-8476-42010a840003,IE,51.902465,-8.456459,Ireland,,,
67,C29XL,f46dd8d8-76a8-11e9-887a-42010a840003,IE,51.902176,-8.45656,Ireland,,,
68,C84X5,2f09ce80-6802-11e9-a88f-42010a840003,IE,51.896341,-8.47336,Ireland,,,
70,C7EVH,2f3c5d3c-6802-11e9-8ba2-42010a840003,IE,53.32548,-6.252396,Ireland,,,
71,C96GB,2f4ecfc6-6802-11e9-ac87-42010a840003,IE,53.428658,-6.234603,Ireland,,,
72,Terminal 2 Car Park (Short Term)  T2 MSCP Access Road  Dublin Airport  County Dublin,e8ca8ae2-c8d5-11e9-86ca-42010a840003,IE,53.4273,-6.2395,Ireland,,,
73,C7HB5,2f7e7f00-6802-11e9-8df5-42010a840003,IE,53.366858,-6.256277,Ireland,,,
74,EasyGo - Lidl Drumcondra,06676168-13aa-11eb-9fed-42010a840003,IE,53.372445,-6.253011,Ireland,,,
75,EasyGo - DCU St. Pats,0b9bc578-2bd0-11eb-bcde-42010a840003,IE,53.371953,-6.25609,Ireland,,,
76,C6WC1,2f871af2-6802-11e9-9b83-42010a840003,IE,53.277112,-6.203688,Ireland,,,
77,C76VM,2f8f0794-6802-11e9-959c-42010a840003,IE,53.369084,-6.276256,Ireland,,,
78,C5DGF,f6ee61b8-9ebc-11e9-b933-42010a840003,IE,53.370804,-6.280669,Ireland,,,
79,C7MVC,2fa7d3e6-6802-11e9-98d8-42010a840003,IE,53.329905,-6.299208,Ireland,,,
80,C7NP3,2fb0bb3c-6802-11e9-8f70-42010a840003,IE,53.316632,-6.333667,Ireland,,,
81,C5HD3,2fb885ba-6802-11e9-a023-42010a840003,IE,53.282676,-6.143831,Ireland,,,
82,C89GL,2fceac14-6802-11e9-8ae1-42010a840003,IE,53.331871,-6.372084,Ireland,,,
83,EasyGo - An Post DMC,05a6dc78-eb94-11eb-8af2-42010a840003,IE,53.326401,-6.369329,Ireland,,,
84,C8U81,2ffae11c-6802-11e9-bc4d-42010a840003,IE,53.375068,-6.364187,Ireland,,,
85,C7LE0,302ec2e8-6802-11e9-a23c-42010a840003,IE,53.290312,-6.199693,Ireland,,,
86,C75XM,30419ba2-6802-11e9-a90d-42010a840003,IE,53.392144,-6.392798,Ireland,,,
87,C6AD9,52c80dd2-6802-11e9-95b9-42010a840003,IE,53.342804,-6.228172,Ireland,,,
88,CB5YX,3079d404-6802-11e9-a4aa-42010a840003,IE,53.537292,-6.216982,Ireland,,,
89,C6BES,309a0cec-6802-11e9-a5ea-42010a840003,IE,53.338849,-6.232852,Ireland,,,
91,C6A6Q,30b4fb1a-6802-11e9-8ed5-42010a840003,IE,53.275704,-6.103034,Ireland,,,
95,C7UNW,30d7292e-6802-11e9-9e83-42010a840003,IE,54.000125,-6.412365,Ireland,,,
96,C79PY,3101aa50-6802-11e9-9eec-42010a840003,IE,53.416003,-6.242005,Ireland,,,
97,C85F9,310bf0be-6802-11e9-afd0-42010a840003,IE,54.003855,-6.387454,Ireland,,,
98,C78SD,312d39ae-6802-11e9-9bce-42010a840003,IE,54.003329,-6.397354,Ireland,,,
102,C8FPH,317c1bb4-6802-11e9-aaf1-42010a840003,IE,53.276578,-9.052925,Ireland,,,
103,EVB-P1834412,7bb81330-c85f-11eb-9fc0-42010a840054,IE,53.279829,-9.057716,Ireland,,,
104,C7HR1,3194bad4-6802-11e9-b174-42010a840003,IE,53.280251,-9.049573,Ireland,,,
105,C8QBO,3c59cb26-6802-11e9-95be-42010a840003,IE,53.278213,-9.050699,Ireland,,,
107,C5MWH,31a796cc-6802-11e9-9f21-42010a840003,IE,53.362824,-7.496517,Ireland,,,
113,C8XJP,32833f4c-6802-11e9-86de-42010a840003,IE,52.059533,-9.507251,Ireland,,,
114,Killarney Park Hotel  East Avenue  Killarney  County Kerry,e6c92730-c8d5-11e9-9297-42010a840003,IE,52.058,-9.5049,Ireland,,,
115,CB52P,329c892a-6802-11e9-94c3-42010a840003,IE,53.349272,-6.45268,Ireland,,,
117,C8DDM,32c080c8-6802-11e9-ad89-42010a840003,IE,53.963924,-6.364996,Ireland,,,
119,C60WJ,32fe5344-6802-11e9-986a-42010a840003,IE,52.6638,-8.6216,Ireland,,,
121,C6REJ,3320712c-6802-11e9-b21c-42010a840003,IE,52.6527,-8.593254,Ireland,,,
127,C8F13,3378a752-6802-11e9-9986-42010a840003,IE,53.394993,-7.719377,Ireland,,,
128,C6LPR,33806820-6802-11e9-8c26-42010a840003,IE,53.451232,-6.15157,Ireland,,,
129,C8JSB,2b42cc0c-13aa-11eb-adf3-42010a840003,IE,53.451677,-6.156183,Ireland,,,
130,suby1100002775,e19718b2-51e0-11ec-be27-42010a840003,IE,53.45093,-6.152092,Ireland,,,
131,suby1100010294,e1a3b52c-51e0-11ec-be9a-42010a840003,IE,53.45034,-6.15631,Ireland,,,
150,C7AJC,34df512c-6802-11e9-9f1e-42010a840003,IE,53.454205,-6.223523,Ireland,,,
151,SWP001,fe41dcf2-2a33-11eb-a62e-42010a840003,IE,53.453917,-6.221329,Ireland,,,
152,C6NY4,34fccf2c-6802-11e9-8c6a-42010a840003,IE,53.285621,-6.369887,Ireland,,,
160,C7SDK,35b0798c-6802-11e9-a68c-42010a840003,IE,52.258808,-7.1056,Ireland,,,
161,C62KO,365147e0-6802-11e9-9c93-42010a840003,IE,52.258792,-7.108648,Ireland,,,
162,C88Q3,35d05cb6-6802-11e9-a145-42010a840003,IE,52.259869,-7.117368,Ireland,,,
163,C68MB,35f7ee84-6802-11e9-8d85-42010a840003,IE,52.26604,-7.116893,Ireland,,,
165,Top/Londis Service Station  Holy Cross/Butlerstown (R680 - Old Cork Road)  Waterford City  County Waterford,35e48060-6802-11e9-b846-42010a840003,IE,52.241289,-7.169842,Ireland,,,
171,C7WX1,3614e9f8-6802-11e9-878e-42010a840003,IE,53.360817,-6.183111,Ireland,,,
180,C83SL,368e631e-6802-11e9-ab77-42010a840003,IE,52.255957,-7.111051,Ireland,,,
181,TEV024,91db8dd0-33b4-11eb-91b7-42010a840003,IE,52.25426,-7.111383,Ireland,,,
182,C8X4L,36aa0b78-6802-11e9-b147-42010a840003,IE,52.337957,-6.460155,Ireland,,,
183,C8K66,3c3db44a-6802-11e9-ab42-42010a840003,IE,52.337426,-6.46209,Ireland,,,
184,C615C,f821071e-c8d5-11e9-8588-42010a840003,IE,52.339897,-6.464039,Ireland,,,
185,Texaco (Mace & Supermacs)  N4  Ballinalack  County Westmeath,36b2699e-6802-11e9-9f52-42010a840003,IE,53.6256,-7.4661,Ireland,,,
186,C7EN4,30264296-660e-11ec-91f9-42010a840003,IE,53.62617,-7.46709,Ireland,,,
188,C7G33,36e04a8a-6802-11e9-8279-42010a840003,IE,53.610233,-6.182937,Ireland,,,
189,C89PW,f28bfc58-0e73-11ea-bc9a-42010a840003,IE,53.611523,-6.182852,Ireland,,,
199,C8Z6D,3bc9f5d2-6802-11e9-b00c-42010a840003,IE,53.377362,-6.391979,Ireland,,,
201,C743W,3c14d5de-6802-11e9-b087-42010a840003,IE,53.319464,-6.315379,Ireland,,,
202,C9NSQ,3c334c62-6802-11e9-8911-42010a840003,IE,53.923946,-6.411058,Ireland,,,
203,Tesla Supercharger Castlebellingham - Southbound,8191184c-c76a-11eb-b373-42010a840003,IE,53.924263,-6.411622,Ireland,,,
206,C8YK0,52aba76e-6802-11e9-aac5-42010a840003,IE,53.386834,-6.374197,Ireland,,,
207,C8GQZ,52beab98-6802-11e9-995c-42010a840003,IE,53.367976,-7.498115,Ireland,,,
208,C7E19,52da5442-6802-11e9-9396-42010a840003,IE,53.283229,-6.421707,Ireland,,,
209,EasyGo - Lidl  Fortunestown  Dublin,e800a3ce-13a9-11eb-b8a8-42010a840003,IE,53.285172,-6.418601,Ireland,,,
214,C59B6,536046f6-6802-11e9-8621-42010a840003,IE,52.6716,-8.63531,Ireland,,,
217,C8BBT,53a6367a-6802-11e9-950e-42010a840003,IE,52.667272,-8.623738,Ireland,,,
218,C8UFM,53bbd2dc-6802-11e9-8e1f-42010a840003,IE,52.67501,-8.573692,Ireland,,,
220,Clontarf Castle Hotel  Castle Avenue  Clontarf  Dublin 3  County Dublin,e5fe73dc-c8d5-11e9-ad7e-42010a840003,IE,53.364446,-6.206361,Ireland,,,
221,Premier Inn  Airside Retail Park  Lakeshore Drive (L2305)  Swords  County Dublin,e663ff9a-c8d5-11e9-9762-42010a840003,IE,53.4442,-6.227,Ireland,,,
226,CBCSH,00ada022-c8d6-11e9-9cb2-42010a840003,IE,53.492693,-6.197212,Ireland,,,
227,C5RZS,00fd0efa-c8d6-11e9-b560-42010a840003,IE,53.304352,-6.313517,Ireland,,,
228,CB689,0127264a-c8d6-11e9-b337-42010a840003,IE,53.541503,-6.210181,Ireland,,,
239,Q-Park St Finbarr's Car Park  Wandesford Quay  Cork City  County Cork,e9032622-c8d5-11e9-b55c-42010a840003,IE,51.896372,-8.481072,Ireland,,,
241,C8VG3,0392f5e4-eb04-11e9-81b1-42010a840003,IE,51.931807,-8.566211,Ireland,,,
242,Jacobs Cork - GB193,2d3a47bc-5521-11ea-ba2a-42010a840003,IE,51.887202,-8.415059,Ireland,,,
245,C5G5N,f73f0c5a-25c3-11eb-ab12-42010a840003,IE,51.919758,-8.482427,Ireland,,,
248,TEV031,a15395ea-2aff-11eb-8408-42010a840003,IE,52.063372,-9.494934,Ireland,,,
249,C5R3K,0154c8f2-c8d6-11e9-b7d1-42010a840003,IE,52.052989,-9.507136,Ireland,,,
252,Waterside Public Car Park  Waterside  Waterford City  County Waterford,e928ca1c-c8d5-11e9-9309-42010a840003,IE,52.256489,-7.108605,Ireland,,,
260,IEGOC-EVBWX106,f7c27a22-3f23-11ea-9043-42010a840003,IE,52.343333,-6.484401,Ireland,,,
261,IEGOC-EVBWX107,9a8cd2e2-6b21-11ea-9641-42010a840003,IE,52.344387,-6.483162,Ireland,,,
262,IEGOC-EVBWX108,9a97de4e-6b21-11ea-b4bf-42010a840003,IE,52.34353,-6.481553,Ireland,,,
271,TEV023,006a3106-25c4-11eb-8311-42010a840003,IE,52.23685,-7.138973,Ireland,,,
276,TEV047,0132972c-25c4-11eb-820a-42010a840003,IE,52.332114,-6.461069,Ireland,,,
296,Tesla Destination Charger Hotel Killarney,b10b6e18-466d-11e9-ad14-42010a840003,IE,52.060497,-9.48447,Ireland,,,
297,Tesla Destination Charger Innisfallen Hotel,b1141b4e-466d-11e9-aa1c-42010a840003,IE,52.07083,-9.574096,Ireland,,,
298,Tesla Destination Charger The Europe Hotel & Resort,c4f01d70-466d-11e9-85a2-42010a840003,IE,52.067353,-9.573084,Ireland,,,
299,The Europe Hotel and Resort  Killorglin Road (N72)  Fossa  Killarney  County Kerry,e6d2d3c0-c8d5-11e9-8d2e-42010a840003,IE,52.067174,-9.572493,Ireland,,,
300,Tesla Destination Charger The River Lee Hotel,b1d52bd6-466d-11e9-beff-42010a840003,IE,51.895982,-8.48481,Ireland,,,
301,River Lee Hotel  Lancaster Quay  Western Road  County Cork,e7619bd2-c76b-11eb-b565-42010a840003,IE,51.895988,-8.485001,Ireland,,,
308,O'Sullivan's Bar  West Village  Douglas  Cork  County Cork,e53394a0-c8d5-11e9-9759-42010a840003,IE,51.876107,-8.439509,Ireland,,,
309,Silver Springs Moran Hotel  Lower Glanmire Road  Tivoli  County Cork,e5910086-c8d5-11e9-89f8-42010a840003,IE,51.903944,-8.423815,Ireland,,,
324,EasyGo - Lidl  Shankill  Dublin,f93068b4-13a9-11eb-8b9f-42010a840003,IE,53.233419,-6.123104,Ireland,,,
327,C8XR1,392396d0-13aa-11eb-8aed-42010a840003,IE,53.251256,-6.185199,Ireland,,,
328,C8STP,aa164a44-22ca-11ea-a6fd-42010a840003,IE,53.252659,-6.169138,Ireland,,,
329,C77UD,ed9b0240-c8d5-11e9-8c46-42010a840003,IE,53.236754,-6.117675,Ireland,,,
334,IEGOC-EVBDS104,fe60b7bc-3353-11ea-9b4a-42010a840003,IE,53.292225,-6.132917,Ireland,,,
335,IEGOC-EVBDS105,851326b0-3e57-11ea-8539-42010a840003,IE,53.293271,-6.133711,Ireland,,,
336,IEGOC-EVB109,f26eec4a-70a1-11ea-ae08-42010a840003,IE,53.2733,-9.0031,Ireland,,,
337,C8QYG,2cfd911c-6802-11e9-be9f-42010a840003,IE,53.280332,-6.213815,Ireland,,,
338,Carmanhall Road  Sandyford Business Centre  Dublin 18  County Dublin,eda7de02-c8d5-11e9-9b3e-42010a840003,IE,53.27655,-6.2096,Ireland,,,
339,suby1100009232,956f627c-2c1b-11ec-ba87-42010a840003,IE,53.276099,-6.213997,Ireland,,,
340,suby1100009242,957dfd78-2c1b-11ec-a4ed-42010a840003,IE,53.275865,-6.213286,Ireland,,,
341,suby1100009379,958b6080-2c1b-11ec-a8d4-42010a840003,IE,53.275549,-6.212321,Ireland,,,
342,suby1100009233,959c0f48-2c1b-11ec-9762-42010a840003,IE,53.275968,-6.213634,Ireland,,,
343,suby1100009244,95aec516-2c1b-11ec-96b6-42010a840003,IE,53.275735,-6.212879,Ireland,,,
344,suby1100009231,95be3140-2c1b-11ec-95db-42010a840003,IE,53.276234,-6.214401,Ireland,,,
345,C5L9W,00f31d14-c8d6-11e9-b112-42010a840003,IE,53.3145,-6.39389,Ireland,,,
346,EasyGo - Maldron Hotel Newlands Cross,e8345db6-ae7e-11eb-9cbd-42010a840003,IE,53.313791,-6.393433,Ireland,,,
347,EasyGo - Lidl  Glenageary  Dublin,e714d61a-13a9-11eb-bbfd-42010a840003,IE,53.279033,-6.137213,Ireland,,,
348,EasyGo - Aldi  Sallynoggin  Dublin,f28d229a-13a9-11eb-9b1b-42010a840003,IE,53.277108,-6.14007,Ireland,,,
349,EasyGo - Lidl  Tallaght  Dublin,ec0969a6-13a9-11eb-9fee-42010a840003,IE,53.288103,-6.352737,Ireland,,,
350,EasyGo - Lidl  Belgard Rd  Tallaght,f1b69d56-13a9-11eb-b55a-42010a840003,IE,53.301422,-6.378777,Ireland,,,
351,C86D9,3c26b218-13aa-11eb-871e-42010a840003,IE,53.30925,-6.195849,Ireland,,,
352,C6UXP,6994ef12-13aa-11eb-9c24-42010a840003,IE,53.286679,-6.240973,Ireland,,,
353,Sandyford Road Carpark  DLRCC,b71c780c-b979-11eb-a485-42010a840003,IE,53.28814,-6.241136,Ireland,,,
354,Tesla Destination Charger Airfield Estate,aa543208-466d-11e9-a400-42010a840003,IE,53.287991,-6.235794,Ireland,,,
355,Dundrum Town Centre,b772c156-4a41-11ea-8ebb-42010a840003,IE,53.286055,-6.2399,Ireland,,,
356,TEV003,af3fb218-13aa-11eb-a015-42010a840003,IE,53.321013,-6.265924,Ireland,,,
357,EasyGo - Lidl Adamstown,b0bccdb0-13aa-11eb-97db-42010a840003,IE,53.346196,-6.474037,Ireland,,,
358,TEV005,ff51cedc-25c3-11eb-8331-42010a840003,IE,53.352862,-6.459997,Ireland,,,
359,TEV010,ff97e75a-25c3-11eb-bd92-42010a840003,IE,53.350242,-6.388903,Ireland,,,
360,TEV022,007f0716-25c4-11eb-808d-42010a840003,IE,53.3201,-6.394229,Ireland,,,
366,C57G4,2c25f1d0-13aa-11eb-a5fd-42010a840003,IE,53.293619,-6.134796,Ireland,,,
367,C5FCF,f55b1e38-25c3-11eb-877f-42010a840003,IE,53.282163,-9.064822,Ireland,,,
368,has.to.be gmbh Balinteer Business Centre 7.2kW,ad45ca46-bec8-11eb-bc02-42010a840003,IE,53.275941,-6.249204,Ireland,,,
369,The Coach House Ballinteer,1b1c7cc2-ab31-11ec-bf04-42010a840003,IE,53.276188,-6.248796,Ireland,,,
370,Main Street  Dundrum  Dublin 14  County Dublin,ed2c7e06-c8d5-11e9-a324-42010a840003,IE,53.290297,-6.244672,Ireland,,,
371,C8M1F,55c0290e-5a60-11ec-a6cb-42010a840003,IE,53.290689,-6.245232,Ireland,,,
372,Lidl Rathfarnham  13 Grange Road  Dublin 16  D16 PH21,e48fa28a-13a9-11eb-9228-42010a840003,IE,53.277676,-6.265951,Ireland,,,
373,C774G,ee92acde-c8d5-11e9-9276-42010a840003,IE,53.281239,-6.469599,Ireland,,,
374,C5GF3,eec9285e-c8d5-11e9-9f1a-42010a840003,IE,53.322011,-6.238717,Ireland,,,
375,Athlone,460ff996-0c72-11ea-b500-42010a840003,IE,53.400768,-7.826414,Ireland,,,
376,C5NLZ,2f6b1532-6802-11e9-8513-42010a840003,IE,53.412838,-6.216159,Ireland,,,
377,Bewleys Hotel Dublin Airport  Stockhole Lane  Swords  County Dublin,e66f6934-c8d5-11e9-98d6-42010a840003,IE,53.411598,-6.217049,Ireland,,,
378,EasyGo - Lidl  Castleknock  Dublin,ecdf45c6-13a9-11eb-a8ec-42010a840003,IE,53.373243,-6.360341,Ireland,,,
380,TEV002,a4358ce4-13aa-11eb-b934-42010a840003,IE,53.360629,-6.299333,Ireland,,,
381,EasyGo - Lidl Ballymun,b192d220-13aa-11eb-8945-42010a840003,IE,53.397994,-6.264429,Ireland,,,
382,Security_hut_golf _1,0ea329a6-1932-11eb-a93c-42010a840003,IE,53.414392,-6.364972,Ireland,,,
383,Plaza 211,4fc964e6-891b-11eb-8ab4-42010a840003,IE,53.412393,-6.361033,Ireland,,,
384,EasyGo - DCU The Helix,3c93d3a0-231f-11eb-af6a-42010a840003,IE,53.386833,-6.259567,Ireland,,,
385,TEV006,ff5cab22-25c3-11eb-874c-42010a840003,IE,53.382607,-6.381065,Ireland,,,
386,TEV008,ffd53196-25c3-11eb-ae7f-42010a840003,IE,53.401559,-6.179905,Ireland,,,
387,TEV013,fff3e668-25c3-11eb-855d-42010a840003,IE,53.383207,-6.216304,Ireland,,,
388,EasyGo - Lidl Clonsilla,708635ac-2a33-11eb-8567-42010a840003,IE,53.383939,-6.419733,Ireland,,,
389,TEV029,a4d10dc4-314e-11eb-9317-42010a840003,IE,53.383092,-6.296249,Ireland,,,
390,TEV001,ada3540a-13aa-11eb-9a6d-42010a840003,IE,53.445491,-6.214984,Ireland,,,
391,C5RNF,f74ea4c2-c8d5-11e9-8c1f-42010a840003,IE,53.42053,-7.926822,Ireland,,,
392,C7M15,037ae50e-891d-11eb-b64e-42010a840003,IE,53.410591,-7.893679,Ireland,,,
393,C81WL,f0c314ee-f14d-11e9-954e-42010a840003,IE,53.520646,-6.144629,Ireland,,,
404,TEV011,ffb83e92-25c3-11eb-b4fb-42010a840003,IE,53.998507,-6.405068,Ireland,,,
405,EVB-P20031627,18deff76-8a10-11ec-bf13-42010a840003,IE,53.997945,-6.405957,Ireland,,,
408,Kearys Motorworld (Nissan)  Carrigrohane Road  Cork City  County Cork,99068ebc-3bba-11eb-b4df-42010a840003,IE,51.8931,-8.51136,Ireland,,,
409,Tesla Supercharger Cork - Mahon Point Shopping Centre,83f69464-dad8-11eb-8f95-42010a840003,IE,51.886592,-8.39677,Ireland,,,
410,Cork Airport Short Stay Car Park,263d0950-1b8a-11ec-92e3-42010a840003,IE,51.850764,-8.48917,Ireland,,,
414,EVB-P21431659,0d2c97cc-cc7f-11ec-bd18-42010aa4007a,IE,51.911315,-8.461558,Ireland,,,
416,The Lake Hotel  Muckross Road  Castlelough  Killarney  County Kerry  V93RR59,e798571c-c8d5-11e9-8a65-42010a840003,IE,52.038409,-9.499743,Ireland,,,
417,EVB-P1801285,15db0d20-29c1-11eb-9305-42010a840029,IE,52.018717,-9.501118,Ireland,,,
419,Castlerosse Hotel,25ffab64-1b8a-11ec-b975-42010a840003,IE,52.066429,-9.539775,Ireland,,,
424,C8VWZ,a9ad5b92-22ca-11ea-b0e3-42010a840003,IE,53.42735,-7.938098,Ireland,,,
436,C8QRW,f0244c6a-c8d5-11e9-8231-42010a840003,IE,53.288157,-9.047957,Ireland,,,
437,Windsor Nissan Galway,080f92e4-c8d6-11e9-9aab-42010a840003,IE,53.289563,-9.0065,Ireland,,,
438,Limerick Nissan  Delta Retail Park  Ballysimon Road  Limerick City  County Limerick,0822b55e-c8d6-11e9-992f-42010a840003,IE,52.648545,-8.581782,Ireland,,,
439,C8L7P,1eb4b092-f46e-11e9-bbee-42010a840003,IE,53.292256,-9.019465,Ireland,,,
440,Monaghan & Sons Galway,25def856-1b8a-11ec-bd5e-42010a840003,IE,53.29246,-9.018888,Ireland,,,
443,Windsor Motors (Nissan)  Monivea Road  Ballybrit  County Galway,992392fa-3bba-11eb-ac55-42010a840003,IE,53.2888,-9.00005,Ireland,,,
444,EVB-P1834406,7bb81358-c85f-11eb-b554-42010a840054,IE,53.284473,-9.065519,Ireland,,,
448,EVB-P21211531,3209ac12-7854-11ec-9c1e-42010a84000b,IE,52.67553,-8.647524,Ireland,,,
452,Fitzwilton Hotel  Bridge Street  Waterford City  County Waterford,e76f1cd0-c8d5-11e9-8172-42010a840003,IE,52.263453,-7.119468,Ireland,,,
453,EVB-P21261672,eda71852-9563-11ec-837b-42010a840049,IE,52.248202,-7.148736,Ireland,,,
454,EVB-P21261610,d486e402-c550-11ec-be94-42010a840074,IE,52.246529,-7.146835,Ireland,,,
455,EVB-P21261640,15fbe068-b732-11ec-8e24-42010a84004b,IE,52.251613,-7.179728,Ireland,,,
468,Ferrycarrig Hotel  Wexford-Enniscorthy Road (N11)  Ferrycarrig  County Wexford,e77892ce-c8d5-11e9-b621-42010a840003,IE,52.35413,-6.506075,Ireland,,,
469,Wexford Car Centre (Nissan)  Castlebridge Road (R741)  Ardcavan  County Wexford,0835b622-c8d6-11e9-a1a9-42010a840003,IE,52.355889,-6.452704,Ireland,,,
470,EVB-P2012347,85fc076a-2829-11eb-8570-42010a840009,IE,52.357028,-6.42003,Ireland,,,
472,C86T5,6de03c98-13aa-11eb-a351-42010a840003,IE,54.006376,-6.403907,Ireland,,,
473,Lidl Swords  59 Dublin Road  Swords  County Dublin  K67 E6A2,ef6f8d50-13a9-11eb-b3cf-42010a840003,IE,53.451235,-6.227134,Ireland,,,
475,TEV050,2bc9182a-8db6-11ec-89cf-42010a840003,IE,53.273049,-6.31502,Ireland,,,
476,The Coach House Ballinteer,d9b8cad4-a5c1-11ec-b1a3-42010a840003,IE,53.275659,-6.251414,Ireland,,,
477,EVB-P1829767,59afe49a-ddc8-11e8-8999-42010a840002,IE,53.339562,-6.46109,Ireland,,,
478,EVB-P1811189,fd7bb98e-4f3c-11e8-8d52-42010a840002,IE,53.279012,-6.218933,Ireland,,,
479,Tesla Destination Charger Clayton Hotel Leopardstown,36c77912-466d-11e9-a480-42010a840003,IE,53.271164,-6.205897,Ireland,,,
480,Bewleys Hotel Leopardstown  Central Park  Leopardstown  Dublin 18  County Dublin,e5d1a064-c8d5-11e9-9c85-42010a840003,IE,53.271314,-6.206086,Ireland,,,
481,Tesla Destination Charger Carlton Hotel Blanchardstown,3d684bfc-466d-11e9-89a6-42010a840003,IE,53.419053,-6.378743,Ireland,,,
483,Croke Park Hotel  Jones Road  Dublin 3  County Dublin,e608e0e2-c8d5-11e9-b4c2-42010a840003,IE,53.360803,-6.253881,Ireland,,,
484,Herbert Park Hotel  Via Anglesea Road  Ballsbridge  Dublin 4  County Dublin,e6133f24-c8d5-11e9-ba2c-42010a840003,IE,53.327991,-6.231744,Ireland,,,
485,EasyGo - Eirgrid  The Oval  Dublin Office,e1650d2a-13a9-11eb-bcbe-42010a840003,IE,53.331477,-6.230637,Ireland,,,
486,EasyGo - Orix Aviation,9f734f70-13aa-11eb-8eb0-42010a840003,IE,53.331534,-6.231115,Ireland,,,
487,Radisson Blu St Helen's  Stillorgan Road  Blackrock  Dublin 4  County Dublin,e6204e8a-c8d5-11e9-b74f-42010a840003,IE,53.304903,-6.205752,Ireland,,,
488,Sandymount Hotel  Herbert Road (Landsdowne Road)  Sandymount  Dublin 4  County Dublin,e62c7a02-c8d5-11e9-bd45-42010a840003,IE,53.33354,-6.224422,Ireland,,,
491,Audi North Dublin  North Park (Exit 5 M50)  North Road  Dublin 11  County Dublin,e8b66256-c8d5-11e9-8b21-42010a840003,IE,53.402281,-6.31334,Ireland,,,
492,Joe Duffy BMW  North Park (Exit 5 M50)  North Road  Dublin 11  County Dublin,e8c07fc0-c8d5-11e9-ab57-42010a840003,IE,53.403599,-6.309145,Ireland,,,
493,Joe Duffy BMW Dublin,8f39d418-574b-11ec-aa96-42010a840003,IE,53.405014,-6.306721,Ireland,,,
494,Windsor Motors Belgard (Nissan)  Belgard Road  Dublin 24  County Dublin,07f4089e-c8d6-11e9-bd6d-42010a840003,IE,53.294867,-6.37037,Ireland,,,
495,Hutton and Meade (Nissan)  Unit 600 North West Business Park  Old Ratoath Road (L3080)  Ballycoolin  Blanchardstown  Dublin 15  County Dublin,07ea8f4e-c8d6-11e9-99d3-42010a840003,IE,53.415872,-6.356728,Ireland,,,
496,EasyGo - AMD  CityWest  Dublin,df9e8926-13a9-11eb-a244-42010a840003,IE,53.29065,-6.429592,Ireland,,,
497,EasyGo - Trane Technologies International Ltd  Swords  Dublin,e23cebf0-13a9-11eb-9d85-42010a840003,IE,53.449351,-6.218481,Ireland,,,
498,Nissan  Windsor Motors Airside  Airside Motor Park  Swords  County Dublin,ef981878-a1b7-11eb-98f5-42010a840003,IE,53.4459,-6.22257,Ireland,,,
499,EasyGo - Pfizer  Grangecastle East Link Car Park,e54a2fce-13a9-11eb-a5d3-42010a840003,IE,53.325849,-6.434212,Ireland,,,
500,EasyGo - RSA Test Centre Dundalk,013c631e-13aa-11eb-b805-42010a840003,IE,54.016817,-6.398902,Ireland,,,
502,EasyGo - Pfizer  Grangecastle West Link Car Park,e6127902-13a9-11eb-9ed1-42010a840003,IE,53.325926,-6.438546,Ireland,,,
504,EasyGo - Repak Limited,fbc0be4e-13a9-11eb-b77e-42010a840003,IE,53.318049,-6.365783,Ireland,,,
505,Sisk,24508332-2401-11eb-9707-42010a840003,IE,53.320493,-6.360143,Ireland,,,
506,EasyGo - Wellington House  Dublin 4,ffc5708e-13a9-11eb-9e34-42010a840003,IE,53.328247,-6.242219,Ireland,,,
507,EasyGo - Harris Hino,04a06f82-13aa-11eb-b31e-42010a840003,IE,53.322042,-6.35908,Ireland,,,
510,EasyGo - Our Lady's Hospice Harolds Cross,16a116c0-0b6e-11ec-82e9-42010a840003,IE,53.326727,-6.281449,Ireland,,,
511,EasyGo - Faughs GAA Club,f157548c-12c1-11ec-aeb4-42010a840003,IE,53.296187,-6.325342,Ireland,,,
512,BOC Dublin,256f7c88-1b8a-11ec-820e-42010a840003,IE,53.327832,-6.348145,Ireland,,,
513,Ballinlough Refrigeration Ltd,28605d18-1b8a-11ec-8ddd-42010a840003,IE,53.295754,-6.424959,Ireland,,,
514,Ballinlough Refrigeration Ltd Dublin,8a798aba-431c-11ec-8a63-42010a840003,IE,53.296822,-6.425341,Ireland,,,
515,Paddy Power,e5739ea2-26b0-11ec-a876-42010a840003,IE,53.33098,-6.363813,Ireland,,,
516,EVB-P21211535,fc6b930c-4dad-11ec-9c84-42010a840003,IE,53.28734,-6.339476,Ireland,,,
517,Dun Laoghaire Rathdown County Council,288fe298-c19a-11ec-9737-42010a840003,IE,53.291777,-6.244798,Ireland,,,
518,EasyGo - Clayton Hotel Ballsbridge,c2ddbd78-c700-11ec-8e20-42010a840003,IE,53.325893,-6.225402,Ireland,,,
519,PRL Main Office,340bbb00-cd49-11ec-8f43-42010a840003,IE,53.300761,-6.471792,Ireland,,,
520,EasyGo - Decathlon  Ballymun  Dublin,9e9e2a84-13aa-11eb-991a-42010a840003,IE,53.407834,-6.271761,Ireland,,,
521,EasyGo - Ikea Ballymun,a8c6ebc2-3b14-11eb-b9e9-42010a840003,IE,53.407271,-6.274304,Ireland,,,
522,Providence House,0eaea7ea-1932-11eb-927d-42010a840003,IE,53.412849,-6.37312,Ireland,,,
523,Block 10,025e6384-a75a-11eb-baec-42010a840003,IE,53.411732,-6.371064,Ireland,,,
524,Garo CP1 001,0a64a43e-4893-11ea-afe6-42010a840003,IE,53.410964,-6.351033,Ireland,,,
525,Castleknock Hotel and Country Club  Porterstown Road  Castleknock  Dublin 15  County Dublin,7d8e6b82-3bba-11eb-9007-42010a840003,IE,53.366463,-6.390028,Ireland,,,
527,EasyGo - Lidl Lusk,bcd99ea6-58d3-11ec-9a80-42010a840003,IE,53.524314,-6.159228,Ireland,,,
529,Tesla Destination Charger The Pottery,a3279e98-466d-11e9-a63e-42010a840003,IE,53.275383,-6.157821,Ireland,,,
530,Windsor Motors Deansgrange (Nissan)  Deansgrange Road  Dublin 24  County Dublin,07fd54ee-c8d6-11e9-91bd-42010a840003,IE,53.2833,-6.16592,Ireland,,,
531,EasyGo - Eurofound  Dublin,ee96e22a-13a9-11eb-a6eb-42010a840003,IE,53.246555,-6.132292,Ireland,,,
536,An Post Loc 5008,3f39a76c-332a-11ec-aca1-42010a840003,IE,53.3823,-6.202637,Ireland,,,
537,EasyGo - Clayton Airport Hotel Dublin,40060ad8-a693-11eb-8dce-42010a840003,IE,53.411568,-6.218516,Ireland,,,
538,Dublin Airport Taxi Rank,24ee1bd4-1b8a-11ec-a67d-42010a840003,IE,53.425205,-6.231594,Ireland,,,
539,Atlas Copco,254977e0-1b8a-11ec-b76c-42010a840003,IE,53.408322,-6.404295,Ireland,,,
540,EVB-P21081553,e5569cd0-a928-11ec-9116-42010a840015,IE,53.418038,-6.145552,Ireland,,,
541,52321,edf80e2c-5472-11e9-846e-42010a840003,GB,55.558,-3.8447,United Kingdom,,,
542,52323,edff67b2-5472-11e9-bf97-42010a840003,GB,55.829381,-4.208294,United Kingdom,,,
543,Rutherglen Links,e90a75ba-574b-11ec-bde3-42010a840003,GB,55.831669,-4.208583,United Kingdom,,,
544,51534,f95f113e-5472-11e9-8b4d-42010a840003,GB,55.329768,-3.445456,United Kingdom,,,
545,50724,fe48ed8c-5472-11e9-a596-42010a840003,GB,55.94157,-4.15929,United Kingdom,,,
546,52367,1b1e5b44-e3ee-11e9-b835-42010a840003,GB,55.94214,-4.15249,United Kingdom,,,
547,50241,fe62db16-5472-11e9-9dd1-42010a840003,GB,55.863522,-4.262262,United Kingdom,,,
548,50568,18728a5a-e3ee-11e9-a5a2-42010a840003,GB,55.861043,-4.259601,United Kingdom,,,
549,52918,6d7f5a74-7498-11ea-ba1f-42010a840003,GB,55.86493,-4.26665,United Kingdom,,,
550,52919,6d87bc5a-7498-11ea-bf15-42010a840003,GB,55.86581,-4.26155,United Kingdom,,,
551,50430,b89abb18-2c1e-11ec-9291-42010a840003,GB,55.86015,-4.26433,United Kingdom,,,
552,60241,98907fc4-79bc-11ec-b0c6-42010a840003,GB,55.861406,-4.262062,United Kingdom,,,
553,EV1 & EV2 ST VINCENT,61dd01ea-a915-11ec-82cd-42010a840003,GB,55.862997,-4.26787,United Kingdom,,,
554,C58D6,04b8d13c-5473-11e9-abc8-42010a840003,GB,54.592703,-5.93343,United Kingdom,,,
555,C57X5,04e48f34-5473-11e9-b2d7-42010a840003,GB,54.594342,-5.928256,United Kingdom,,,
556,Adelaide Street,c45d324e-91d3-11ec-a5e5-42010a840003,GB,54.59466,-5.9279,United Kingdom,,,
557,BCC Car Park,c518bb04-91d3-11ec-837d-42010a840003,GB,54.59324,-5.93326,United Kingdom,,,
558,C7JKQ,04c40836-5473-11e9-b2fd-42010a840003,GB,54.604646,-5.931866,United Kingdom,,,
559,BCC Car Park,c574ad2e-91d3-11ec-9f8d-42010a840003,GB,54.60369,-5.93161,United Kingdom,,,
560,Tesla Destination Charger CastleCourt Shopping Centre,c3a4d384-466d-11e9-9a48-42010a840003,GB,54.600554,-5.93401,United Kingdom,,,
561,C6EQ6,04cdc588-5473-11e9-933b-42010a840003,GB,54.594109,-5.924292,United Kingdom,,,
562,Lloyds Banking Group - Belfast,65b867cc-bcbc-11ec-8696-42010a840003,GB,54.59162,-5.920733,United Kingdom,,,
563,C7CDT,04d924f0-5473-11e9-9c58-42010a840003,GB,54.593467,-5.935646,United Kingdom,,,
564,David Cooper Sw 6496315-352 Arch,d37f44cc-ac15-11ec-bf5a-42010a840003,GB,54.596032,-5.938211,United Kingdom,,,
565,David Cooper Sw 6496325-549 Wate,d3d44684-ac15-11ec-b8d1-42010a840003,GB,54.595442,-5.937088,United Kingdom,,,
566,David Cooper Sw 6496335-178 Linc,d426b6ee-ac15-11ec-925b-42010a840003,GB,54.594979,-5.938001,United Kingdom,,,
567,David Cooper Sw 6496345-120 Henr,d478de7e-ac15-11ec-9a6f-42010a840003,GB,54.596506,-5.937623,United Kingdom,,,
568,C64NR,04ee438a-5473-11e9-a5b0-42010a840003,GB,54.587893,-5.934377,United Kingdom,,,
569,Lower Crescent,cb94f646-91d3-11ec-87f4-42010a840003,GB,54.58794,-5.9339,United Kingdom,,,
570,SC09-A,04f90a40-5473-11e9-8fff-42010a840003,GB,54.595384,-5.915776,United Kingdom,,,
571,Central Station Car Park,c82e3d0a-91d3-11ec-9a6c-42010a840003,GB,54.59528,-5.91723,United Kingdom,,,
572,SHORTSTRAND SHORT STRAND 05,b0cae62a-cc68-11ec-aa95-42010a840003,GB,54.597554,-5.91059,United Kingdom,,,
573,C6ZF5,05030c20-5473-11e9-b908-42010a840003,GB,54.546408,-5.905207,United Kingdom,,,
574,C6PSL,054191a2-5473-11e9-8b7f-42010a840003,GB,54.173287,-6.335203,United Kingdom,,,
575,C6YM6,0ae74b6a-5473-11e9-9858-42010a840003,GB,54.168319,-6.34252,United Kingdom,,,
576,Public Car Park  Bridge Street  Newry  BT35 8AN,346fa264-6802-11e9-a499-42010a840003,GB,54.170394,-6.34045,United Kingdom,,,
577,C79AJ,72b733a4-5a60-11ec-963f-42010a840003,GB,54.170301,-6.34155,United Kingdom,,,
578,Public Car Park,d4c86c66-91d3-11ec-8bee-42010a840003,GB,54.17045,-6.34255,United Kingdom,,,
579,Newry & Mourne Museum,d6cc8966-91d3-11ec-a4d5-42010a840003,GB,54.17352,-6.3361,United Kingdom,,,
580,Hill Street,d72bc9da-91d3-11ec-b5f9-42010a840003,GB,54.17444,-6.33847,United Kingdom,,,
581,EasyGo - Lidl  Buttercrane  Newry,149ca5f6-0b6e-11ec-9857-42010a840003,GB,54.170603,-6.340706,United Kingdom,,,
582,Basin Walk Car Park  Newry (Socket 2),0557ab4a-5473-11e9-b0d2-42010a840003,GB,54.178594,-6.335694,United Kingdom,,,
583,SC37-B,0563d00a-5473-11e9-a4ef-42010a840003,GB,54.176301,-6.340184,United Kingdom,,,
584,C6LWB,056e697a-5473-11e9-8ec8-42010a840003,GB,54.175246,-6.338146,United Kingdom,,,
585,C6R06,fe8cfd74-c8d5-11e9-9899-42010a840003,GB,54.176524,-6.342105,United Kingdom,,,
586,Canal Court Hotel Car Park,d575aa70-91d3-11ec-9731-42010a840003,GB,54.17555,-6.34051,United Kingdom,,,
587,Monaghan Street,d7d89b38-91d3-11ec-842d-42010a840003,GB,54.17714,-6.34258,United Kingdom,,,
588,Glenshane Tourist Services Ltd,058e7cf6-5473-11e9-9d62-42010a840003,GB,54.847389,-6.727441,United Kingdom,,,
589,C6R7Y,05a715ae-5473-11e9-85c3-42010a840003,GB,54.9989,-7.32095,United Kingdom,,,
590,SC39-A,05b1ba5e-5473-11e9-a605-42010a840003,GB,54.994629,-7.323503,United Kingdom,,,
591,C7VP4,05d0b5b2-5473-11e9-9513-42010a840003,GB,54.99325,-7.319705,United Kingdom,,,
592,SC34-A,05dd16ae-5473-11e9-81e7-42010a840003,GB,54.99548,-7.32185,United Kingdom,,,
593,Car Park,cf02c222-91d3-11ec-94c7-42010a840003,GB,54.99424,-7.32317,United Kingdom,,,
594,The Diamond,d0139524-91d3-11ec-9c7f-42010a840003,GB,54.99519,-7.32212,United Kingdom,,,
595,Railway Yard  L'Derry (Socket 2),05bb71d4-5473-11e9-88d2-42010a840003,GB,54.992927,-7.313118,United Kingdom,,,
596,C7CL5,0d1adfb2-f991-11eb-9ea2-42010a840003,GB,54.993048,-7.312725,United Kingdom,,,
597,NW Transport Hub,cda235b6-91d3-11ec-88f5-42010a840003,GB,54.99263,-7.3109,United Kingdom,,,
598,C7B5R,05c6a108-5473-11e9-aced-42010a840003,GB,55.001546,-7.322345,United Kingdom,,,
599,Strand Road,ce4c2800-91d3-11ec-a8fe-42010a840003,GB,55.00197,-7.32222,United Kingdom,,,
600,Victoria Market Car Park,cfb4459c-91d3-11ec-b888-42010a840003,GB,55.0012,-7.32129,United Kingdom,,,
601,Magee,6294ea5c-0c7c-11ec-8c92-42010a840003,GB,55.00669,-7.32372,United Kingdom,,,
602,Templemore Leisure Centre  L'Derry (Sock,05e905c2-5473-11e9-9781-42010a840003,GB,55.024553,-7.338951,United Kingdom,,,
603,SC18-A,05f27cf6-5473-11e9-ae3e-42010a840003,GB,54.345614,-7.638437,United Kingdom,,,
604,SC13-B,05fe7c7c-5473-11e9-a097-42010a840003,GB,54.345051,-7.640047,United Kingdom,,,
605,C6T20,063f558a-5473-11e9-9d99-42010a840003,GB,54.343512,-7.637848,United Kingdom,,,
606,Public Car Park  Queen Street  Enniskillen  BT74 7JR,0648d39e-5473-11e9-a14e-42010a840003,GB,54.34741,-7.640307,United Kingdom,,,
607,Old Erne Hospital,0ecd7332-1932-11eb-80c2-42010a840003,GB,54.348524,-7.637903,United Kingdom,,,
608,Car Park,d1708562-91d3-11ec-a37b-42010a840003,GB,54.34581,-7.63918,United Kingdom,,,
609,Eden Street,d41bca06-91d3-11ec-8270-42010a840003,GB,54.34457,-7.63928,United Kingdom,,,
610,SC17-B,7e540f98-93c7-11ec-b9b5-42010a840003,GB,54.347332,-7.641126,United Kingdom,,,
611,Tesla Destination Charger Erneside Shopping Centre,5babbde2-466d-11e9-afe3-42010a840003,GB,54.342478,-7.635394,United Kingdom,,,
612,SC11-A,0609d644-5473-11e9-90cf-42010a840003,GB,54.343861,-7.633197,United Kingdom,,,
613,Quay Lane North,d21c91d6-91d3-11ec-a044-42010a840003,GB,54.3428,-7.6334,United Kingdom,,,
614,34C14DD6-9AD9-4B3E-BF1B-BE67D908A8B9,5d794f6a-6d0c-11ea-ac9b-42010a840003,GB,54.342658,-7.62672,United Kingdom,,,
615,Council Car Park  Main Street  Belleek  BT93 3FX,066e9606-5473-11e9-a289-42010a840003,GB,54.480109,-8.091973,United Kingdom,,,
616,Narrow Gauge/Circular Road  Larne  BT40 1XB,0677e170-5473-11e9-b77b-42010a840003,GB,54.850413,-5.818398,United Kingdom,,,
617,C685P,068e299e-5473-11e9-8819-42010a840003,GB,54.85092,-5.824385,United Kingdom,,,
618,Riverdale,c929a488-91d3-11ec-881e-42010a840003,GB,54.85084,-5.8236,United Kingdom,,,
619,Narrow Gauge,c9d5e1f8-91d3-11ec-9431-42010a840003,GB,54.85035,-5.82056,United Kingdom,,,
620,SC14-A,800ba79c-93c7-11ec-bdf0-42010a840003,GB,54.85006,-5.818284,United Kingdom,,,
621,SC147,06dee1e0-5473-11e9-a6a5-42010a840003,GB,54.696593,-5.951619,United Kingdom,,,
622,SC44,06ead4f0-5473-11e9-ac92-42010a840003,GB,54.661953,-5.930754,United Kingdom,,,
623,SC98,06f428de-5473-11e9-aaeb-42010a840003,GB,54.750814,-5.999819,United Kingdom,,,
624,SC43,070153c4-5473-11e9-9b0c-42010a840003,GB,54.752969,-5.997569,United Kingdom,,,
625,SC54,070e1988-5473-11e9-82f7-42010a840003,GB,54.66953,-5.95782,United Kingdom,,,
626,SC48,071a0fc2-5473-11e9-bb32-42010a840003,GB,54.68885,-5.948989,United Kingdom,,,
627,SC96,07278594-5473-11e9-8434-42010a840003,GB,54.601591,-7.307725,United Kingdom,,,
628,SC64,0742b300-5473-11e9-b701-42010a840003,GB,54.601215,-7.306509,United Kingdom,,,
629,Carpark Campsie Road Omagh,07359d96-5473-11e9-b0b1-42010a840003,GB,54.600188,-7.295037,United Kingdom,,,
630,SC62,0762a6c4-5473-11e9-993c-42010a840003,GB,54.604356,-7.298438,United Kingdom,,,
631,Omagh Sports Forum (Council),639703ac-629c-11eb-9458-42010a840003,GB,54.604011,-7.298569,United Kingdom,,,
632,SC133,074d30f0-5473-11e9-9487-42010a840003,GB,54.595862,-7.289644,United Kingdom,,,
633,C6QT2,0756ee38-5473-11e9-a724-42010a840003,GB,54.659146,-7.334948,United Kingdom,,,
634,SC56,07768a36-5473-11e9-9a66-42010a840003,GB,54.73014,-6.2305,United Kingdom,,,
635,Texaco Garage Junction 1  Antrim,0ad7bae2-5473-11e9-869e-42010a840003,GB,54.73022,-6.227475,United Kingdom,,,
636,Tesla Destination Charger Junction 1,496f51ca-466d-11e9-9610-42010a840003,GB,54.730532,-6.233081,United Kingdom,,,
637,RC07,2bf000c0-6802-11e9-b6ec-42010a840003,GB,54.730728,-6.232485,United Kingdom,,,
638,SC107,07829808-5473-11e9-8739-42010a840003,GB,54.717252,-6.210415,United Kingdom,,,
639,SC99,078ce54c-5473-11e9-ba2d-42010a840003,GB,54.74636,-6.234244,United Kingdom,,,
640,SC61,07a0fbb8-5473-11e9-8623-42010a840003,GB,54.712504,-6.218678,United Kingdom,,,
641,SC94,07b62524-5473-11e9-8c04-42010a840003,GB,54.71464,-6.224314,United Kingdom,,,
642,SC114,07aa6cfc-5473-11e9-b943-42010a840003,GB,54.710259,-6.09305,United Kingdom,,,
643,SC110,07d576c2-5473-11e9-924e-42010a840003,GB,54.826859,-7.46552,United Kingdom,,,
644,SC68,07e0273e-5473-11e9-98aa-42010a840003,GB,54.829324,-7.464149,United Kingdom,,,
645,SC101,07ea0e34-5473-11e9-8c5f-42010a840003,GB,54.824472,-7.461848,United Kingdom,,,
646,SC63,07f568c4-5473-11e9-aa4f-42010a840003,GB,54.8221,-7.4743,United Kingdom,,,
647,SC65,0800b77e-5473-11e9-ad7b-42010a840003,GB,54.8087,-7.47446,United Kingdom,,,
648,SC70,0819e64a-5473-11e9-a55c-42010a840003,GB,54.7144,-7.3766,United Kingdom,,,
649,SC75,08474964-5473-11e9-9dc1-42010a840003,GB,54.451549,-6.393503,United Kingdom,,,
650,SC135,085d68c0-5473-11e9-a3f0-42010a840003,GB,54.496159,-6.384416,United Kingdom,,,
651,SC77,08695db0-5473-11e9-bf14-42010a840003,GB,54.482015,-6.354253,United Kingdom,,,
652,SC79,08722fa8-5473-11e9-8534-42010a840003,GB,54.4207,-6.4464,United Kingdom,,,
653,SC73,08847a78-5473-11e9-bec7-42010a840003,GB,54.423635,-6.446591,United Kingdom,,,
654,SC86,087abee8-5473-11e9-bd19-42010a840003,GB,54.422202,-6.44002,United Kingdom,,,
655,C6E3R,08903dc2-5473-11e9-bae8-42010a840003,GB,54.5137,-6.0538,United Kingdom,,,
656,SC59,0899d864-5473-11e9-985b-42010a840003,GB,54.550341,-6.005085,United Kingdom,,,
657,SC143,08a388b4-5473-11e9-beaf-42010a840003,GB,54.836708,-6.683699,United Kingdom,,,
658,SC51,08acb876-5473-11e9-80a6-42010a840003,GB,54.8434,-6.6713,United Kingdom,,,
659,SC132,08c32e62-5473-11e9-9adc-42010a840003,GB,54.600304,-5.912613,United Kingdom,,,
660,SC156,08cedf0a-5473-11e9-ab5c-42010a840003,GB,55.01272,-7.322001,United Kingdom,,,
661,The Outlet Banbridge,08e402d6-5473-11e9-b866-42010a840003,GB,54.33123,-6.277062,United Kingdom,,,
662,Tesla Destination Charger The Outlet,46f53f0e-466d-11e9-9cff-42010a840003,GB,54.331207,-6.276309,United Kingdom,,,
663,SC142,0902fa88-5473-11e9-bbe8-42010a840003,GB,55.133638,-6.663823,United Kingdom,,,
664,SC49,090c31fc-5473-11e9-b69b-42010a840003,GB,55.132465,-6.676898,United Kingdom,,,
665,SC50,092bede4-5473-11e9-b2c9-42010a840003,GB,55.071775,-6.519416,United Kingdom,,,
666,SC160,094004b4-5473-11e9-80c3-42010a840003,GB,54.864446,-6.284769,United Kingdom,,,
667,SC97,094b82b2-5473-11e9-8ea8-42010a840003,GB,54.857101,-6.308798,United Kingdom,,,
668,SC93,0955549a-5473-11e9-a37d-42010a840003,GB,54.877617,-6.346985,United Kingdom,,,
669,SC47,095f8fd2-5473-11e9-a56a-42010a840003,GB,54.8621,-6.2673,United Kingdom,,,
670,SC153,09685810-5473-11e9-8535-42010a840003,GB,54.869939,-6.27494,United Kingdom,,,
671,SC124,09705e66-5473-11e9-882c-42010a840003,GB,54.456951,-7.033401,United Kingdom,,,
672,SC72,097ca7c0-5473-11e9-9e12-42010a840003,GB,54.5399,-6.7,United Kingdom,,,
673,SC76,098456b4-5473-11e9-a463-42010a840003,GB,54.50236,-6.770547,United Kingdom,,,
674,SC122,098c5abc-5473-11e9-bd94-42010a840003,GB,54.512094,-6.763396,United Kingdom,,,
675,Ballee Road Park and Share  Ballymena,09a23f58-5473-11e9-98a3-42010a840003,GB,54.844648,-6.273606,United Kingdom,,,
676,Donnelly & Taggart,26f75330-a8eb-11eb-ad9a-42010a840003,GB,54.845489,-6.273242,United Kingdom,,,
677,SC139,09ac8bf2-5473-11e9-903c-42010a840003,GB,54.582112,-5.979061,United Kingdom,,,
678,C7P3P,09bf587c-5473-11e9-8b4a-42010a840003,GB,55.0709,-6.5013,United Kingdom,,,
679,C6X6S,09d1c912-5473-11e9-b36f-42010a840003,GB,55.0375,-6.9537,United Kingdom,,,
680,SC108,09efc980-5473-11e9-966d-42010a840003,GB,55.052944,-6.951432,United Kingdom,,,
681,SC150,0a2a4aa6-5473-11e9-bb5f-42010a840003,GB,54.919368,-6.915843,United Kingdom,,,
682,SC111,0a3f80a6-5473-11e9-9101-42010a840003,GB,54.347077,-6.269575,United Kingdom,,,
683,SC157,0b47f4b0-5473-11e9-9567-42010a840003,GB,54.349378,-6.2711,United Kingdom,,,
684,SC151,0a4938c6-5473-11e9-aec5-42010a840003,GB,54.855201,-5.803055,United Kingdom,,,
685,SC158,0a5ec420-5473-11e9-8dd2-42010a840003,GB,54.899439,-5.861231,United Kingdom,,,
686,SC53,0a6b6d24-5473-11e9-94c6-42010a840003,GB,55.049487,-6.953681,United Kingdom,,,
687,RC05,0a74da80-5473-11e9-a2b9-42010a840003,GB,54.853932,-6.275528,United Kingdom,,,
688,SC145,0a955efe-5473-11e9-9320-42010a840003,GB,54.749279,-6.44828,United Kingdom,,,
689,RC10,0aa0456c-5473-11e9-8f70-42010a840003,GB,54.676914,-7.352932,United Kingdom,,,
690,RC09,0ab63eda-5473-11e9-9ce7-42010a840003,GB,54.385592,-7.639049,United Kingdom,,,
691,C6UHT,0afd5770-5473-11e9-9d31-42010a840003,GB,54.572268,-5.97053,United Kingdom,,,
692,Musgrave Park Hospital  Stockmans Lane  Belfast  BT9 7JB,535f073e-5473-11e9-93c6-42010a840003,GB,54.566999,-5.97582,United Kingdom,,,
693,Charles Hurst Renault Centre,6779c882-0538-11ea-885d-42010a840003,GB,54.572498,-5.96921,United Kingdom,,,
694,Charles Hurst Nissan Belfast,f06c66b4-a1b7-11eb-b204-42010a840003,GB,54.572228,-5.967961,United Kingdom,,,
695,Robinson Centre  Montgomery Rd  Belfast,0b54537c-5473-11e9-b17d-42010a840003,GB,54.577258,-5.882369,United Kingdom,,,
696,Main Street Crumlin  Antrim,0b920064-5473-11e9-99ed-42010a840003,GB,54.619116,-6.213713,United Kingdom,,,
697,SC115,f8f78bea-c8d5-11e9-8cd8-42010a840003,GB,54.620229,-6.213474,United Kingdom,,,
698,Crumlin Community Centre  Main Street  Crumlin  BT29 4UP,52c39a74-5473-11e9-b11e-42010a840003,GB,54.619369,-6.214091,United Kingdom,,,
699,SC134,0b9c6a86-5473-11e9-89bc-42010a840003,GB,54.37878,-7.31583,United Kingdom,,,
700,SC125,0ba550c4-5473-11e9-b27c-42010a840003,GB,54.466053,-6.084082,United Kingdom,,,
701,SC155,0baffab0-5473-11e9-a47d-42010a840003,GB,54.770986,-6.57608,United Kingdom,,,
702,SC149,0bb8ed78-5473-11e9-ad41-42010a840003,GB,54.793289,-6.785016,United Kingdom,,,
703,C6Y73,0bc2ffac-5473-11e9-9530-42010a840003,GB,54.687176,-5.897521,United Kingdom,,,
704,SC118,0c1bc93e-5473-11e9-8417-42010a840003,GB,54.415433,-6.148908,United Kingdom,,,
705,52013,0d7d9726-5473-11e9-981a-42010a840003,GB,55.87422,-4.36348,United Kingdom,,,
706,50432,0e8cad82-5473-11e9-9eda-42010a840003,GB,54.83519,-4.05245,United Kingdom,,,
707,50796,110fcff8-5473-11e9-8ead-42010a840003,GB,55.865966,-4.303909,United Kingdom,,,
708,50536,112980e2-5473-11e9-8104-42010a840003,GB,55.846862,-4.209706,United Kingdom,,,
709,53516,1142d420-5473-11e9-b75a-42010a840003,GB,55.858672,-4.248631,United Kingdom,,,
710,Buchanan Galleries,1fae385c-ef5d-11ea-9d5e-42010a840003,GB,55.8639,-4.2499,United Kingdom,,,
711,52924,957813b0-79bc-11ec-a301-42010a840003,GB,55.859444,-4.244937,United Kingdom,,,
712,50787,c69efe92-aded-11e9-9727-42010a840003,GB,55.86059,-4.24851,United Kingdom,,,
713,Richmond Street,f0bc5ee8-efb2-11e9-8fc0-42010a840003,GB,55.861488,-4.24416,United Kingdom,,,
714,53602,12d9d4dc-5473-11e9-ba3a-42010a840003,GB,55.867074,-3.977175,United Kingdom,,,
715,60021,15c11b38-5473-11e9-b0ed-42010a840003,GB,55.828996,-4.214668,United Kingdom,,,
716,54099,3d2ca760-44c1-11eb-aa58-42010a840003,GB,55.82967,-4.21391,United Kingdom,,,
717,Barrhead Foundry Sports Centre,196a6eec-5473-11e9-ba05-42010a840003,GB,55.80151,-4.39037,United Kingdom,,,
718,Asda,965fef28-0538-11ea-a693-42010a840003,GB,55.800907,-4.391816,United Kingdom,,,
719,51214,1a30527e-5473-11e9-928b-42010a840003,GB,55.9046,-4.4503,United Kingdom,,,
720,51238,1b87d994-5473-11e9-9f27-42010a840003,GB,55.87406,-4.29432,United Kingdom,,,
721,52070,bc6f5942-2c1e-11ec-a5d7-42010a840003,GB,55.868907,-4.296385,United Kingdom,,,
722,51268,1cb50f3a-5473-11e9-bd93-42010a840003,GB,55.94217,-4.725,United Kingdom,,,
723,50755,1dbca69a-5473-11e9-b5e1-42010a840003,GB,55.868474,-4.289032,United Kingdom,,,
724,SC104,2271d408-5473-11e9-93f5-42010a840003,GB,54.75236,-6.61157,United Kingdom,,,
725,SC85,fc1c119c-c8d5-11e9-b856-42010a840003,GB,54.756389,-6.61048,United Kingdom,,,
726,EH - Welcome Break Abington,32d004e6-5473-11e9-88bd-42010a840003,GB,55.507634,-3.69553,United Kingdom,,,
727,Tesla Supercharger Abington,100a240a-466d-11e9-b63e-42010a840003,GB,55.507062,-3.694858,United Kingdom,,,
728,EH - IKEA Glasgow,379139b4-5473-11e9-9d61-42010a840003,GB,55.870161,-4.358215,United Kingdom,,,
729,EH - IKEA Belfast,379f59e0-5473-11e9-b0dc-42010a840003,GB,54.62046,-5.863654,United Kingdom,,,
730,IKEA Belfast,9ea9063e-540e-11ec-a238-42010a840003,GB,54.6211,-5.863254,United Kingdom,,,
731,EH - Holyhead Clock Tower,4174b104-5473-11e9-bb30-42010a840003,GB,53.309305,-4.627984,United Kingdom,,,
732,Holyhead Clock Tower,703a75da-8b81-11ec-ae91-42010a840003,GB,53.309242,-4.627568,United Kingdom,,,
733,EG Kinmel Park West,4206c63e-5473-11e9-9afe-42010a840003,GB,53.267886,-3.518771,United Kingdom,,,
734,EG Kinmel Park East,437d13d8-5473-11e9-9dfc-42010a840003,GB,53.270576,-3.518701,United Kingdom,,,
735,EH - Cocoa Bean Company,42b068ba-5473-11e9-acee-42010a840003,GB,54.869141,-4.069963,United Kingdom,,,
736,EG Bangor,42f16324-5473-11e9-856b-42010a840003,GB,53.20389,-4.10562,United Kingdom,,,
737,EH - Stranraer,4322a4a2-5473-11e9-a5b8-42010a840003,GB,54.905098,-5.022615,United Kingdom,,,
738,51782,b0670644-87b0-11eb-8c74-42010a840003,GB,54.90256,-5.02617,United Kingdom,,,
739,54147,b279c9c2-af28-11eb-b6ff-42010a840003,GB,54.90471,-5.02194,United Kingdom,,,
740,Roe Valley Country Park  Dogleap Road  Limavady  BT49 9NN,52a209cc-5473-11e9-8f32-42010a840003,GB,55.024137,-6.939751,United Kingdom,,,
741,Roe Valley Country Park,92db9712-93b2-11eb-b372-42010a840003,GB,55.023717,-6.939483,United Kingdom,,,
742,Peatland Park Dungannon  15 Derryhubbert Road  Dungannon  BT71 6NW,52af0f5a-5473-11e9-b5ad-42010a840003,GB,54.483746,-6.616862,United Kingdom,,,
743,Peatlands Park,e3b2c796-96d7-11eb-806a-42010a840003,GB,54.4833,-6.61037,United Kingdom,,,
744,Belfast Zoo  Antrim Road  Belfast  BT36 7PN,52b8b67c-5473-11e9-a685-42010a840003,GB,54.658105,-5.943716,United Kingdom,,,
745,Antrim Civic Centre  Stiles Way  Antrim  BT41 2UB,52ced3ee-5473-11e9-b92a-42010a840003,GB,54.726803,-6.208262,United Kingdom,,,
746,Castle Gardens Antrim  Randalstown Road  Antrim  BT41 4LH,52dbb578-5473-11e9-81d4-42010a840003,GB,54.71886,-6.225851,United Kingdom,,,
747,SC46,0feddd52-b2a3-11e9-b750-42010a840003,GB,54.71771,-6.220326,United Kingdom,,,
748,Council Public Car Park  Castle Street  Antrim  BT41 4JE,f8e8cc18-c8d5-11e9-a6b2-42010a840003,GB,54.7176,-6.2192,United Kingdom,,,
749,Allen Park Golf Centre  Castle Road  Antrim  BT41 4NA,52e88064-5473-11e9-aa66-42010a840003,GB,54.726132,-6.247433,United Kingdom,,,
750,Castle Park Leisure Centre  Church Lane  Lisnaskea  BT92 0LZ,52f661fc-5473-11e9-a05c-42010a840003,GB,54.253583,-7.446717,United Kingdom,,,
751,Monaghan Bros Hyundai Enniskillen,a655b1a2-a8ec-11eb-8edb-42010a840003,GB,54.256908,-7.448854,United Kingdom,,,
752,Marble Arch Caves  Florencecourt  BT94 1EE,530d97d2-5473-11e9-80b8-42010a840003,GB,54.258184,-7.81342,United Kingdom,,,
753,Mossley Mill  Mossley Crescent  Newtownabbey  BT36 5QA,5317363e-5473-11e9-8db0-42010a840003,GB,54.694937,-5.947284,United Kingdom,,,
754,Ballyearl Golf Leisure Complex  Doagh Road  Newtownabbey  BT36 5RZ,5320b092-5473-11e9-b69a-42010a840003,GB,54.700973,-5.956038,United Kingdom,,,
755,Loughshore Park  Shore Road  Newtownabbey  BT37 0PY,5329957c-5473-11e9-86be-42010a840003,GB,54.681245,-5.884091,United Kingdom,,,
756,Belfast City Hospital Multi Storey Car Park  Donegall Road  Belfast  BT9 7AB,53557f52-5473-11e9-aee3-42010a840003,GB,54.587703,-5.943756,United Kingdom,,,
757,Blacks Rd Park & Ride  Blacks Road  Lisburn  BT10 0NF,5369f77a-5473-11e9-85fa-42010a840003,GB,54.555115,-5.998244,United Kingdom,,,
758,INSTAVOLT / AYR 1,5cd55db8-5473-11e9-a2d2-42010a840003,GB,55.476459,-4.589175,United Kingdom,,,
759,Park's Ayr,2a4ff96a-a8eb-11eb-96ec-42010a840003,GB,55.474766,-4.589587,United Kingdom,,,
760,Hyundai Ingram Ayr,a47b27d6-a8ec-11eb-8daa-42010a840003,GB,55.476813,-4.590871,United Kingdom,,,
761,Richard Jones O 231835-480 Cherr,4932cae0-a914-11ec-8e80-42010a840003,GB,55.475743,-4.589031,United Kingdom,,,
762,Richard Jones O 231575-300 Oak A,4afedac6-a914-11ec-817e-42010a840003,GB,55.477022,-4.588177,United Kingdom,,,
763,INSTAVOLT / DUMFRIES 2,5d115336-5473-11e9-a8f7-42010a840003,GB,55.084384,-3.594906,United Kingdom,,,
764,Richard Jones O 231435-518 West,4c3df3f4-a914-11ec-bb94-42010a840003,GB,55.083622,-3.595256,United Kingdom,,,
765,Richard Jones O 231365-261 Delaw,515d2e54-a914-11ec-a26b-42010a840003,GB,55.084466,-3.594279,United Kingdom,,,
766,INSTAVOLT / LIVINGSTON 1,5d2e1fde-5473-11e9-9f7d-42010a840003,GB,55.87366,-3.538595,United Kingdom,,,
767,Richard Jones O 231845-757 7th S,4a682a40-a914-11ec-a13b-42010a840003,GB,55.874227,-3.539156,United Kingdom,,,
768,Richard Jones O 231425-261 High,55e53caa-a914-11ec-b256-42010a840003,GB,55.87385,-3.53844,United Kingdom,,,
769,INSTAVOLT / COATBRIDGE 2,5e88519c-5473-11e9-96c5-42010a840003,GB,55.856314,-4.046433,United Kingdom,,,
770,Richard Jones O 572615-399 Churc,0113f482-a914-11ec-8b2a-42010a840003,GB,55.85538,-4.045956,United Kingdom,,,
771,Richard Jones O 230875-806 Garfi,5b6f4e40-a914-11ec-8b8b-42010a840003,GB,55.85531,-4.046972,United Kingdom,,,
772,INSTAVOLT / KIRKIE 1,5ec392e8-5473-11e9-b62c-42010a840003,GB,55.934649,-4.138548,United Kingdom,,,
773,Richard Jones O 2105305-335 Pine,6487514e-a914-11ec-9d74-42010a840003,GB,55.934359,-4.138993,United Kingdom,,,
774,INSTAVOLT / GLENCAIRN 2,5ecde82e-5473-11e9-a0e3-42010a840003,GB,55.599834,-4.496543,United Kingdom,,,
775,51324,c95a2314-aded-11e9-a893-42010a840003,GB,55.60444,-4.49711,United Kingdom,,,
776,52028,a8448d9e-da76-11e9-9bb3-42010a840003,GB,55.60733,-4.49818,United Kingdom,,,
777,Tesco Extra - Kilmarnock,d3253154-c83f-11eb-977d-42010a840003,GB,55.602081,-4.498962,United Kingdom,,,
778,52963,c7b339e0-2c1e-11ec-a620-42010a840003,GB,55.60768,-4.49574,United Kingdom,,,
779,Richard Jones O 2101685-583 Fran,6359d8aa-a914-11ec-8050-42010a840003,GB,55.599646,-4.496704,United Kingdom,,,
780,COPFS Kilmarnock,1412c86c-86c1-11ec-80d0-42010a840003,GB,55.607712,-4.498246,United Kingdom,,,
781,INSTAVOLT / CREEBRIDGE 1,5f3273de-5473-11e9-8ce7-42010a840003,GB,54.961123,-4.479643,United Kingdom,,,
782,Richard Jones O 2101765-574 Vall,68ed0aa8-a914-11ec-bc4c-42010a840003,GB,54.96155,-4.480059,United Kingdom,,,
783,INSTAVOLT / BELLSHILL 1,5f3ccfb4-5473-11e9-8410-42010a840003,GB,55.819548,-4.025128,United Kingdom,,,
784,Tesco Extra - Bellshill,f3b9234e-3e41-11ec-9a3a-42010a840003,GB,55.819979,-4.022299,United Kingdom,,,
785,Morrisons Bellshill John St,1eb54ec8-94bf-11ec-8431-42010a840003,GB,55.818272,-4.020578,United Kingdom,,,
786,Richard Jones O 2101035-499 Will,6dfff85c-a914-11ec-aeb4-42010a840003,GB,55.819584,-4.024443,United Kingdom,,,
787,Richard Jones O 2100355-989 Wate,6ee66210-a914-11ec-9e43-42010a840003,GB,55.820161,-4.025016,United Kingdom,,,
788,INSTAVOLT / CHARLESTON 1,6004fe94-5473-11e9-b753-42010a840003,GB,55.840736,-4.418157,United Kingdom,,,
789,60195,d53e5a34-c649-11ec-b1f3-42010a840003,GB,55.835335,-4.425919,United Kingdom,,,
790,INSTAVOLT / ARKLESTON 2,6021d71c-5473-11e9-96a7-42010a840003,GB,55.862195,-4.408026,United Kingdom,,,
791,Richard Jones O 572475-745 Churc,ea927800-a913-11ec-966f-42010a840003,GB,55.862884,-4.408212,United Kingdom,,,
792,Richard Jones O 572685-639 Devon,ed29188a-a913-11ec-8e40-42010a840003,GB,55.86256,-4.408935,United Kingdom,,,
793,INSTAVOLT / STEPPS 1,60bf50d2-5473-11e9-8aaa-42010a840003,GB,55.892733,-4.139646,United Kingdom,,,
794,Richard Jones O 231605-541 Bucki,4cd2ebf8-a914-11ec-87f2-42010a840003,GB,55.891831,-4.140536,United Kingdom,,,
795,Richard Jones O 231125-221 Magno,584ebd90-a914-11ec-8d6b-42010a840003,GB,55.892707,-4.139101,United Kingdom,,,
796,INSTAVOLT / UNIVERSE 1,60ff0b64-5473-11e9-b5ae-42010a840003,GB,55.845513,-4.356079,United Kingdom,,,
797,Richard Jones O 231115-926 2nd S,5592cbc8-a914-11ec-a2fa-42010a840003,GB,55.845932,-4.356399,United Kingdom,,,
798,Richard Jones O 230135-824 Washi,5e301cae-a914-11ec-ba48-42010a840003,GB,55.845027,-4.356044,United Kingdom,,,
799,INSTAVOLT / CAMBUSLANG 1,615d34aa-5473-11e9-ac30-42010a840003,GB,55.814153,-4.149966,United Kingdom,,,
800,Richard Jones O 2781725-524 Cree,39dc45bc-a914-11ec-837b-42010a840003,GB,55.814566,-4.149474,United Kingdom,,,
801,INSTAVOLT / AIKENHEAD 1,61e98f9a-5473-11e9-a889-42010a840003,GB,55.832331,-4.247962,United Kingdom,,,
802,51498,c6769218-aded-11e9-9392-42010a840003,GB,55.82731,-4.24797,United Kingdom,,,
803,50643,bd049836-2c1e-11ec-92eb-42010a840003,GB,55.8315,-4.2489,United Kingdom,,,
804,Richard Jones O 571645-773 Sycam,f1d0939a-a913-11ec-9801-42010a840003,GB,55.832022,-4.247593,United Kingdom,,,
805,Richard Jones O 572785-686 Linde,f271f14a-a913-11ec-8849-42010a840003,GB,55.832703,-4.248764,United Kingdom,,,
806,INSTAVOLT / CROFTFOOT 1,6350cf88-5473-11e9-99e5-42010a840003,GB,55.814151,-4.228017,United Kingdom,,,
807,Richard Jones O 2828425-845 Fair,33c00d3a-a914-11ec-adf5-42010a840003,GB,55.814539,-4.228396,United Kingdom,,,
808,Richard Jones O 2828415-11 Front,3553158e-a914-11ec-a652-42010a840003,GB,55.814548,-4.228974,United Kingdom,,,
809,INSTAVOLT / GREENLAW 1,653900d6-5473-11e9-adbf-42010a840003,GB,55.782878,-4.348267,United Kingdom,,,
810,SC144,2c4ac9f6-6802-11e9-9d34-42010a840003,GB,54.705215,-6.089323,United Kingdom,,,
811,Riverside Multi-storey Carpark - Lower Floor - Haverfordwest,2e8a2f3c-7cf1-11e9-803e-42010a840003,GB,51.803309,-4.966814,United Kingdom,,,
812,County Hall Car Park,8334173c-053b-11ea-8f28-42010a840003,GB,51.801676,-4.965982,United Kingdom,,,
813,County Hall Car Park,b786eb7c-7dd4-11ec-ac43-42010a840003,GB,51.800952,-4.96602,United Kingdom,,,
814,C7S6Z,143dd480-a050-11e9-9623-42010a840003,GB,54.5774,-5.88767,United Kingdom,,,
815,TDL Event Services,57a367c8-adeb-11e9-b863-42010a840003,GB,53.252797,-4.307293,United Kingdom,,,
816,Pen yr Orsedd Business,77b328b8-0544-11ea-b121-42010a840003,GB,53.252274,-4.307998,United Kingdom,,,
817,Anglesey Business Centre,ba157ee0-0544-11ea-b612-42010a840003,GB,53.249809,-4.304866,United Kingdom,,,
818,Lidl - Llangefni,b38ab162-9daf-11eb-b401-42010a840003,GB,53.254003,-4.307273,United Kingdom,,,
819,St Peter's Street Car Park,9fb8b3a6-adeb-11e9-9d36-42010a840003,GB,51.859149,-4.303004,United Kingdom,,,
820,St. Peters Car Park,7bad3cec-15a1-11eb-b254-42010a840003,GB,51.858517,-4.303042,United Kingdom,,,
821,John Street Car Park,7bba3e38-15a1-11eb-ac7b-42010a840003,GB,51.858071,-4.305678,United Kingdom,,,
822,51499,8ecd816e-aded-11e9-82f2-42010a840003,GB,54.90591,-5.028857,United Kingdom,,,
823,51082,8eddb066-aded-11e9-a991-42010a840003,GB,55.050129,-3.589891,United Kingdom,,,
824,51125,8ee66486-aded-11e9-aa97-42010a840003,GB,54.95763,-4.485,United Kingdom,,,
825,4797,8f14d230-aded-11e9-8493-42010a840003,GB,55.246353,-4.848446,United Kingdom,,,
826,Girvan Railway Station,e8496d7a-574b-11ec-9fe4-42010a840003,GB,55.24659,-4.848625,United Kingdom,,,
827,50589,8f3603a6-aded-11e9-8f96-42010a840003,GB,54.898946,-4.378684,United Kingdom,,,
828,50700,9c6041e0-aded-11e9-82e6-42010a840003,GB,55.90177,-3.63941,United Kingdom,,,
829,50901,e1da8512-2c1e-11ec-9da7-42010a840003,GB,55.90421,-3.63842,United Kingdom,,,
830,50701,9c6c1722-aded-11e9-a329-42010a840003,GB,55.865512,-3.68869,United Kingdom,,,
831,50822,9d1c513c-aded-11e9-944e-42010a840003,GB,55.886593,-3.523793,United Kingdom,,,
832,50823,cc98cc4c-d7cf-11ec-b1dc-42010a840003,GB,55.883249,-3.521145,United Kingdom,,,
833,50844,9f11ab54-aded-11e9-8261-42010a840003,GB,55.881749,-3.538028,United Kingdom,,,
834,52545,9fadeb0e-aded-11e9-8be9-42010a840003,GB,55.918628,-3.502969,United Kingdom,,,
835,52339,a13b07e0-aded-11e9-864f-42010a840003,GB,55.624132,-3.52563,United Kingdom,,,
836,Douglas Street Car Park,bf74df7e-aded-11e9-938d-42010a840003,GB,55.781149,-4.051544,United Kingdom,,,
837,Montrose Crescent Car park,1dc3781a-574c-11ec-8501-42010a840003,GB,55.777985,-4.051825,United Kingdom,,,
838,Osprey Charging Network Hamilton Shopping Park,4b3089fe-b40e-11ec-9b47-42010a840003,GB,55.779753,-4.055297,United Kingdom,,,
839,Hamilton Shopping Park,34ba087c-ab57-11ec-8120-42010a84002e,GB,55.78054,-4.055279,United Kingdom,,,
840,50318,bfc5d582-aded-11e9-a2b0-42010a840003,GB,55.459243,-4.61825,United Kingdom,,,
841,51793,c071ef2a-aded-11e9-900e-42010a840003,GB,55.459398,-4.623249,United Kingdom,,,
842,51930,c0431b3c-aded-11e9-a233-42010a840003,GB,55.45877,-4.633091,United Kingdom,,,
843,51535,c4a1afe0-aded-11e9-a434-42010a840003,GB,55.45805,-4.62873,United Kingdom,,,
844,51467,dc4893be-41e5-11ec-8c54-42010a840003,GB,55.46516,-4.62829,United Kingdom,,,
845,Landscapes & Contracts,c0c0a340-aded-11e9-9933-42010a840003,GB,55.855026,-4.357028,United Kingdom,,,
846,50616,ab40ca3e-2c1e-11ec-a32e-42010a840003,GB,55.85461,-4.35524,United Kingdom,,,
847,50685,c13e85a8-aded-11e9-b598-42010a840003,GB,55.849985,-4.272938,United Kingdom,,,
848,Springfield Quay  Glasgow,8534691a-23fd-11eb-b3ee-42010a840003,GB,55.854699,-4.273457,United Kingdom,,,
849,60037,8a46a2ea-79bc-11ec-991e-42010a840003,GB,55.856747,-4.270336,United Kingdom,,,
850,50686,c148f074-aded-11e9-b9a0-42010a840003,GB,55.84586,-4.236671,United Kingdom,,,
851,52242,93cec550-1d65-11ea-85fb-42010a840003,GB,55.84574,-4.24206,United Kingdom,,,
852,52241,89bb771a-2c1e-11ec-affa-42010a840003,GB,55.84845,-4.24262,United Kingdom,,,
853,50687,c152de68-aded-11e9-ac0a-42010a840003,GB,55.843053,-4.208553,United Kingdom,,,
854,50749,c2139e82-aded-11e9-9338-42010a840003,GB,55.844683,-4.418556,United Kingdom,,,
855,Richard Jones O 2101005-842 Cent,6e4c0ddc-a914-11ec-8f87-42010a840003,GB,55.841276,-4.418334,United Kingdom,,,
856,52473,c2471e7e-aded-11e9-9f0c-42010a840003,GB,55.598908,-4.481639,United Kingdom,,,
857,50818,c263350a-aded-11e9-bb26-42010a840003,GB,55.495563,-4.612184,United Kingdom,,,
858,53555,5c7ae2c6-44c1-11eb-9edb-42010a840003,GB,55.49512,-4.61278,United Kingdom,,,
859,1094AD30-94C1-4ECB-A1FA-B036F2C14973,57e4b4ae-6d0c-11ea-a6e9-42010a840003,GB,55.496628,-4.612572,United Kingdom,,,
860,52343,c2d0bb0c-aded-11e9-82ca-42010a840003,GB,55.818098,-4.133429,United Kingdom,,,
861,50930,c2ef9932-aded-11e9-8cc6-42010a840003,GB,55.779758,-4.031892,United Kingdom,,,
862,50928,e65da0f6-2c1e-11ec-bedd-42010a840003,GB,55.7761,-4.0316,United Kingdom,,,
863,Palace Grounds,b41c5f5a-b077-11ec-af4b-42010a840066,GB,55.776546,-4.027841,United Kingdom,,,
864,50929,c3175b70-aded-11e9-aef6-42010a840003,GB,55.777536,-4.184025,United Kingdom,,,
865,51009,c35a7842-aded-11e9-8f02-42010a840003,GB,55.901228,-4.312985,United Kingdom,,,
866,50932,c452ef5e-aded-11e9-87dd-42010a840003,GB,55.911601,-4.427095,United Kingdom,,,
867,51196,c56a7c72-aded-11e9-bcc8-42010a840003,GB,55.73663,-3.9742,United Kingdom,,,
868,54146,5ddf2234-a0f7-11eb-b498-42010a840003,GB,55.736763,-3.973135,United Kingdom,,,
869,52345,cb2c9710-2c1e-11ec-a4ef-42010a840003,GB,55.73947,-3.9752,United Kingdom,,,
870,Asda  Broomhill Drive,0db674fa-574b-11ec-b787-42010a840003,GB,55.735512,-3.97417,United Kingdom,,,
871,51209,c57520d2-aded-11e9-a3d2-42010a840003,GB,55.86608,-4.04321,United Kingdom,,,
872,51237,c59d6240-aded-11e9-9099-42010a840003,GB,55.85367,-4.2567,United Kingdom,,,
873,51239,c5a69c48-aded-11e9-aa0d-42010a840003,GB,55.877505,-4.289112,United Kingdom,,,
874,51348,c68bcec6-aded-11e9-a952-42010a840003,GB,55.87685,-4.29033,United Kingdom,,,
875,51242,c5bc17a8-aded-11e9-9fbf-42010a840003,GB,55.86611,-4.2741,United Kingdom,,,
876,50414,578f7bd2-ad5d-11eb-adfd-42010a840003,GB,55.86489,-4.27015,United Kingdom,,,
877,Hilton Glasgow,2a01ed88-3e55-11ec-ac5f-42010a840003,GB,55.862001,-4.268985,United Kingdom,,,
878,51297,c5ec46e4-aded-11e9-8e1a-42010a840003,GB,55.79812,-3.94192,United Kingdom,,,
879,50603,c64168c2-aded-11e9-80fd-42010a840003,GB,55.7681,-4.22359,United Kingdom,,,
880,52528,c6520344-aded-11e9-907b-42010a840003,GB,55.61225,-4.49877,United Kingdom,,,
881,50821,e6a51078-ed58-11e9-898f-42010a840003,GB,55.611416,-4.495081,United Kingdom,,,
882,52023,434efa7a-ff77-11e9-8e32-42010a840003,GB,55.61148,-4.49658,United Kingdom,,,
883,Kilmarnock College,6de56dbe-053a-11ea-8550-42010a840003,GB,55.614155,-4.500185,United Kingdom,,,
884,51349,c694b5ae-aded-11e9-a9d7-42010a840003,GB,55.87094,-4.30968,United Kingdom,,,
885,Harbour Terrace,21b79aac-2401-11eb-b806-42010a840003,GB,55.867637,-4.313723,United Kingdom,,,
886,50500,c708ab9e-aded-11e9-92e2-42010a840003,GB,55.773801,-4.334036,United Kingdom,,,
887,50217,c71b5820-aded-11e9-a2db-42010a840003,GB,55.83529,-4.5123,United Kingdom,,,
888,53131,f79cc4a2-6755-11eb-af6f-42010a840003,GB,55.835777,-4.50992,United Kingdom,,,
889,52655,385f6cc0-86e0-11eb-955d-42010a840003,GB,55.83792,-4.51248,United Kingdom,,,
890,50660,c7816066-aded-11e9-80f2-42010a840003,GB,55.84624,-4.49247,United Kingdom,,,
891,1200-0029/17,c792f02e-aded-11e9-987b-42010a840003,GB,55.7657,-4.18186,United Kingdom,,,
892,52516,aa7711e2-833c-11ec-a15d-42010a840003,GB,55.76596,-4.18126,United Kingdom,,,
893,Cumbernauld Railway Station,c7a45d8c-aded-11e9-adfe-42010a840003,GB,55.9422,-3.98003,United Kingdom,,,
894,52538,c7c8e15c-aded-11e9-90f8-42010a840003,GB,55.79087,-4.33539,United Kingdom,,,
895,50168,c8005cae-aded-11e9-9b07-42010a840003,GB,55.90723,-4.42687,United Kingdom,,,
896,NCE Switchgear Ltd,0934ff20-9655-11ec-a672-42010a840003,GB,55.907691,-4.43368,United Kingdom,,,
897,Lenzie Station South Car Park,c8089dec-aded-11e9-b777-42010a840003,GB,55.92049,-4.15591,United Kingdom,,,
898,1 Station Rd,7e89b228-1404-11ea-b8d1-42010a840003,GB,55.921268,-4.15442,United Kingdom,,,
899,Merryvale Car Park,c87e5992-aded-11e9-a0e2-42010a840003,GB,55.812927,-4.291496,United Kingdom,,,
900,50607,aa851320-2c1e-11ec-80af-42010a840003,GB,55.81261,-4.29128,United Kingdom,,,
901,51004,c8cafa36-aded-11e9-a1a6-42010a840003,GB,55.93498,-3.99242,United Kingdom,,,
902,50507,c8d4eb54-aded-11e9-848e-42010a840003,GB,55.68185,-4.514791,United Kingdom,,,
903,53776,8af05f42-2c1e-11ec-84ea-42010a840003,GB,55.68223,-4.51686,United Kingdom,,,
904,Larbert Train Station,f2c8aa06-5472-11e9-9951-42010a840003,GB,56.023352,-3.83076,United Kingdom,,,
905,54290,6abac9ce-eb8c-11eb-b2de-42010a840003,GB,56.02313,-3.83135,United Kingdom,,,
906,51100,a9cb0052-2c1e-11ec-8e2c-42010a840003,GB,56.0224,-3.8293,United Kingdom,,,
907,51017,9dd28786-aded-11e9-9485-42010a840003,GB,56.0211,-3.90634,United Kingdom,,,
908,52063,69ef5f7a-e001-11e9-a6c9-42010a840003,GB,56.023565,-3.909387,United Kingdom,,,
909,51636,9e18fd6a-aded-11e9-b27c-42010a840003,GB,55.97232,-3.97297,United Kingdom,,,
910,51019,9f4ed01a-aded-11e9-a79e-42010a840003,GB,55.999475,-3.839088,United Kingdom,,,
911,Scottish Canals - Falkirk,4b611a3e-f27b-11ea-ae77-42010a840003,GB,55.999411,-3.839261,United Kingdom,,,
912,51434,a08c06c8-aded-11e9-a2a8-42010a840003,GB,55.99123,-3.794503,United Kingdom,,,
913,51503,c2c6c278-aded-11e9-95f0-42010a840003,GB,56.004185,-4.576319,United Kingdom,,,
914,50690,c3d8b1c6-aded-11e9-bcbc-42010a840003,GB,55.94531,-4.568,United Kingdom,,,
915,60237,88974bf4-692f-11ec-9a45-42010a840003,GB,55.943459,-4.57566,United Kingdom,,,
916,51300,c5fdd36e-aded-11e9-975b-42010a840003,GB,56.004844,-4.593127,United Kingdom,,,
917,50611,c62e1baa-aded-11e9-99cc-42010a840003,GB,55.953943,-4.034499,United Kingdom,,,
918,50647,c74722e8-aded-11e9-9baf-42010a840003,GB,55.95073,-4.7562,United Kingdom,,,
919,Tesco Extra - Greenock,3de0fc62-aa8a-11ec-84ec-42010a840003,GB,55.95019,-4.758336,United Kingdom,,,
920,52524,c7db6516-aded-11e9-97dc-42010a840003,GB,55.94568,-4.75265,United Kingdom,,,
921,53088,32d5bba4-887c-11eb-8c93-42010a840003,GB,55.94632,-4.75257,United Kingdom,,,
922,Cathcart Street Car Park,1fba7d04-574b-11ec-8842-42010a840003,GB,55.946819,-4.75466,United Kingdom,,,
926,50982,19a97916-5473-11e9-a064-42010a840003,GB,56.118049,-3.929117,United Kingdom,,,
927,52255,8915e232-2c1e-11ec-98c7-42010a840003,GB,56.11837,-3.93083,United Kingdom,,,
928,Step,9cab1684-aded-11e9-9276-42010a840003,GB,56.116432,-3.929893,United Kingdom,,,
929,Tesla Destination Charger Forthside Car Park,66b25d30-bdc9-11e9-b063-42010a840003,GB,56.11806,-3.928978,United Kingdom,,,
930,MOTO Stirling Services,3c998bdc-5473-11e9-afa0-42010a840003,GB,56.07613,-3.92206,United Kingdom,,,
931,EH - MOTO Stirling,92eb09b0-8b7b-11ec-a974-42010a840003,GB,56.076402,-3.922355,United Kingdom,,,
932,51708,a0b128ae-aded-11e9-9f10-42010a840003,GB,56.10902,-3.92657,United Kingdom,,,
933,51712,a0bfeb78-aded-11e9-a821-42010a840003,GB,56.114774,-3.93623,United Kingdom,,,
934,Helensburgh Central Rail Station,c852b5a8-aded-11e9-95c6-42010a840003,GB,56.00399,-4.73167,United Kingdom,,,
935,60604,18cf313e-5473-11e9-87be-42010a840003,GB,56.130131,-3.950476,United Kingdom,,,
936,Osprey Charging Highland Gate Pub & Restaurant,fdd392c8-5fdd-11e9-864d-42010a840003,GB,56.133775,-3.964468,United Kingdom,,,
937,APT50917,cf8780ae-2c1e-11ec-9bd2-42010a840003,GB,56.1336,-3.96048,United Kingdom,,,
938,50923,9d8a590c-aded-11e9-a1b2-42010a840003,GB,56.1313,-3.96763,United Kingdom,,,
939,53551,976609b6-2c1e-11ec-95b5-42010a840003,GB,56.13113,-3.96651,United Kingdom,,,
940,51683,a2f3afe0-2c1e-11ec-a342-42010a840003,GB,56.12935,-3.96022,United Kingdom,,,
941,Bridge Of Allan Station,9fceff1a-aded-11e9-abce-42010a840003,GB,56.156546,-3.957039,United Kingdom,,,
942,52506,ac7ed01c-2c1e-11ec-9957-42010a840003,GB,56.15686,-3.95648,United Kingdom,,,
943,Allego Shell Balhaldie,60e07288-72b1-11e9-a2e4-42010a840003,GB,56.225199,-3.915485,United Kingdom,,,
944,51250,9e82295c-aded-11e9-b231-42010a840003,GB,56.29575,-3.7065,United Kingdom,,,
945,50808,9d14063a-aded-11e9-b01e-42010a840003,GB,56.397818,-3.456163,United Kingdom,,,
946,50924,c43d953c-aded-11e9-886f-42010a840003,GB,56.39264,-4.61898,United Kingdom,,,
947,FEFA0437-787E-4853-B572-A825E869441E,4fad78b6-6d0c-11ea-8817-42010a840003,GB,56.393036,-4.619237,United Kingdom,,,
948,51545,c887051a-aded-11e9-9290-42010a840003,GB,55.95735,-4.5613,United Kingdom,,,
949,51144,c8f26210-aded-11e9-b91b-42010a840003,GB,56.00283,-4.73505,United Kingdom,,,
950,52683,bb3abb66-2c1e-11ec-b4ce-42010a840003,GB,56.00205,-4.73566,United Kingdom,,,
951,51081,c4967a76-aded-11e9-99ac-42010a840003,GB,56.4382,-4.71128,United Kingdom,,,
952,51129,eac188ba-2c1e-11ec-a6f2-42010a840003,GB,56.43607,-4.71127,United Kingdom,,,
953,51409,c9191e1e-aded-11e9-899e-42010a840003,GB,55.538041,-4.569341,United Kingdom,,,
954,50851,c92af968-aded-11e9-970d-42010a840003,GB,55.78283,-3.96421,United Kingdom,,,
955,Scottish Ambulance Service,f35651d6-2c1e-11ec-9c4d-42010a840003,GB,55.776482,-3.96296,United Kingdom,,,
956,51554,c975d898-aded-11e9-95e4-42010a840003,GB,55.60399,-4.51111,United Kingdom,,,
957,Mitie - Kilmarnock,bad07498-9daf-11eb-ae6b-42010a840003,GB,55.60687,-4.512885,United Kingdom,,,
958,51571,c9c1235c-aded-11e9-8587-42010a840003,GB,55.87162,-4.26857,United Kingdom,,,
959,Uddingston Railway Station,c9dbe7fa-aded-11e9-8177-42010a840003,GB,55.82338,-4.08666,United Kingdom,,,
960,51634,a9b6617e-2c1e-11ec-96b8-42010a840003,GB,55.82371,-4.08731,United Kingdom,,,
961,51249,1b93bb88-5473-11e9-9e22-42010a840003,GB,56.567729,-3.586438,United Kingdom,,,
962,50649,c73e1bb2-aded-11e9-abb6-42010a840003,GB,56.51782,-4.7677,United Kingdom,,,
963,51682,ca2758fc-aded-11e9-adf6-42010a840003,GB,55.87787,-4.3127,United Kingdom,,,
964,51615,ca32a64e-aded-11e9-b70a-42010a840003,GB,55.35474,-4.68009,United Kingdom,,,
965,51935,ca45bc98-aded-11e9-be92-42010a840003,GB,55.77529,-4.31375,United Kingdom,,,
966,Broom Shops Car Park,6a2b6250-d4f0-11eb-8e7b-42010a840003,GB,55.775127,-4.313195,United Kingdom,,,
967,Neilston Leisure Centre,ca5b3cee-aded-11e9-ae38-42010a840003,GB,55.78596,-4.42379,United Kingdom,,,
968,51097,afd11e9a-4ce5-11ec-a101-42010a840003,GB,55.785736,-4.424457,United Kingdom,,,
969,51973,9b989846-79bc-11ec-a60f-42010a840003,GB,55.7857,-4.4231,United Kingdom,,,
970,51624,ca8087c4-aded-11e9-a73f-42010a840003,GB,55.93326,-4.69151,United Kingdom,,,
971,53086,596e5274-91ed-11eb-a211-42010a840003,GB,55.93396,-4.69025,United Kingdom,,,
972,Bay Street Car Park,a7765f22-2c1e-11ec-b5a8-42010a840003,GB,55.934261,-4.68727,United Kingdom,,,
973,51623,ca8ac7ca-aded-11e9-a9f3-42010a840003,GB,55.95141,-4.76087,United Kingdom,,,
974,51852,ca944232-aded-11e9-9225-42010a840003,GB,55.90878,-4.40482,United Kingdom,,,
975,50281,1f7daf42-5473-11e9-955d-42010a840003,GB,56.703422,-3.738565,United Kingdom,,,
976,Pitlochry Railway Station,9fe9c5d4-aded-11e9-8a64-42010a840003,GB,56.70256,-3.73615,United Kingdom,,,
977,60403,f2136908-2c1e-11ec-b7a9-42010a840003,GB,56.703401,-3.740737,United Kingdom,,,
978,51841,926086d2-aded-11e9-9ef7-42010a840003,GB,56.71383,-4.96253,United Kingdom,,,
979,51853,ca9d75fa-aded-11e9-a228-42010a840003,GB,55.90198,-4.40584,United Kingdom,,,
980,51934,cad7bfbc-aded-11e9-ac44-42010a840003,GB,55.7999,-4.39644,United Kingdom,,,
981,51619,caf5abf8-aded-11e9-ac34-42010a840003,GB,55.8312,-4.03435,United Kingdom,,,
982,Osprey Charging Talardy Hotel & Restaurant,bd61b3f0-b3f7-11e9-b3a4-42010a840003,GB,53.262048,-3.453894,United Kingdom,,,
983,Lidl - East Kilbride,02942dcc-b3fd-11e9-a1c2-42010a840003,GB,55.762825,-4.172763,United Kingdom,,,
984,52331,bdb89d04-2c1e-11ec-a4ab-42010a840003,GB,55.76281,-4.17615,United Kingdom,,,
985,51233,337af71a-b978-11e9-ac02-42010a840003,GB,55.605993,-4.478117,United Kingdom,,,
986,52035,bc0da0e4-2c1e-11ec-a957-42010a840003,GB,55.6065,-4.4787,United Kingdom,,,
987,51067,918cd4b8-aded-11e9-8bdf-42010a840003,GB,56.81693,-5.11116,United Kingdom,,,
988,52029,3a1a5c32-b978-11e9-b4d2-42010a840003,GB,55.44031,-4.63892,United Kingdom,,,
989,52210,821a7064-c47a-11e9-9b0b-42010a840003,GB,56.85182,-4.99923,United Kingdom,,,
990,52008,00485fe4-c60d-11e9-9650-42010a840003,GB,56.83747,-5.0719,United Kingdom,,,
991,52300,f1e47160-539f-11ea-b711-42010a840003,GB,56.83824,-5.07564,United Kingdom,,,
992,51456,9223f4b0-aded-11e9-b3b0-42010a840003,GB,56.909144,-5.844554,United Kingdom,,,
993,Logans of Cloughmills  235 Frosses Road (A26)  Cloughmills  BT44 9PU,fa75e7aa-c8d5-11e9-be05-42010a840003,GB,55.003155,-6.359668,United Kingdom,,,
994,Agnew Street  Larne  BT40 1RF,fab09ee0-c8d5-11e9-96be-42010a840003,GB,54.85198,-5.815645,United Kingdom,,,
995,C6JM0,0738671e-25c4-11eb-8803-42010a840003,GB,54.852279,-5.815372,United Kingdom,,,
996,Agnew Street  Larne (Socket 2),487a5774-3ae0-11eb-87a9-42010a840003,GB,54.852236,-5.816134,United Kingdom,,,
997,Agnew Street,ca86250e-91d3-11ec-a7f2-42010a840003,GB,54.85203,-5.81533,United Kingdom,,,
998,SC120,fb539438-c8d5-11e9-bac9-42010a840003,GB,54.750997,-6.323749,United Kingdom,,,
999,Portglenone Rd Randalstown,48d138f0-3ae0-11eb-9894-42010a840003,GB,54.753928,-6.326239,United Kingdom,,,
1000,50729,904a1ade-aded-11e9-a7d8-42010a840003,GB,57.005165,-5.83129,United Kingdom,,,
1001,52571,ebf126f8-b2be-11ea-a9aa-42010a840003,GB,57.00402,-5.82909,United Kingdom,,,
1002,SC131,fd548c2e-c8d5-11e9-b9f5-42010a840003,GB,54.332131,-6.276053,United Kingdom,,,
1003,SC161,fe1ac29a-c8d5-11e9-bad5-42010a840003,GB,54.5045,-6.027934,United Kingdom,,,
1004,50732,895c997c-aded-11e9-b600-42010a840003,GB,57.190732,-3.828573,United Kingdom,,,
1005,51231,90b3982e-aded-11e9-a047-42010a840003,GB,57.212282,-5.413965,United Kingdom,,,
1006,RC11,02c7583a-c8d6-11e9-887a-42010a840003,GB,54.995194,-7.306255,United Kingdom,,,
1007,RC02,02d33fd8-c8d6-11e9-a865-42010a840003,GB,54.846902,-6.720275,United Kingdom,,,
1008,52341,b48e85b6-cd90-11e9-a5cb-42010a840003,GB,55.777481,-4.050027,United Kingdom,,,
1009,Barrack street Hamilton,9bec2aaa-65a1-11ea-9fff-42010a840003,GB,55.779599,-4.045774,United Kingdom,,,
1010,COPFS Hamilton,9416008c-160b-11ec-a884-42010a840003,GB,55.781621,-4.047044,United Kingdom,,,
1011,52088,5a14e9e0-d5c4-11e9-963a-42010a840003,GB,55.87665,-4.30619,United Kingdom,,,
1012,Beech Road Hub,2f586378-df36-11e9-b44f-42010a840003,GB,55.898995,-4.21447,United Kingdom,,,
1013,52061,69e3509a-e001-11e9-a4e8-42010a840003,GB,56.005033,-3.816935,United Kingdom,,,
1014,60137,e08303e2-d083-11ec-8060-42010a840003,GB,56.002722,-3.813703,United Kingdom,,,
1015,COPFS - Falkirk,ce572896-5d84-11ec-8aa2-42010a840003,GB,56.003506,-3.81612,United Kingdom,,,
1016,52167,84ae352a-e001-11e9-9a3a-42010a840003,GB,55.84838,-4.50519,United Kingdom,,,
1017,Linwood Ambulance Station - Main Entrance,fee37c10-574b-11ec-940b-42010a840003,GB,55.844002,-4.50944,United Kingdom,,,
1018,Linwood Ambulance Station - Yard,fefa22e4-574b-11ec-ac2f-42010a840003,GB,55.843681,-4.50957,United Kingdom,,,
1019,Birdston Car Park,1b130f8c-e3ee-11e9-b7e4-42010a840003,GB,55.9645,-4.1611,United Kingdom,,,
1020,Healthy Living and Enterprise Centre,fa85d29a-e582-11e9-bb08-42010a840003,GB,55.952782,-4.08395,United Kingdom,,,
1021,52091,31aae66c-ebc7-11e9-a244-42010a840003,GB,55.84643,-4.15334,United Kingdom,,,
1022,50633,5cd04582-f14c-11e9-826c-42010a840003,GB,55.992624,-3.794708,United Kingdom,,,
1023,52519,2350135a-003d-11ea-af6e-42010a840003,GB,55.99266,-3.79439,United Kingdom,,,
1024,51374,9eebbb4c-f6cc-11e9-acd5-42010a840003,GB,55.89646,-4.4033,United Kingdom,,,
1025,60227,30e35e36-532f-11ec-a1f3-42010a840003,GB,55.898966,-4.407601,United Kingdom,,,
1026,52369,f3de630a-efb2-11e9-97e2-42010a840003,GB,55.89639,-4.4017,United Kingdom,,,
1027,Paton Mill Retail Park,2ce790d8-f9f7-11e9-a0a2-42010a840003,GB,55.837238,-4.51812,United Kingdom,,,
1028,APT51460,2e3a444e-f9f7-11e9-8464-42010a840003,GB,55.922343,-4.436963,United Kingdom,,,
1029,52053,0853060a-ff77-11e9-99c0-42010a840003,GB,56.02623,-3.81631,United Kingdom,,,
1030,Asda,8d60b11c-052b-11ea-8e2f-42010a840003,GB,55.913921,-4.216193,United Kingdom,,,
1031,Asda  Derrychara Road,9d2da9ba-052b-11ea-be88-42010a840003,GB,54.340916,-7.634006,United Kingdom,,,
1032,Wellington Street,d2c5800c-91d3-11ec-8185-42010a840003,GB,54.33972,-7.62978,United Kingdom,,,
1033,Asda Stores Eniskillen,f4e6c6c0-8119-11ec-9b17-42010a840003,GB,54.340553,-7.633641,United Kingdom,,,
1034,Asda,bff78b50-052b-11ea-9bfe-42010a840003,GB,55.786888,-3.990322,United Kingdom,,,
1035,Asda,d121ee34-052b-11ea-8222-42010a840003,GB,55.886021,-3.69035,United Kingdom,,,
1036,Asda,3e2c1878-0537-11ea-9420-42010a840003,GB,54.427765,-6.434219,United Kingdom,,,
1037,51190,899d8a68-aded-11e9-b9f8-42010a840003,GB,57.34007,-4.00967,United Kingdom,,,
1038,50730,90548a64-aded-11e9-8e22-42010a840003,GB,57.41247,-6.19692,United Kingdom,,,
1039,Glasgow Airport,cf5ef83c-0542-11ea-8eed-42010a840003,GB,55.863523,-4.43499,United Kingdom,,,
1040,The Red Deer,3ab64c42-0544-11ea-a8d2-42010a840003,GB,55.943183,-4.017711,United Kingdom,,,
1041,50287,8f7731de-0561-11ea-a549-42010a840003,GB,55.7836,-3.96943,United Kingdom,,,
1042,50538,8ff4cf68-0561-11ea-b2c0-42010a840003,GB,55.8232,-4.34285,United Kingdom,,,
1043,Tesco Extra - Silverburn,f3a019da-3e41-11ec-9fa4-42010a840003,GB,55.822099,-4.340059,United Kingdom,,,
1044,52347,39ff1ea0-17f0-11ea-b5e0-42010a840003,GB,55.76661,-4.17326,United Kingdom,,,
1045,Donaldson Street,b9f9faf6-18ba-11ea-a52f-42010a840003,GB,55.934299,-4.158,United Kingdom,,,
1046,52082,92c4402c-1d65-11ea-bc80-42010a840003,GB,55.85961,-4.2823,United Kingdom,,,
1047,50541,c49ff206-2154-11ea-a481-42010a840003,GB,55.85971,-4.28267,United Kingdom,,,
1048,Tesla Destination Charger Radisson Red Glasgow,b0057c84-466d-11e9-a5b6-42010a840003,GB,55.858578,-4.283023,United Kingdom,,,
1049,52239,93c5e994-1d65-11ea-82fe-42010a840003,GB,55.84786,-4.25157,United Kingdom,,,
1050,Crown Street Retail Park,90128bd0-2c1e-11ec-88c0-42010a840003,GB,55.8428,-4.25397,United Kingdom,,,
1051,Osprey Charging Jenny Burn Oatlands Pub & Restaurant,2e133c10-2138-11ea-baaa-42010a840003,GB,55.838964,-4.230633,United Kingdom,,,
1052,1612505824-B94060091,ae8f4ce2-2c1e-11ec-8add-42010a840003,GB,55.83339,-4.22824,United Kingdom,,,
1053,Osprey Charging Chain Runner Pub & Restaurant,2e2cbe10-2138-11ea-b57b-42010a840003,GB,55.880439,-3.523649,United Kingdom,,,
1054,50466,cbad3a50-2c1e-11ec-9e7e-42010a840003,GB,55.88273,-3.5194,United Kingdom,,,
1055,West Calder Station,96fcea0c-2154-11ea-99b2-42010a840003,GB,55.853702,-3.566763,United Kingdom,,,
1056,52019,67012a56-221d-11ea-bd54-42010a840003,GB,55.09942,-5.00709,United Kingdom,,,
1057,Osprey Charging Clyde Retail Park  KFC Car Park,a4824ef0-30ff-11ea-8cb9-42010a840003,GB,55.903371,-4.397216,United Kingdom,,,
1058,51777,2d5062dc-3900-11ea-894d-42010a840003,GB,54.837375,-4.050779,United Kingdom,,,
1059,51948,04d12988-4277-11ea-95a7-42010a840003,GB,55.84582,-4.27935,United Kingdom,,,
1060,Osprey Charging Nae Limits Cafe  A9,54251ffe-43e3-11ea-9bb9-42010a840003,GB,56.652122,-3.668684,United Kingdom,,,
1061,The Grange Manor Grangemouth,e7c68c2e-4fce-11ea-8086-42010a840003,GB,56.015499,-3.7461,United Kingdom,,,
1062,52058,97684c5c-59e9-11ea-a7dc-42010a840003,GB,55.98516,-3.71699,United Kingdom,,,
1063,52737,e140340e-5ab4-11ea-a8ff-42010a840003,GB,55.83517,-4.26529,United Kingdom,,,
1064,53137,7df6e9f2-ed02-11ea-aa85-42010a840033,GB,55.83502,-4.26635,United Kingdom,,,
1065,52732,aa70eac8-0a08-11eb-aee5-42010a840033,GB,55.8361,-4.262,United Kingdom,,,
1066,52730,98f1b2ee-79bc-11ec-bfd1-42010a840003,GB,55.834651,-4.26768,United Kingdom,,,
1067,52612,68ea76c4-5d0f-11ea-a22e-42010a840003,GB,55.881988,-4.207273,United Kingdom,,,
1068,52052,bb6f141a-641f-11ea-99ba-42010a840003,GB,56.01093,-3.72153,United Kingdom,,,
1071,Improvement Service,9a59f334-680d-11ea-965f-42010a840003,GB,55.889229,-3.526936,United Kingdom,,,
1072,51899,dce7d166-699e-11ea-9472-42010a840003,GB,55.8327,-4.11426,United Kingdom,,,
1073,52003,659586a4-6a65-11ea-9823-42010a840003,GB,55.4578,-4.63373,United Kingdom,,,
1074,52032,6699cece-221d-11ea-8bc7-42010a840003,GB,55.45522,-4.62659,United Kingdom,,,
1075,52229,6c312bde-7498-11ea-aebd-42010a840003,GB,55.89459,-4.62607,United Kingdom,,,
1076,52923,6daa1c82-7498-11ea-81c3-42010a840003,GB,55.85766,-4.24316,United Kingdom,,,
1077,52689,70f26764-7498-11ea-a894-42010a840003,GB,56.00472,-3.75383,United Kingdom,,,
1078,52935,f1a0e0f6-7561-11ea-9f1c-42010a840003,GB,55.82451,-4.25326,United Kingdom,,,
1079,Tesco Extra - St Rollox,c39bf24a-7bb5-11ea-8f11-42010a840003,GB,55.873467,-4.229403,United Kingdom,,,
1080,Tesco Superstore - Glasgow Craigmarloch,c6db156c-9762-11ea-b263-42010a840003,GB,55.954507,-4.021689,United Kingdom,,,
1081,53032,616d72e2-b1f2-11ea-a10f-42010a840003,GB,55.90135,-3.64491,United Kingdom,,,
1082,52057,6b7a020a-b1f2-11ea-8b9c-42010a840003,GB,56.00162,-3.78575,United Kingdom,,,
1083,52051,bebc3fee-2c1e-11ec-9c9c-42010a840003,GB,56.00224,-3.78661,United Kingdom,,,
1084,51065,116b333e-5473-11e9-a14c-42010a840003,GB,57.473796,-4.229191,United Kingdom,,,
1085,53117,c8bb0fca-2c1e-11ec-86df-42010a840003,GB,57.4737,-4.2334,United Kingdom,,,
1086,EVB-DC325500001,285303bc-ae3d-11eb-9632-42010a84003b,GB,57.469683,-4.23104,United Kingdom,,,
1087,University of Highlands & Islands,121a0bd6-2d86-11ec-9051-42010a840003,GB,57.469389,-4.230244,United Kingdom,,,
1088,APT51187,908d5bf0-aded-11e9-86cc-42010a840003,GB,57.47775,-4.18104,United Kingdom,,,
1089,51521,915255e0-aded-11e9-8a50-42010a840003,GB,57.476832,-4.224654,United Kingdom,,,
1090,502341B9-5D85-4AEC-962E-2FA53DF25135,4f8418ae-6d0c-11ea-a93f-42010a840003,GB,57.479303,-4.223807,United Kingdom,,,
1091,Tesla Supercharger Inverness,45f4c7d6-1043-11eb-b0ba-42010a840033,GB,57.481723,-4.225422,United Kingdom,,,
1092,53035,6f495804-b1f2-11ea-8169-42010a840003,GB,55.86558,-3.72116,United Kingdom,,,
1093,50682,bff26f8e-ba99-11ea-86d9-42010a840003,GB,55.06712,-3.606515,United Kingdom,,,
1094,Dumfries Railway Station,b89ccd7a-39d2-11eb-9f17-42010a840003,GB,55.07233,-3.60454,United Kingdom,,,
1095,53058,95ecdfe2-2c1e-11ec-89e1-42010a840003,GB,55.06698,-3.60713,United Kingdom,,,
1096,60557,630dd8b6-62e6-11ec-9826-42010a840003,GB,55.070759,-3.608537,United Kingdom,,,
1097,61402,6397f456-62e6-11ec-b9be-42010a840003,GB,55.070138,-3.606792,United Kingdom,,,
1098,60587,b83b1938-9474-11ec-96b9-42010a840003,GB,55.069872,-3.60793,United Kingdom,,,
1099,Boat of Garten Community Hall,fb398926-bc2c-11ea-a39f-42010a840003,GB,57.248058,-3.76359,United Kingdom,,,
1100,Spar Shop,73f93a16-bdc0-11ea-aac1-42010a840003,GB,55.781689,-3.9914,United Kingdom,,,
1101,52649,f6004c64-d172-11ea-aaaf-42010a840003,GB,55.84628,-4.41531,United Kingdom,,,
1102,Food Train Renfrewshire,033f2f5c-574c-11ec-889a-42010a840003,GB,55.842899,-4.41042,United Kingdom,,,
1103,60198,36f22bc2-de0f-11ea-a285-42010a840003,GB,55.8578,-4.57897,United Kingdom,,,
1104,53130,05323826-dedb-11ea-b476-42010a840003,GB,55.869956,-4.548582,United Kingdom,,,
1105,Greenrig Car Park,7243fbb6-e200-11ea-b332-42010a840003,GB,55.986229,-3.82922,United Kingdom,,,
1106,52336,04af63e8-e781-11ea-8a28-42010a840003,GB,55.80281,-4.06588,United Kingdom,,,
1107,Green Street Car Park,26706c44-574b-11ec-bc01-42010a840003,GB,55.802601,-4.06585,United Kingdom,,,
1108,51070,90c66aa8-aded-11e9-bdd5-42010a840003,GB,57.594304,-4.428314,United Kingdom,,,
1109,53371,9bd9827a-2c1e-11ec-9341-42010a840003,GB,57.59641,-4.43321,United Kingdom,,,
1110,Tesco Superstore - Dingwall Mart Road,47a0a876-a204-11ec-9a08-42010a840003,GB,57.597358,-4.430193,United Kingdom,,,
1111,52570,29a9eeee-97f8-11ea-9b87-42010a840003,GB,57.586849,-6.377311,United Kingdom,,,
1112,53142,ac39639c-ec3c-11ea-acd4-42010a840033,GB,55.82751,-4.08435,United Kingdom,,,
1113,52733,7d03feb8-ed02-11ea-b6c1-42010a840033,GB,55.85204,-4.29414,United Kingdom,,,
1114,Hanover Scotland,ba1521a6-574b-11ec-b7c0-42010a840003,GB,55.854698,-4.2987,United Kingdom,,,
1115,Glasgow Fort,f573033e-f4d8-11ea-9708-42010a840003,GB,55.87102,-4.137274,United Kingdom,,,
1116,51885,8cbda2a0-aded-11e9-add8-42010a840003,GB,57.61113,-3.61249,United Kingdom,,,
1117,54240,e1aa1f94-2c1e-11ec-ab51-42010a840003,GB,57.60894,-3.61472,United Kingdom,,,
1118,54241,eef0768a-2c1e-11ec-bb69-42010a840003,GB,57.60828,-3.61108,United Kingdom,,,
1119,51611,91c5ea46-aded-11e9-aa46-42010a840003,GB,57.678728,-4.299076,United Kingdom,,,
1120,51884,98358780-c47a-11e9-9da2-42010a840003,GB,57.65364,-3.5942,United Kingdom,,,
1121,50561,49a7c708-3ae0-11eb-ab75-42010a840003,GB,57.6523,-3.59338,United Kingdom,,,
1122,50915,b5101eba-029b-11ea-af3c-42010a840003,GB,57.615864,-3.570071,United Kingdom,,,
1123,51911,8b1fc372-e782-11ea-b1f9-42010a840033,GB,57.61611,-3.57022,United Kingdom,,,
1124,52720,34c0bc70-f72c-11ea-90ad-42010a840033,GB,55.87116,-4.38317,United Kingdom,,,
1125,53233,e801f71e-fe42-11ea-964f-42010a840033,GB,56.82211,-5.08861,United Kingdom,,,
1126,53317,3ab0d566-fa56-11ea-9eb1-42010a840033,GB,55.932387,-3.484957,United Kingdom,,,
1127,Council Car Park  Henry Street (Larne Street)  Ballymena  BT42 3AH,f9851442-c8d5-11e9-821a-42010a840003,GB,54.860408,-6.276699,United Kingdom,,,
1128,SC154,042598b2-25c4-11eb-ac3f-42010a840003,GB,54.860083,-6.277401,United Kingdom,,,
1129,Dowhill Farm GB225,8d544dec-ce3d-11ea-a2de-42010a840003,GB,55.289814,-4.831495,United Kingdom,,,
1130,4752,c7c091dc-aded-11e9-af36-42010a840003,GB,55.86371,-3.981,United Kingdom,,,
1131,53599,957c6afa-2c1e-11ec-9ada-42010a840003,GB,55.86392,-3.97986,United Kingdom,,,
1132,C6M3M,0c34e7de-5473-11e9-971e-42010a840003,GB,54.69481,-6.018397,United Kingdom,,,
1133,50731,905f3054-aded-11e9-9214-42010a840003,GB,57.811266,-4.055741,United Kingdom,,,
1134,Tesco Superstore - Tain,3dfa8772-aa8a-11ec-9286-42010a840003,GB,57.813625,-4.054106,United Kingdom,,,
1135,C7UV7,0c50781e-5473-11e9-b66d-42010a840003,GB,54.4921,-6.06013,United Kingdom,,,
1136,Perth,41b6e452-bc19-11ea-a5b5-42010a840003,GB,56.419289,-3.462969,United Kingdom,,,
1137,Perth SF Connect,8877cf62-a8bf-11eb-8e8f-42010a840003,GB,56.416401,-3.461197,United Kingdom,,,
1138,50221,1e74d81e-5473-11e9-9505-42010a840003,GB,57.895221,-5.160124,United Kingdom,,,
1139,51574,91bb2f0c-aded-11e9-a65e-42010a840003,GB,57.897571,-5.165707,United Kingdom,,,
1140,Royal Dornoch Golf Club,b0139c3e-adeb-11e9-a8cf-42010a840003,GB,57.878997,-4.023322,United Kingdom,,,
1141,Tesla Destination Charger Royal Golf Hotel,6654987c-466d-11e9-843a-42010a840003,GB,57.879504,-4.023029,United Kingdom,,,
1142,Dornoch Caravan & Camping,ab866396-2c1e-11ec-af33-42010a840003,GB,57.876141,-4.02087,United Kingdom,,,
1143,51575,e9376c24-e64a-11e9-b078-42010a840003,GB,57.87981,-4.03394,United Kingdom,,,
1144,Dornoch Castle Hotel,37fcdcb8-b6ac-11ea-8326-42010a840003,GB,57.879772,-4.029431,United Kingdom,,,
1145,53050,8e4cd63e-2c1e-11ec-8731-42010a840003,GB,57.88,-4.03036,United Kingdom,,,
1146,52777,e4c3c0a6-07b0-11eb-9d86-42010a840033,GB,55.86566,-4.11241,United Kingdom,,,
1147,52731,aa67b084-0a08-11eb-b677-42010a840033,GB,55.84226,-4.27304,United Kingdom,,,
1148,Arnold Clark Automobiles Kilbirnie Street,25624e58-a8eb-11eb-88bf-42010a840003,GB,55.846998,-4.268682,United Kingdom,,,
1149,53366,1d534800-134c-11eb-9861-42010a840003,GB,57.22051,-5.41746,United Kingdom,,,
1150,52054,3451af6a-134c-11eb-9f40-42010a840003,GB,55.99537,-3.74923,United Kingdom,,,
1151,53144,1dd2bac4-15a7-11eb-8a0e-42010a840003,GB,57.58572,-3.87111,United Kingdom,,,
1152,51071,e64c0634-2c1e-11ec-8350-42010a840003,GB,57.5856,-3.87073,United Kingdom,,,
1153,Balfour Beatty,0e50f7f8-1932-11eb-90b7-42010a840003,GB,55.834331,-3.981163,United Kingdom,,,
1154,52002,9dd0a4aa-2c1e-11ec-bfa6-42010a840003,GB,55.833969,-3.981148,United Kingdom,,,
1155,50343,c2a03660-2c1e-11ec-9347-42010a840003,GB,55.83428,-3.98197,United Kingdom,,,
1156,Tesla Supercharger Eurocentral,632f1880-238e-11ea-9be7-42010a840003,GB,55.835905,-3.984377,United Kingdom,,,
1157,Port Dundas Road,0e98481a-1932-11eb-87fa-42010a840003,GB,55.867624,-4.254903,United Kingdom,,,
1158,50401,b870a062-2c1e-11ec-98c2-42010a840003,GB,55.86692,-4.25901,United Kingdom,,,
1159,52188,566f8602-5d66-11ec-89fe-42010a840003,GB,55.8681,-4.25852,United Kingdom,,,
1160,Macklin Motors Nissan Glasgow Central,f2a434f2-a1b7-11eb-b758-42010a840003,GB,55.869438,-4.254845,United Kingdom,,,
1161,Tesco Superstore - Burnside,83ce1c88-1b56-11eb-894a-42010a840003,GB,55.818326,-4.201553,United Kingdom,,,
1162,Storage Vault Coatbridge Carpark,911ef690-25f8-11ea-80cb-42010a840003,GB,55.846729,-4.022251,United Kingdom,,,
1163,Whifflet Street,2d0951ec-a8eb-11eb-aea6-42010a840003,GB,55.847194,-4.022996,United Kingdom,,,
1164,51066,89812c4c-aded-11e9-8a39-42010a840003,GB,58.117349,-3.654191,United Kingdom,,,
1165,Storage Vault Cambuslang Carpark,a5d1d36e-1fd5-11eb-9c6c-42010a840003,GB,55.834436,-4.17265,United Kingdom,,,
1166,53269,172a26fa-2491-11eb-a5fd-42010a840003,GB,55.97784,-4.05064,United Kingdom,,,
1167,INSTAVOLT / LOWMOSS 1,61468c14-5473-11e9-a68f-42010a840003,GB,55.920229,-4.211653,United Kingdom,,,
1168,Richard Jones O 2781415-347 Penn,38aa3802-a914-11ec-8a22-42010a840003,GB,55.919429,-4.212612,United Kingdom,,,
1169,Jamsie's Garage  31B Glenshane Road  Maghera  BT46 5JZ,015f84d0-25c4-11eb-8fcf-42010a840003,GB,54.852528,-6.723321,United Kingdom,,,
1170,53427,82b5c420-262a-11eb-a93c-42010a840003,GB,57.46107,-4.26893,United Kingdom,,,
1171,51955,9279343e-aded-11e9-8034-42010a840003,GB,57.46619,-4.27282,United Kingdom,,,
1172,52479,b834d5c6-2e01-11eb-8038-42010a840003,GB,58.01047,-3.85468,United Kingdom,,,
1173,52485,b8460256-2e01-11eb-8c2e-42010a840003,GB,57.97384,-3.97562,United Kingdom,,,
1174,53252,6b0fa2de-305f-11eb-8be1-42010a840003,GB,55.771467,-3.929797,United Kingdom,,,
1175,50434,31c7ac66-344b-11eb-94b6-42010a840003,GB,55.86552,-4.253,United Kingdom,,,
1176,Linthouse Housing Association,485202e4-3453-11eb-8c23-42010a840003,GB,55.864311,-4.32896,United Kingdom,,,
1177,Asda,1a50fa7e-344b-11eb-88ca-42010a840003,GB,57.805901,-4.04825,United Kingdom,,,
1178,Queens View,2073c59e-344b-11eb-9545-42010a840003,GB,55.93718,-4.214732,United Kingdom,,,
1179,Ness Country Park  53 Oughtagh Road  Londonderry  BT47 3TR,6836f9d2-3ae0-11eb-ad82-42010a840003,GB,54.942011,-7.184942,United Kingdom,,,
1180,50231,50ffa006-3ae6-11eb-ac23-42010a840003,GB,56.84271,-5.12247,United Kingdom,,,
1181,52955,d7510e02-3e78-11eb-8f9e-42010a840003,GB,55.62177,-4.499,United Kingdom,,,
1182,53423,9b17c482-400b-11eb-9689-42010a840003,GB,57.14344,-4.68212,United Kingdom,,,
1183,60007,f00884c2-2c1e-11ec-a435-42010a840003,GB,57.14681,-4.68153,United Kingdom,,,
1184,60309,9ad20d02-79bc-11ec-8f4d-42010a840003,GB,57.147013,-4.680334,United Kingdom,,,
1185,50708,4935fc54-3ae0-11eb-ad82-42010a840003,GB,55.05589,-3.59871,United Kingdom,,,
1186,INSTAVOLT / NEWMAINS 1,7e14376a-3ae0-11eb-8b2c-42010a840003,GB,55.781837,-3.878117,United Kingdom,,,
1187,Richard Jones O 6444365-575 Jack,df84e9de-a913-11ec-8206-42010a840003,GB,55.780569,-3.876552,United Kingdom,,,
1188,53511,7e462b4a-40d4-11eb-9562-42010a840003,GB,56.68596,-5.19283,United Kingdom,,,
1189,54123,9a3306de-b951-11eb-bfa6-42010a840003,GB,56.68766,-5.18508,United Kingdom,,,
1190,SeaBeds Luxury Lodge,7e3d18fc-40d4-11eb-acab-42010a840003,GB,56.685349,-5.188443,United Kingdom,,,
1191,52965,5c93c412-44c1-11eb-be78-42010a840003,GB,55.61069,-4.50145,United Kingdom,,,
1192,60163,2914ebd4-41e6-11ec-acce-42010a840003,GB,55.616247,-4.503797,United Kingdom,,,
1193,52976,e5c9dd50-5b89-11eb-a08b-42010a840003,GB,55.4434,-4.51538,United Kingdom,,,
1194,53150,e5f88a74-5b89-11eb-89a5-42010a840003,GB,55.68416,-4.50902,United Kingdom,,,
1195,53332,152b7716-5b8a-11eb-adba-42010a840003,GB,55.85962,-4.03375,United Kingdom,,,
1196,54101,3ca0be02-5c55-11eb-add0-42010a840003,GB,55.76636,-4.16098,United Kingdom,,,
1197,Muiryhall Street Carpark,6b40ec14-62e0-11eb-b07c-42010a840003,GB,55.863411,-4.02223,United Kingdom,,,
1198,Osprey Charging Cumbernauld Retail Park,a28e78c4-681e-11eb-99cc-42010a840003,GB,55.944182,-4.031737,United Kingdom,,,
1199,52704,092a1478-6822-11eb-ad81-42010a840003,GB,55.8639,-4.23812,United Kingdom,,,
1200,52711,9517dec8-2c1e-11ec-a9b6-42010a840003,GB,55.8619,-4.23753,United Kingdom,,,
1201,52709,9647dffa-2c1e-11ec-a6a0-42010a840003,GB,55.86318,-4.23844,United Kingdom,,,
1202,50415,b35d29a6-2c1e-11ec-aff2-42010a840003,GB,55.85956,-4.23661,United Kingdom,,,
1203,53255,ba01e2ee-77db-11eb-94d7-42010a840033,GB,55.775949,-4.153651,United Kingdom,,,
1204,53466,baa89d1e-77db-11eb-9662-42010a840033,GB,55.76246,-4.01476,United Kingdom,,,
1205,53591,eb15ec2e-78a1-11eb-9cdf-42010a840033,GB,55.87355,-4.07139,United Kingdom,,,
1206,53921,cc278a2e-83c9-11eb-9518-42010a840003,GB,55.700022,-3.869929,United Kingdom,,,
1207,Tesco Extra - Shettleston,c327b9a8-8793-11eb-9038-42010a840003,GB,55.853331,-4.162965,United Kingdom,,,
1208,53084,32bee3fc-887c-11eb-94b8-42010a840003,GB,55.96032,-4.79688,United Kingdom,,,
1209,53083,cb55b5b4-2c1e-11ec-9094-42010a840003,GB,55.96053,-4.79688,United Kingdom,,,
1210,Patterton Railway Station,fd9080fc-8c5c-11eb-a906-42010a840003,GB,55.976471,-3.5958,United Kingdom,,,
1211,Linlithgow Train Station,f6f253c8-574b-11ec-abf8-42010a840003,GB,55.976368,-3.595147,United Kingdom,,,
1212,52532,6806bf1a-d7ce-11ec-8153-42010a840003,GB,55.976433,-3.594798,United Kingdom,,,
1213,53081,e89bfd16-9120-11eb-a9aa-42010a840003,GB,55.94097,-4.71857,United Kingdom,,,
1214,SC148,0469616e-25c4-11eb-bed6-42010a840003,GB,55.062991,-6.49632,United Kingdom,,,
1215,RC06,0ef78a2e-b2a3-11e9-ae3b-42010a840003,GB,54.845883,-5.8063,United Kingdom,,,
1216,Tesco Extra - Perth,c3bac4dc-9daf-11eb-bf97-42010a840003,GB,56.408223,-3.479582,United Kingdom,,,
1217,Tesco Superstore - Bo Ness,c52ed2ae-9daf-11eb-b198-42010a840003,GB,56.017952,-3.603407,United Kingdom,,,
1218,52059,e08bdf62-2c1e-11ec-9d88-42010a840003,GB,56.01857,-3.60757,United Kingdom,,,
1219,Tesco Superstore - Dumfries Peel Centre,1ff6924e-9db0-11eb-944e-42010a840003,GB,55.075025,-3.582216,United Kingdom,,,
1220,54041,3f155daa-a0f7-11eb-aadc-42010a840003,GB,55.96258,-3.97536,United Kingdom,,,
1221,54043,3f3cc214-a0f7-11eb-85df-42010a840003,GB,55.81954,-3.79251,United Kingdom,,,
1222,53496,3df2a21a-3d2e-11ec-8f4b-42010a840003,GB,55.81919,-3.78957,United Kingdom,,,
1223,51860,af49a6e4-cdfe-11e9-ac28-42010a840003,GB,58.589635,-3.516517,United Kingdom,,,
1224,52718,1bb20240-a733-11eb-b3f9-42010a840003,GB,57.59773,-3.70648,United Kingdom,,,
1225,52911,20725e06-a733-11eb-8ea3-42010a840003,GB,55.35626,-4.78229,United Kingdom,,,
1226,53819,292029fc-a733-11eb-8660-42010a840003,GB,55.82929,-4.05278,United Kingdom,,,
1227,52650,6f532744-a733-11eb-a239-42010a840003,GB,55.8779,-4.38432,United Kingdom,,,
1228,53227,b986fc80-b4a0-11eb-91cf-42010a840003,GB,56.0629,-3.87034,United Kingdom,,,
1229,Tesco Extra - Port Glasgow,f37da522-b9fc-11eb-b762-42010a840003,GB,55.936222,-4.69455,United Kingdom,,,
1230,McDonald's - Port Glasgow,10542f1c-3ba5-11eb-baca-42010a840003,GB,55.934744,-4.693144,United Kingdom,,,
1231,Tesco Superstore - Lesmahagow,7008fd00-bef6-11eb-8bf6-42010a840003,GB,55.650127,-3.89375,United Kingdom,,,
1232,Tesco Extra - Wishaw Belhaven,3412de9a-c43e-11eb-b077-42010a840003,GB,55.77474,-3.927804,United Kingdom,,,
1233,Tesco Extra - Ayr,357af3b2-c43e-11eb-b554-42010a840003,GB,55.468228,-4.608167,United Kingdom,,,
1234,Tesco Superstore - Uddingston,371a33ae-c43e-11eb-98bc-42010a840003,GB,55.816235,-4.082068,United Kingdom,,,
1235,53701,e1183316-c91f-11eb-a6f6-42010a840003,GB,55.95078,-3.98617,United Kingdom,,,
1236,54008,e1848804-c91f-11eb-b05c-42010a840003,GB,55.8313,-3.93061,United Kingdom,,,
1237,NewHouse Car park,ac14c028-2c1e-11ec-9ca2-42010a840003,GB,55.831528,-3.930368,United Kingdom,,,
1238,54267,31ce9e58-cde9-11eb-b2aa-42010a840003,GB,55.817438,-4.027086,United Kingdom,,,
1239,Lidl - Bellshill,21326c0c-5fc3-11ec-a86c-42010a840003,GB,55.820534,-4.034183,United Kingdom,,,
1240,Harthill North SF Connect,8fd51578-dbf3-11eb-ae6f-42010a840003,GB,55.863537,-3.761323,United Kingdom,,,
1241,Harthill South SF Connect,955c470a-dbf3-11eb-9cb9-42010a840003,GB,55.862797,-3.757783,United Kingdom,,,
1242,53800,f33d233c-5d65-11ec-8ef0-42010a840003,GB,55.86169,-3.7586,United Kingdom,,,
1243,54183,83f3d00c-eb8c-11eb-bc4e-42010a840003,GB,56.10431,-3.8745,United Kingdom,,,
1244,54265,843e3476-eb8c-11eb-820f-42010a840003,GB,56.08211,-3.86828,United Kingdom,,,
1245,53939,9a847498-eb8c-11eb-b84e-42010a840003,GB,55.89228,-4.14314,United Kingdom,,,
1246,54010,9ae3f7f6-eb8c-11eb-9888-42010a840003,GB,55.9453,-4.00354,United Kingdom,,,
1247,54103,9b64839e-eb8c-11eb-8627-42010a840003,GB,55.879397,-4.269245,United Kingdom,,,
1248,Lidl - Maryhill,f2c07aaa-3e41-11ec-8181-42010a840003,GB,55.875448,-4.269524,United Kingdom,,,
1249,51570,c9b784a0-aded-11e9-b657-42010a840003,GB,55.87861,-4.27073,United Kingdom,,,
1250,54282,0777682a-ec47-11eb-9157-42010a840003,GB,56.118426,-3.913033,United Kingdom,,,
1251,Energy Assets Utilities,ca9ec6ee-574b-11ec-9130-42010a840003,GB,56.11665,-3.91445,United Kingdom,,,
1252,Asda,ade3f4f8-fdcc-11eb-b6d4-42010a840003,GB,55.734493,-3.977958,United Kingdom,,,
1253,Asda Inverness,fb3790ec-09b7-11ec-b3d5-42010a840003,GB,57.451607,-4.215617,United Kingdom,,,
1254,Braehead Foods Kilmarnock,3ffa1666-1d20-11ec-bb7a-42010a840003,GB,55.604517,-4.53807,United Kingdom,,,
1255,52118,879ec1a8-2c1e-11ec-9029-42010a840003,GB,55.853724,-4.261707,United Kingdom,,,
1256,53265,87f51e36-2c1e-11ec-9e8e-42010a840003,GB,55.86087,-4.03989,United Kingdom,,,
1257,53260,886dbbd4-2c1e-11ec-b148-42010a840003,GB,58.5895,-3.52063,United Kingdom,,,
1258,54191,88976308-2c1e-11ec-87c5-42010a840003,GB,56.02734,-3.91851,United Kingdom,,,
1259,52681,88a5ef40-2c1e-11ec-8f9a-42010a840003,GB,57.28258,-5.71613,United Kingdom,,,
1260,54150,88c57c7a-2c1e-11ec-a71a-42010a840003,GB,55.46748,-3.65049,United Kingdom,,,
1261,54218,89f74a74-2c1e-11ec-ab49-42010a840003,GB,57.58836,-4.53852,United Kingdom,,,
1262,Crystal House,37f4e0f8-b6ac-11ea-8fce-42010a840003,GB,57.588539,-4.539995,United Kingdom,,,
1263,53777,8aff8152-2c1e-11ec-ba1a-42010a840003,GB,55.51599,-4.60279,United Kingdom,,,
1264,53637,8b4ac59a-2c1e-11ec-a355-42010a840003,GB,55.97315,-3.70113,United Kingdom,,,
1265,54292,8b59fb5a-2c1e-11ec-a766-42010a840003,GB,56.01761,-3.78128,United Kingdom,,,
1266,53918,8b98db4a-2c1e-11ec-a32c-42010a840003,GB,56.10693,-3.93593,United Kingdom,,,
1267,53904,8ba71570-2c1e-11ec-9eab-42010a840003,GB,55.79901,-4.10088,United Kingdom,,,
1268,52004,8c66bdee-2c1e-11ec-9206-42010a840003,GB,55.08827,-3.64111,United Kingdom,,,
1269,52729,8d30d8f4-2c1e-11ec-9cc9-42010a840003,GB,55.9165,-4.2331,United Kingdom,,,
1270,Robroyston,8ebc4320-2c1e-11ec-be98-42010a840003,GB,55.887299,-4.1727,United Kingdom,,,
1271,53048,90f7d000-2c1e-11ec-b81d-42010a840003,GB,57.812592,-4.044106,United Kingdom,,,
1272,53585,9ab4b860-2c1e-11ec-829a-42010a840003,GB,55.91129,-4.09084,United Kingdom,,,
1273,53581,9aee5778-2c1e-11ec-89f9-42010a840003,GB,55.94443,-4.03665,United Kingdom,,,
1274,54192,9efc8db2-2c1e-11ec-b6e0-42010a840003,GB,55.88309,-4.26437,United Kingdom,,,
1275,53450,9f0d3702-2c1e-11ec-a11d-42010a840003,GB,55.87056,-4.32335,United Kingdom,,,
1276,3062,a7874832-2c1e-11ec-86dc-42010a840003,GB,55.8887,-3.73846,United Kingdom,,,
1277,Sibbald Training,9cfb1454-aded-11e9-8b26-42010a840003,GB,55.888971,-3.738171,United Kingdom,,,
1278,Schuh Deans Industrial Estate,a91e6040-2c1e-11ec-9e31-42010a840003,GB,55.89724,-3.58445,United Kingdom,,,
1279,51096,aa060670-2c1e-11ec-982c-42010a840003,GB,55.7975,-4.302,United Kingdom,,,
1280,51098,acb4cda2-2c1e-11ec-9674-42010a840003,GB,55.78128,-4.26798,United Kingdom,,,
1281,Croy Railway Station,acd58d4e-2c1e-11ec-8b60-42010a840003,GB,55.955429,-4.03638,United Kingdom,,,
1282,52501,ad1da638-2c1e-11ec-aa8f-42010a840003,GB,55.88662,-3.69295,United Kingdom,,,
1283,51933,adc33242-2c1e-11ec-8a93-42010a840003,GB,55.7924,-4.27729,United Kingdom,,,
1284,50973,b170b734-2c1e-11ec-950b-42010a840003,GB,57.40176,-6.20087,United Kingdom,,,
1285,50543,b6a41854-2c1e-11ec-97d5-42010a840003,GB,55.99259,-4.586,United Kingdom,,,
